environment,method,seed,env_step,return
Asterix-MinAtar,Phi-TD MoG,1,131072.0,0.4565044045448303
Asterix-MinAtar,Phi-TD MoG,1,262144.0,0.4565044045448303
Asterix-MinAtar,Phi-TD MoG,1,393216.0,0.4565044045448303
Asterix-MinAtar,Phi-TD MoG,1,524288.0,4.243842124938965
Asterix-MinAtar,Phi-TD MoG,1,655360.0,4.243842124938965
Asterix-MinAtar,Phi-TD MoG,1,786432.0,4.243842124938965
Asterix-MinAtar,Phi-TD MoG,1,917504.0,4.243842124938965
Asterix-MinAtar,Phi-TD MoG,1,1048576.0,39.673912048339844
Asterix-MinAtar,Phi-TD MoG,1,1179648.0,39.673912048339844
Asterix-MinAtar,Phi-TD MoG,1,1310720.0,39.673912048339844
Asterix-MinAtar,Phi-TD MoG,1,1441792.0,39.673912048339844
Asterix-MinAtar,Phi-TD MoG,1,1572864.0,5.665929317474365
Asterix-MinAtar,Phi-TD MoG,1,1703936.0,5.665929317474365
Asterix-MinAtar,Phi-TD MoG,1,1835008.0,5.665929317474365
Asterix-MinAtar,Phi-TD MoG,1,1966080.0,5.665929317474365
Asterix-MinAtar,Phi-TD MoG,1,2097152.0,62.69767379760742
Asterix-MinAtar,Phi-TD MoG,1,2228224.0,62.69767379760742
Asterix-MinAtar,Phi-TD MoG,1,2359296.0,62.69767379760742
Asterix-MinAtar,Phi-TD MoG,1,2490368.0,62.69767379760742
Asterix-MinAtar,Phi-TD MoG,1,2621440.0,56.503761291503906
Asterix-MinAtar,Phi-TD MoG,1,2752512.0,56.503761291503906
Asterix-MinAtar,Phi-TD MoG,1,2883584.0,56.503761291503906
Asterix-MinAtar,Phi-TD MoG,1,3014656.0,69.0
Asterix-MinAtar,Phi-TD MoG,1,3145728.0,69.0
Asterix-MinAtar,Phi-TD MoG,1,3276800.0,69.0
Asterix-MinAtar,Phi-TD MoG,1,3407872.0,69.0
Asterix-MinAtar,Phi-TD MoG,1,3538944.0,55.7578125
Asterix-MinAtar,Phi-TD MoG,1,3670016.0,55.7578125
Asterix-MinAtar,Phi-TD MoG,1,3801088.0,55.7578125
Asterix-MinAtar,Phi-TD MoG,1,3932160.0,55.7578125
Asterix-MinAtar,Phi-TD MoG,1,4063232.0,68.1875
Asterix-MinAtar,Phi-TD MoG,1,4194304.0,68.1875
Asterix-MinAtar,Phi-TD MoG,1,4325376.0,68.1875
Asterix-MinAtar,Phi-TD MoG,1,4456448.0,68.1875
Asterix-MinAtar,Phi-TD MoG,1,4587520.0,70.171875
Asterix-MinAtar,Phi-TD MoG,1,4718592.0,70.171875
Asterix-MinAtar,Phi-TD MoG,1,4849664.0,70.171875
Asterix-MinAtar,Phi-TD MoG,1,4980736.0,70.171875
Asterix-MinAtar,Phi-TD MoG,1,5111808.0,63.71875
Asterix-MinAtar,Phi-TD MoG,1,5242880.0,63.71875
Asterix-MinAtar,Phi-TD MoG,1,5373952.0,63.71875
Asterix-MinAtar,Phi-TD MoG,1,5505024.0,71.5234375
Asterix-MinAtar,Phi-TD MoG,1,5636096.0,71.5234375
Asterix-MinAtar,Phi-TD MoG,1,5767168.0,71.5234375
Asterix-MinAtar,Phi-TD MoG,1,5898240.0,71.5234375
Asterix-MinAtar,Phi-TD MoG,1,6029312.0,70.6328125
Asterix-MinAtar,Phi-TD MoG,1,6160384.0,70.6328125
Asterix-MinAtar,Phi-TD MoG,1,6291456.0,70.6328125
Asterix-MinAtar,Phi-TD MoG,1,6422528.0,70.6328125
Asterix-MinAtar,Phi-TD MoG,1,6553600.0,70.3984375
Asterix-MinAtar,Phi-TD MoG,1,6684672.0,70.3984375
Asterix-MinAtar,Phi-TD MoG,1,6815744.0,70.3984375
Asterix-MinAtar,Phi-TD MoG,1,6946816.0,70.3984375
Asterix-MinAtar,Phi-TD MoG,1,7077888.0,67.875
Asterix-MinAtar,Phi-TD MoG,1,7208960.0,67.875
Asterix-MinAtar,Phi-TD MoG,1,7340032.0,67.875
Asterix-MinAtar,Phi-TD MoG,1,7471104.0,67.875
Asterix-MinAtar,Phi-TD MoG,1,7602176.0,70.9765625
Asterix-MinAtar,Phi-TD MoG,1,7733248.0,70.9765625
Asterix-MinAtar,Phi-TD MoG,1,7864320.0,70.9765625
Asterix-MinAtar,Phi-TD MoG,1,7995392.0,71.625
Asterix-MinAtar,Phi-TD MoG,1,8126464.0,71.625
Asterix-MinAtar,Phi-TD MoG,1,8257536.0,71.625
Asterix-MinAtar,Phi-TD MoG,1,8388608.0,71.625
Asterix-MinAtar,Phi-TD MoG,1,8519680.0,73.953125
Asterix-MinAtar,Phi-TD MoG,1,8650752.0,73.953125
Asterix-MinAtar,Phi-TD MoG,1,8781824.0,73.953125
Asterix-MinAtar,Phi-TD MoG,1,8912896.0,73.953125
Asterix-MinAtar,Phi-TD MoG,1,9043968.0,72.765625
Asterix-MinAtar,Phi-TD MoG,1,9175040.0,72.765625
Asterix-MinAtar,Phi-TD MoG,1,9306112.0,72.765625
Asterix-MinAtar,Phi-TD MoG,1,9437184.0,72.765625
Asterix-MinAtar,Phi-TD MoG,1,9568256.0,73.03125
Asterix-MinAtar,Phi-TD MoG,1,9699328.0,73.03125
Asterix-MinAtar,Phi-TD MoG,1,9830400.0,73.03125
Asterix-MinAtar,Phi-TD MoG,1,9961472.0,73.03125
Asterix-MinAtar,Phi-TD MoG,2,131072.0,0.4515612721443176
Asterix-MinAtar,Phi-TD MoG,2,262144.0,0.4515612721443176
Asterix-MinAtar,Phi-TD MoG,2,393216.0,0.4515612721443176
Asterix-MinAtar,Phi-TD MoG,2,524288.0,2.8485372066497803
Asterix-MinAtar,Phi-TD MoG,2,655360.0,2.8485372066497803
Asterix-MinAtar,Phi-TD MoG,2,786432.0,2.8485372066497803
Asterix-MinAtar,Phi-TD MoG,2,917504.0,2.8485372066497803
Asterix-MinAtar,Phi-TD MoG,2,1048576.0,5.747967720031738
Asterix-MinAtar,Phi-TD MoG,2,1179648.0,5.747967720031738
Asterix-MinAtar,Phi-TD MoG,2,1310720.0,5.747967720031738
Asterix-MinAtar,Phi-TD MoG,2,1441792.0,5.747967720031738
Asterix-MinAtar,Phi-TD MoG,2,1572864.0,24.52666473388672
Asterix-MinAtar,Phi-TD MoG,2,1703936.0,24.52666473388672
Asterix-MinAtar,Phi-TD MoG,2,1835008.0,24.52666473388672
Asterix-MinAtar,Phi-TD MoG,2,1966080.0,24.52666473388672
Asterix-MinAtar,Phi-TD MoG,2,2097152.0,63.203125
Asterix-MinAtar,Phi-TD MoG,2,2228224.0,63.203125
Asterix-MinAtar,Phi-TD MoG,2,2359296.0,63.203125
Asterix-MinAtar,Phi-TD MoG,2,2490368.0,63.203125
Asterix-MinAtar,Phi-TD MoG,2,2621440.0,50.60769271850586
Asterix-MinAtar,Phi-TD MoG,2,2752512.0,50.60769271850586
Asterix-MinAtar,Phi-TD MoG,2,2883584.0,50.60769271850586
Asterix-MinAtar,Phi-TD MoG,2,3014656.0,65.21875
Asterix-MinAtar,Phi-TD MoG,2,3145728.0,65.21875
Asterix-MinAtar,Phi-TD MoG,2,3276800.0,65.21875
Asterix-MinAtar,Phi-TD MoG,2,3407872.0,65.21875
Asterix-MinAtar,Phi-TD MoG,2,3538944.0,67.34375
Asterix-MinAtar,Phi-TD MoG,2,3670016.0,67.34375
Asterix-MinAtar,Phi-TD MoG,2,3801088.0,67.34375
Asterix-MinAtar,Phi-TD MoG,2,3932160.0,67.34375
Asterix-MinAtar,Phi-TD MoG,2,4063232.0,66.3203125
Asterix-MinAtar,Phi-TD MoG,2,4194304.0,66.3203125
Asterix-MinAtar,Phi-TD MoG,2,4325376.0,66.3203125
Asterix-MinAtar,Phi-TD MoG,2,4456448.0,66.3203125
Asterix-MinAtar,Phi-TD MoG,2,4587520.0,67.953125
Asterix-MinAtar,Phi-TD MoG,2,4718592.0,67.953125
Asterix-MinAtar,Phi-TD MoG,2,4849664.0,67.953125
Asterix-MinAtar,Phi-TD MoG,2,4980736.0,67.953125
Asterix-MinAtar,Phi-TD MoG,2,5111808.0,63.023075103759766
Asterix-MinAtar,Phi-TD MoG,2,5242880.0,63.023075103759766
Asterix-MinAtar,Phi-TD MoG,2,5373952.0,63.023075103759766
Asterix-MinAtar,Phi-TD MoG,2,5505024.0,65.8046875
Asterix-MinAtar,Phi-TD MoG,2,5636096.0,65.8046875
Asterix-MinAtar,Phi-TD MoG,2,5767168.0,65.8046875
Asterix-MinAtar,Phi-TD MoG,2,5898240.0,65.8046875
Asterix-MinAtar,Phi-TD MoG,2,6029312.0,65.59375
Asterix-MinAtar,Phi-TD MoG,2,6160384.0,65.59375
Asterix-MinAtar,Phi-TD MoG,2,6291456.0,65.59375
Asterix-MinAtar,Phi-TD MoG,2,6422528.0,65.59375
Asterix-MinAtar,Phi-TD MoG,2,6553600.0,62.9921875
Asterix-MinAtar,Phi-TD MoG,2,6684672.0,62.9921875
Asterix-MinAtar,Phi-TD MoG,2,6815744.0,62.9921875
Asterix-MinAtar,Phi-TD MoG,2,6946816.0,62.9921875
Asterix-MinAtar,Phi-TD MoG,2,7077888.0,69.859375
Asterix-MinAtar,Phi-TD MoG,2,7208960.0,69.859375
Asterix-MinAtar,Phi-TD MoG,2,7340032.0,69.859375
Asterix-MinAtar,Phi-TD MoG,2,7471104.0,69.859375
Asterix-MinAtar,Phi-TD MoG,2,7602176.0,70.421875
Asterix-MinAtar,Phi-TD MoG,2,7733248.0,70.421875
Asterix-MinAtar,Phi-TD MoG,2,7864320.0,70.421875
Asterix-MinAtar,Phi-TD MoG,2,7995392.0,73.25
Asterix-MinAtar,Phi-TD MoG,2,8126464.0,73.25
Asterix-MinAtar,Phi-TD MoG,2,8257536.0,73.25
Asterix-MinAtar,Phi-TD MoG,2,8388608.0,73.25
Asterix-MinAtar,Phi-TD MoG,2,8519680.0,71.546875
Asterix-MinAtar,Phi-TD MoG,2,8650752.0,71.546875
Asterix-MinAtar,Phi-TD MoG,2,8781824.0,71.546875
Asterix-MinAtar,Phi-TD MoG,2,8912896.0,71.546875
Asterix-MinAtar,Phi-TD MoG,2,9043968.0,64.78125
Asterix-MinAtar,Phi-TD MoG,2,9175040.0,64.78125
Asterix-MinAtar,Phi-TD MoG,2,9306112.0,64.78125
Asterix-MinAtar,Phi-TD MoG,2,9437184.0,64.78125
Asterix-MinAtar,Phi-TD MoG,2,9568256.0,74.7734375
Asterix-MinAtar,Phi-TD MoG,2,9699328.0,74.7734375
Asterix-MinAtar,Phi-TD MoG,2,9830400.0,74.7734375
Asterix-MinAtar,Phi-TD MoG,2,9961472.0,74.7734375
Asterix-MinAtar,Phi-TD MoG,3,131072.0,0.49787598848342896
Asterix-MinAtar,Phi-TD MoG,3,262144.0,0.49787598848342896
Asterix-MinAtar,Phi-TD MoG,3,393216.0,0.49787598848342896
Asterix-MinAtar,Phi-TD MoG,3,524288.0,14.30379867553711
Asterix-MinAtar,Phi-TD MoG,3,655360.0,14.30379867553711
Asterix-MinAtar,Phi-TD MoG,3,786432.0,14.30379867553711
Asterix-MinAtar,Phi-TD MoG,3,917504.0,14.30379867553711
Asterix-MinAtar,Phi-TD MoG,3,1048576.0,0.9163346886634827
Asterix-MinAtar,Phi-TD MoG,3,1179648.0,0.9163346886634827
Asterix-MinAtar,Phi-TD MoG,3,1310720.0,0.9163346886634827
Asterix-MinAtar,Phi-TD MoG,3,1441792.0,0.9163346886634827
Asterix-MinAtar,Phi-TD MoG,3,1572864.0,27.401273727416992
Asterix-MinAtar,Phi-TD MoG,3,1703936.0,27.401273727416992
Asterix-MinAtar,Phi-TD MoG,3,1835008.0,27.401273727416992
Asterix-MinAtar,Phi-TD MoG,3,1966080.0,27.401273727416992
Asterix-MinAtar,Phi-TD MoG,3,2097152.0,63.90625
Asterix-MinAtar,Phi-TD MoG,3,2228224.0,63.90625
Asterix-MinAtar,Phi-TD MoG,3,2359296.0,63.90625
Asterix-MinAtar,Phi-TD MoG,3,2490368.0,63.90625
Asterix-MinAtar,Phi-TD MoG,3,2621440.0,59.5859375
Asterix-MinAtar,Phi-TD MoG,3,2752512.0,59.5859375
Asterix-MinAtar,Phi-TD MoG,3,2883584.0,59.5859375
Asterix-MinAtar,Phi-TD MoG,3,3014656.0,60.34375
Asterix-MinAtar,Phi-TD MoG,3,3145728.0,60.34375
Asterix-MinAtar,Phi-TD MoG,3,3276800.0,60.34375
Asterix-MinAtar,Phi-TD MoG,3,3407872.0,60.34375
Asterix-MinAtar,Phi-TD MoG,3,3538944.0,68.2109375
Asterix-MinAtar,Phi-TD MoG,3,3670016.0,68.2109375
Asterix-MinAtar,Phi-TD MoG,3,3801088.0,68.2109375
Asterix-MinAtar,Phi-TD MoG,3,3932160.0,68.2109375
Asterix-MinAtar,Phi-TD MoG,3,4063232.0,62.6015625
Asterix-MinAtar,Phi-TD MoG,3,4194304.0,62.6015625
Asterix-MinAtar,Phi-TD MoG,3,4325376.0,62.6015625
Asterix-MinAtar,Phi-TD MoG,3,4456448.0,62.6015625
Asterix-MinAtar,Phi-TD MoG,3,4587520.0,61.16030502319336
Asterix-MinAtar,Phi-TD MoG,3,4718592.0,61.16030502319336
Asterix-MinAtar,Phi-TD MoG,3,4849664.0,61.16030502319336
Asterix-MinAtar,Phi-TD MoG,3,4980736.0,61.16030502319336
Asterix-MinAtar,Phi-TD MoG,3,5111808.0,71.1953125
Asterix-MinAtar,Phi-TD MoG,3,5242880.0,71.1953125
Asterix-MinAtar,Phi-TD MoG,3,5373952.0,71.1953125
Asterix-MinAtar,Phi-TD MoG,3,5505024.0,69.90625
Asterix-MinAtar,Phi-TD MoG,3,5636096.0,69.90625
Asterix-MinAtar,Phi-TD MoG,3,5767168.0,69.90625
Asterix-MinAtar,Phi-TD MoG,3,5898240.0,69.90625
Asterix-MinAtar,Phi-TD MoG,3,6029312.0,72.7109375
Asterix-MinAtar,Phi-TD MoG,3,6160384.0,72.7109375
Asterix-MinAtar,Phi-TD MoG,3,6291456.0,72.7109375
Asterix-MinAtar,Phi-TD MoG,3,6422528.0,72.7109375
Asterix-MinAtar,Phi-TD MoG,3,6553600.0,62.6640625
Asterix-MinAtar,Phi-TD MoG,3,6684672.0,62.6640625
Asterix-MinAtar,Phi-TD MoG,3,6815744.0,62.6640625
Asterix-MinAtar,Phi-TD MoG,3,6946816.0,62.6640625
Asterix-MinAtar,Phi-TD MoG,3,7077888.0,55.609375
Asterix-MinAtar,Phi-TD MoG,3,7208960.0,55.609375
Asterix-MinAtar,Phi-TD MoG,3,7340032.0,55.609375
Asterix-MinAtar,Phi-TD MoG,3,7471104.0,55.609375
Asterix-MinAtar,Phi-TD MoG,3,7602176.0,66.9765625
Asterix-MinAtar,Phi-TD MoG,3,7733248.0,66.9765625
Asterix-MinAtar,Phi-TD MoG,3,7864320.0,66.9765625
Asterix-MinAtar,Phi-TD MoG,3,7995392.0,72.6953125
Asterix-MinAtar,Phi-TD MoG,3,8126464.0,72.6953125
Asterix-MinAtar,Phi-TD MoG,3,8257536.0,72.6953125
Asterix-MinAtar,Phi-TD MoG,3,8388608.0,72.6953125
Asterix-MinAtar,Phi-TD MoG,3,8519680.0,73.15625
Asterix-MinAtar,Phi-TD MoG,3,8650752.0,73.15625
Asterix-MinAtar,Phi-TD MoG,3,8781824.0,73.15625
Asterix-MinAtar,Phi-TD MoG,3,8912896.0,73.15625
Asterix-MinAtar,Phi-TD MoG,3,9043968.0,69.78125
Asterix-MinAtar,Phi-TD MoG,3,9175040.0,69.78125
Asterix-MinAtar,Phi-TD MoG,3,9306112.0,69.78125
Asterix-MinAtar,Phi-TD MoG,3,9437184.0,69.78125
Asterix-MinAtar,Phi-TD MoG,3,9568256.0,73.375
Asterix-MinAtar,Phi-TD MoG,3,9699328.0,73.375
Asterix-MinAtar,Phi-TD MoG,3,9830400.0,73.375
Asterix-MinAtar,Phi-TD MoG,3,9961472.0,73.375
Asterix-MinAtar,Phi-TD MoG,4,131072.0,0.46411481499671936
Asterix-MinAtar,Phi-TD MoG,4,262144.0,0.46411481499671936
Asterix-MinAtar,Phi-TD MoG,4,393216.0,0.46411481499671936
Asterix-MinAtar,Phi-TD MoG,4,524288.0,2.729698657989502
Asterix-MinAtar,Phi-TD MoG,4,655360.0,2.729698657989502
Asterix-MinAtar,Phi-TD MoG,4,786432.0,2.729698657989502
Asterix-MinAtar,Phi-TD MoG,4,917504.0,2.729698657989502
Asterix-MinAtar,Phi-TD MoG,4,1048576.0,26.96178436279297
Asterix-MinAtar,Phi-TD MoG,4,1179648.0,26.96178436279297
Asterix-MinAtar,Phi-TD MoG,4,1310720.0,26.96178436279297
Asterix-MinAtar,Phi-TD MoG,4,1441792.0,26.96178436279297
Asterix-MinAtar,Phi-TD MoG,4,1572864.0,63.671875
Asterix-MinAtar,Phi-TD MoG,4,1703936.0,63.671875
Asterix-MinAtar,Phi-TD MoG,4,1835008.0,63.671875
Asterix-MinAtar,Phi-TD MoG,4,1966080.0,63.671875
Asterix-MinAtar,Phi-TD MoG,4,2097152.0,20.929576873779297
Asterix-MinAtar,Phi-TD MoG,4,2228224.0,20.929576873779297
Asterix-MinAtar,Phi-TD MoG,4,2359296.0,20.929576873779297
Asterix-MinAtar,Phi-TD MoG,4,2490368.0,20.929576873779297
Asterix-MinAtar,Phi-TD MoG,4,2621440.0,35.95522689819336
Asterix-MinAtar,Phi-TD MoG,4,2752512.0,35.95522689819336
Asterix-MinAtar,Phi-TD MoG,4,2883584.0,35.95522689819336
Asterix-MinAtar,Phi-TD MoG,4,3014656.0,66.1484375
Asterix-MinAtar,Phi-TD MoG,4,3145728.0,66.1484375
Asterix-MinAtar,Phi-TD MoG,4,3276800.0,66.1484375
Asterix-MinAtar,Phi-TD MoG,4,3407872.0,66.1484375
Asterix-MinAtar,Phi-TD MoG,4,3538944.0,71.125
Asterix-MinAtar,Phi-TD MoG,4,3670016.0,71.125
Asterix-MinAtar,Phi-TD MoG,4,3801088.0,71.125
Asterix-MinAtar,Phi-TD MoG,4,3932160.0,71.125
Asterix-MinAtar,Phi-TD MoG,4,4063232.0,65.96875
Asterix-MinAtar,Phi-TD MoG,4,4194304.0,65.96875
Asterix-MinAtar,Phi-TD MoG,4,4325376.0,65.96875
Asterix-MinAtar,Phi-TD MoG,4,4456448.0,65.96875
Asterix-MinAtar,Phi-TD MoG,4,4587520.0,72.4140625
Asterix-MinAtar,Phi-TD MoG,4,4718592.0,72.4140625
Asterix-MinAtar,Phi-TD MoG,4,4849664.0,72.4140625
Asterix-MinAtar,Phi-TD MoG,4,4980736.0,72.4140625
Asterix-MinAtar,Phi-TD MoG,4,5111808.0,71.046875
Asterix-MinAtar,Phi-TD MoG,4,5242880.0,71.046875
Asterix-MinAtar,Phi-TD MoG,4,5373952.0,71.046875
Asterix-MinAtar,Phi-TD MoG,4,5505024.0,64.2890625
Asterix-MinAtar,Phi-TD MoG,4,5636096.0,64.2890625
Asterix-MinAtar,Phi-TD MoG,4,5767168.0,64.2890625
Asterix-MinAtar,Phi-TD MoG,4,5898240.0,64.2890625
Asterix-MinAtar,Phi-TD MoG,4,6029312.0,66.7421875
Asterix-MinAtar,Phi-TD MoG,4,6160384.0,66.7421875
Asterix-MinAtar,Phi-TD MoG,4,6291456.0,66.7421875
Asterix-MinAtar,Phi-TD MoG,4,6422528.0,66.7421875
Asterix-MinAtar,Phi-TD MoG,4,6553600.0,73.25
Asterix-MinAtar,Phi-TD MoG,4,6684672.0,73.25
Asterix-MinAtar,Phi-TD MoG,4,6815744.0,73.25
Asterix-MinAtar,Phi-TD MoG,4,6946816.0,73.25
Asterix-MinAtar,Phi-TD MoG,4,7077888.0,74.2421875
Asterix-MinAtar,Phi-TD MoG,4,7208960.0,74.2421875
Asterix-MinAtar,Phi-TD MoG,4,7340032.0,74.2421875
Asterix-MinAtar,Phi-TD MoG,4,7471104.0,74.2421875
Asterix-MinAtar,Phi-TD MoG,4,7602176.0,68.8046875
Asterix-MinAtar,Phi-TD MoG,4,7733248.0,68.8046875
Asterix-MinAtar,Phi-TD MoG,4,7864320.0,68.8046875
Asterix-MinAtar,Phi-TD MoG,4,7995392.0,73.4296875
Asterix-MinAtar,Phi-TD MoG,4,8126464.0,73.4296875
Asterix-MinAtar,Phi-TD MoG,4,8257536.0,73.4296875
Asterix-MinAtar,Phi-TD MoG,4,8388608.0,73.4296875
Asterix-MinAtar,Phi-TD MoG,4,8519680.0,72.15625
Asterix-MinAtar,Phi-TD MoG,4,8650752.0,72.15625
Asterix-MinAtar,Phi-TD MoG,4,8781824.0,72.15625
Asterix-MinAtar,Phi-TD MoG,4,8912896.0,72.15625
Asterix-MinAtar,Phi-TD MoG,4,9043968.0,73.9921875
Asterix-MinAtar,Phi-TD MoG,4,9175040.0,73.9921875
Asterix-MinAtar,Phi-TD MoG,4,9306112.0,73.9921875
Asterix-MinAtar,Phi-TD MoG,4,9437184.0,73.9921875
Asterix-MinAtar,Phi-TD MoG,4,9568256.0,72.5078125
Asterix-MinAtar,Phi-TD MoG,4,9699328.0,72.5078125
Asterix-MinAtar,Phi-TD MoG,4,9830400.0,72.5078125
Asterix-MinAtar,Phi-TD MoG,4,9961472.0,72.5078125
Asterix-MinAtar,Phi-TD MoG,5,131072.0,0.4162028729915619
Asterix-MinAtar,Phi-TD MoG,5,262144.0,0.4162028729915619
Asterix-MinAtar,Phi-TD MoG,5,393216.0,0.4162028729915619
Asterix-MinAtar,Phi-TD MoG,5,524288.0,19.0327091217041
Asterix-MinAtar,Phi-TD MoG,5,655360.0,19.0327091217041
Asterix-MinAtar,Phi-TD MoG,5,786432.0,19.0327091217041
Asterix-MinAtar,Phi-TD MoG,5,917504.0,19.0327091217041
Asterix-MinAtar,Phi-TD MoG,5,1048576.0,7.934210777282715
Asterix-MinAtar,Phi-TD MoG,5,1179648.0,7.934210777282715
Asterix-MinAtar,Phi-TD MoG,5,1310720.0,7.934210777282715
Asterix-MinAtar,Phi-TD MoG,5,1441792.0,7.934210777282715
Asterix-MinAtar,Phi-TD MoG,5,1572864.0,61.9140625
Asterix-MinAtar,Phi-TD MoG,5,1703936.0,61.9140625
Asterix-MinAtar,Phi-TD MoG,5,1835008.0,61.9140625
Asterix-MinAtar,Phi-TD MoG,5,1966080.0,61.9140625
Asterix-MinAtar,Phi-TD MoG,5,2097152.0,54.68421173095703
Asterix-MinAtar,Phi-TD MoG,5,2228224.0,54.68421173095703
Asterix-MinAtar,Phi-TD MoG,5,2359296.0,54.68421173095703
Asterix-MinAtar,Phi-TD MoG,5,2490368.0,54.68421173095703
Asterix-MinAtar,Phi-TD MoG,5,2621440.0,66.671875
Asterix-MinAtar,Phi-TD MoG,5,2752512.0,66.671875
Asterix-MinAtar,Phi-TD MoG,5,2883584.0,66.671875
Asterix-MinAtar,Phi-TD MoG,5,3014656.0,59.7578125
Asterix-MinAtar,Phi-TD MoG,5,3145728.0,59.7578125
Asterix-MinAtar,Phi-TD MoG,5,3276800.0,59.7578125
Asterix-MinAtar,Phi-TD MoG,5,3407872.0,59.7578125
Asterix-MinAtar,Phi-TD MoG,5,3538944.0,57.068702697753906
Asterix-MinAtar,Phi-TD MoG,5,3670016.0,57.068702697753906
Asterix-MinAtar,Phi-TD MoG,5,3801088.0,57.068702697753906
Asterix-MinAtar,Phi-TD MoG,5,3932160.0,57.068702697753906
Asterix-MinAtar,Phi-TD MoG,5,4063232.0,65.5
Asterix-MinAtar,Phi-TD MoG,5,4194304.0,65.5
Asterix-MinAtar,Phi-TD MoG,5,4325376.0,65.5
Asterix-MinAtar,Phi-TD MoG,5,4456448.0,65.5
Asterix-MinAtar,Phi-TD MoG,5,4587520.0,66.1484375
Asterix-MinAtar,Phi-TD MoG,5,4718592.0,66.1484375
Asterix-MinAtar,Phi-TD MoG,5,4849664.0,66.1484375
Asterix-MinAtar,Phi-TD MoG,5,4980736.0,66.1484375
Asterix-MinAtar,Phi-TD MoG,5,5111808.0,70.1796875
Asterix-MinAtar,Phi-TD MoG,5,5242880.0,70.1796875
Asterix-MinAtar,Phi-TD MoG,5,5373952.0,70.1796875
Asterix-MinAtar,Phi-TD MoG,5,5505024.0,68.984375
Asterix-MinAtar,Phi-TD MoG,5,5636096.0,68.984375
Asterix-MinAtar,Phi-TD MoG,5,5767168.0,68.984375
Asterix-MinAtar,Phi-TD MoG,5,5898240.0,68.984375
Asterix-MinAtar,Phi-TD MoG,5,6029312.0,69.8515625
Asterix-MinAtar,Phi-TD MoG,5,6160384.0,69.8515625
Asterix-MinAtar,Phi-TD MoG,5,6291456.0,69.8515625
Asterix-MinAtar,Phi-TD MoG,5,6422528.0,69.8515625
Asterix-MinAtar,Phi-TD MoG,5,6553600.0,69.78125
Asterix-MinAtar,Phi-TD MoG,5,6684672.0,69.78125
Asterix-MinAtar,Phi-TD MoG,5,6815744.0,69.78125
Asterix-MinAtar,Phi-TD MoG,5,6946816.0,69.78125
Asterix-MinAtar,Phi-TD MoG,5,7077888.0,65.2734375
Asterix-MinAtar,Phi-TD MoG,5,7208960.0,65.2734375
Asterix-MinAtar,Phi-TD MoG,5,7340032.0,65.2734375
Asterix-MinAtar,Phi-TD MoG,5,7471104.0,65.2734375
Asterix-MinAtar,Phi-TD MoG,5,7602176.0,67.1875
Asterix-MinAtar,Phi-TD MoG,5,7733248.0,67.1875
Asterix-MinAtar,Phi-TD MoG,5,7864320.0,67.1875
Asterix-MinAtar,Phi-TD MoG,5,7995392.0,75.71875
Asterix-MinAtar,Phi-TD MoG,5,8126464.0,75.71875
Asterix-MinAtar,Phi-TD MoG,5,8257536.0,75.71875
Asterix-MinAtar,Phi-TD MoG,5,8388608.0,75.71875
Asterix-MinAtar,Phi-TD MoG,5,8519680.0,73.0703125
Asterix-MinAtar,Phi-TD MoG,5,8650752.0,73.0703125
Asterix-MinAtar,Phi-TD MoG,5,8781824.0,73.0703125
Asterix-MinAtar,Phi-TD MoG,5,8912896.0,73.0703125
Asterix-MinAtar,Phi-TD MoG,5,9043968.0,70.25
Asterix-MinAtar,Phi-TD MoG,5,9175040.0,70.25
Asterix-MinAtar,Phi-TD MoG,5,9306112.0,70.25
Asterix-MinAtar,Phi-TD MoG,5,9437184.0,70.25
Asterix-MinAtar,Phi-TD MoG,5,9568256.0,70.8515625
Asterix-MinAtar,Phi-TD MoG,5,9699328.0,70.8515625
Asterix-MinAtar,Phi-TD MoG,5,9830400.0,70.8515625
Asterix-MinAtar,Phi-TD MoG,5,9961472.0,70.8515625
Breakout-MinAtar,Phi-TD MoG,1,131072.0,0.0
Breakout-MinAtar,Phi-TD MoG,1,262144.0,0.0
Breakout-MinAtar,Phi-TD MoG,1,393216.0,0.0
Breakout-MinAtar,Phi-TD MoG,1,524288.0,15.821656227111816
Breakout-MinAtar,Phi-TD MoG,1,655360.0,15.821656227111816
Breakout-MinAtar,Phi-TD MoG,1,786432.0,15.821656227111816
Breakout-MinAtar,Phi-TD MoG,1,917504.0,15.821656227111816
Breakout-MinAtar,Phi-TD MoG,1,1048576.0,33.519775390625
Breakout-MinAtar,Phi-TD MoG,1,1179648.0,33.519775390625
Breakout-MinAtar,Phi-TD MoG,1,1310720.0,33.519775390625
Breakout-MinAtar,Phi-TD MoG,1,1441792.0,33.519775390625
Breakout-MinAtar,Phi-TD MoG,1,1572864.0,50.7109375
Breakout-MinAtar,Phi-TD MoG,1,1703936.0,50.7109375
Breakout-MinAtar,Phi-TD MoG,1,1835008.0,50.7109375
Breakout-MinAtar,Phi-TD MoG,1,1966080.0,50.7109375
Breakout-MinAtar,Phi-TD MoG,1,2097152.0,26.000001907348633
Breakout-MinAtar,Phi-TD MoG,1,2228224.0,26.000001907348633
Breakout-MinAtar,Phi-TD MoG,1,2359296.0,26.000001907348633
Breakout-MinAtar,Phi-TD MoG,1,2490368.0,26.000001907348633
Breakout-MinAtar,Phi-TD MoG,1,2621440.0,48.4921875
Breakout-MinAtar,Phi-TD MoG,1,2752512.0,48.4921875
Breakout-MinAtar,Phi-TD MoG,1,2883584.0,48.4921875
Breakout-MinAtar,Phi-TD MoG,1,3014656.0,42.125
Breakout-MinAtar,Phi-TD MoG,1,3145728.0,42.125
Breakout-MinAtar,Phi-TD MoG,1,3276800.0,42.125
Breakout-MinAtar,Phi-TD MoG,1,3407872.0,42.125
Breakout-MinAtar,Phi-TD MoG,1,3538944.0,42.359375
Breakout-MinAtar,Phi-TD MoG,1,3670016.0,42.359375
Breakout-MinAtar,Phi-TD MoG,1,3801088.0,42.359375
Breakout-MinAtar,Phi-TD MoG,1,3932160.0,42.359375
Breakout-MinAtar,Phi-TD MoG,1,4063232.0,59.4140625
Breakout-MinAtar,Phi-TD MoG,1,4194304.0,59.4140625
Breakout-MinAtar,Phi-TD MoG,1,4325376.0,59.4140625
Breakout-MinAtar,Phi-TD MoG,1,4456448.0,59.4140625
Breakout-MinAtar,Phi-TD MoG,1,4587520.0,43.765625
Breakout-MinAtar,Phi-TD MoG,1,4718592.0,43.765625
Breakout-MinAtar,Phi-TD MoG,1,4849664.0,43.765625
Breakout-MinAtar,Phi-TD MoG,1,4980736.0,43.765625
Breakout-MinAtar,Phi-TD MoG,1,5111808.0,98.578125
Breakout-MinAtar,Phi-TD MoG,1,5242880.0,98.578125
Breakout-MinAtar,Phi-TD MoG,1,5373952.0,98.578125
Breakout-MinAtar,Phi-TD MoG,1,5505024.0,57.9296875
Breakout-MinAtar,Phi-TD MoG,1,5636096.0,57.9296875
Breakout-MinAtar,Phi-TD MoG,1,5767168.0,57.9296875
Breakout-MinAtar,Phi-TD MoG,1,5898240.0,57.9296875
Breakout-MinAtar,Phi-TD MoG,1,6029312.0,44.1796875
Breakout-MinAtar,Phi-TD MoG,1,6160384.0,44.1796875
Breakout-MinAtar,Phi-TD MoG,1,6291456.0,44.1796875
Breakout-MinAtar,Phi-TD MoG,1,6422528.0,44.1796875
Breakout-MinAtar,Phi-TD MoG,1,6553600.0,85.765625
Breakout-MinAtar,Phi-TD MoG,1,6684672.0,85.765625
Breakout-MinAtar,Phi-TD MoG,1,6815744.0,85.765625
Breakout-MinAtar,Phi-TD MoG,1,6946816.0,85.765625
Breakout-MinAtar,Phi-TD MoG,1,7077888.0,86.78125
Breakout-MinAtar,Phi-TD MoG,1,7208960.0,86.78125
Breakout-MinAtar,Phi-TD MoG,1,7340032.0,86.78125
Breakout-MinAtar,Phi-TD MoG,1,7471104.0,86.78125
Breakout-MinAtar,Phi-TD MoG,1,7602176.0,72.5625
Breakout-MinAtar,Phi-TD MoG,1,7733248.0,72.5625
Breakout-MinAtar,Phi-TD MoG,1,7864320.0,72.5625
Breakout-MinAtar,Phi-TD MoG,1,7995392.0,106.21875
Breakout-MinAtar,Phi-TD MoG,1,8126464.0,106.21875
Breakout-MinAtar,Phi-TD MoG,1,8257536.0,106.21875
Breakout-MinAtar,Phi-TD MoG,1,8388608.0,106.21875
Breakout-MinAtar,Phi-TD MoG,1,8519680.0,93.0
Breakout-MinAtar,Phi-TD MoG,1,8650752.0,93.0
Breakout-MinAtar,Phi-TD MoG,1,8781824.0,93.0
Breakout-MinAtar,Phi-TD MoG,1,8912896.0,93.0
Breakout-MinAtar,Phi-TD MoG,1,9043968.0,108.9375
Breakout-MinAtar,Phi-TD MoG,1,9175040.0,108.9375
Breakout-MinAtar,Phi-TD MoG,1,9306112.0,108.9375
Breakout-MinAtar,Phi-TD MoG,1,9437184.0,108.9375
Breakout-MinAtar,Phi-TD MoG,1,9568256.0,109.125
Breakout-MinAtar,Phi-TD MoG,1,9699328.0,109.125
Breakout-MinAtar,Phi-TD MoG,1,9830400.0,109.125
Breakout-MinAtar,Phi-TD MoG,1,9961472.0,109.125
Breakout-MinAtar,Phi-TD MoG,2,131072.0,0.5007785558700562
Breakout-MinAtar,Phi-TD MoG,2,262144.0,0.5007785558700562
Breakout-MinAtar,Phi-TD MoG,2,393216.0,0.5007785558700562
Breakout-MinAtar,Phi-TD MoG,2,524288.0,13.403417587280273
Breakout-MinAtar,Phi-TD MoG,2,655360.0,13.403417587280273
Breakout-MinAtar,Phi-TD MoG,2,786432.0,13.403417587280273
Breakout-MinAtar,Phi-TD MoG,2,917504.0,13.403417587280273
Breakout-MinAtar,Phi-TD MoG,2,1048576.0,12.655570030212402
Breakout-MinAtar,Phi-TD MoG,2,1179648.0,12.655570030212402
Breakout-MinAtar,Phi-TD MoG,2,1310720.0,12.655570030212402
Breakout-MinAtar,Phi-TD MoG,2,1441792.0,12.655570030212402
Breakout-MinAtar,Phi-TD MoG,2,1572864.0,21.0
Breakout-MinAtar,Phi-TD MoG,2,1703936.0,21.0
Breakout-MinAtar,Phi-TD MoG,2,1835008.0,21.0
Breakout-MinAtar,Phi-TD MoG,2,1966080.0,21.0
Breakout-MinAtar,Phi-TD MoG,2,2097152.0,26.40625
Breakout-MinAtar,Phi-TD MoG,2,2228224.0,26.40625
Breakout-MinAtar,Phi-TD MoG,2,2359296.0,26.40625
Breakout-MinAtar,Phi-TD MoG,2,2490368.0,26.40625
Breakout-MinAtar,Phi-TD MoG,2,2621440.0,9.314136505126953
Breakout-MinAtar,Phi-TD MoG,2,2752512.0,9.314136505126953
Breakout-MinAtar,Phi-TD MoG,2,2883584.0,9.314136505126953
Breakout-MinAtar,Phi-TD MoG,2,3014656.0,27.620254516601562
Breakout-MinAtar,Phi-TD MoG,2,3145728.0,27.620254516601562
Breakout-MinAtar,Phi-TD MoG,2,3276800.0,27.620254516601562
Breakout-MinAtar,Phi-TD MoG,2,3407872.0,27.620254516601562
Breakout-MinAtar,Phi-TD MoG,2,3538944.0,22.859375
Breakout-MinAtar,Phi-TD MoG,2,3670016.0,22.859375
Breakout-MinAtar,Phi-TD MoG,2,3801088.0,22.859375
Breakout-MinAtar,Phi-TD MoG,2,3932160.0,22.859375
Breakout-MinAtar,Phi-TD MoG,2,4063232.0,27.0256404876709
Breakout-MinAtar,Phi-TD MoG,2,4194304.0,27.0256404876709
Breakout-MinAtar,Phi-TD MoG,2,4325376.0,27.0256404876709
Breakout-MinAtar,Phi-TD MoG,2,4456448.0,27.0256404876709
Breakout-MinAtar,Phi-TD MoG,2,4587520.0,55.3671875
Breakout-MinAtar,Phi-TD MoG,2,4718592.0,55.3671875
Breakout-MinAtar,Phi-TD MoG,2,4849664.0,55.3671875
Breakout-MinAtar,Phi-TD MoG,2,4980736.0,55.3671875
Breakout-MinAtar,Phi-TD MoG,2,5111808.0,54.0
Breakout-MinAtar,Phi-TD MoG,2,5242880.0,54.0
Breakout-MinAtar,Phi-TD MoG,2,5373952.0,54.0
Breakout-MinAtar,Phi-TD MoG,2,5505024.0,43.984375
Breakout-MinAtar,Phi-TD MoG,2,5636096.0,43.984375
Breakout-MinAtar,Phi-TD MoG,2,5767168.0,43.984375
Breakout-MinAtar,Phi-TD MoG,2,5898240.0,43.984375
Breakout-MinAtar,Phi-TD MoG,2,6029312.0,47.6875
Breakout-MinAtar,Phi-TD MoG,2,6160384.0,47.6875
Breakout-MinAtar,Phi-TD MoG,2,6291456.0,47.6875
Breakout-MinAtar,Phi-TD MoG,2,6422528.0,47.6875
Breakout-MinAtar,Phi-TD MoG,2,6553600.0,85.84375
Breakout-MinAtar,Phi-TD MoG,2,6684672.0,85.84375
Breakout-MinAtar,Phi-TD MoG,2,6815744.0,85.84375
Breakout-MinAtar,Phi-TD MoG,2,6946816.0,85.84375
Breakout-MinAtar,Phi-TD MoG,2,7077888.0,81.5703125
Breakout-MinAtar,Phi-TD MoG,2,7208960.0,81.5703125
Breakout-MinAtar,Phi-TD MoG,2,7340032.0,81.5703125
Breakout-MinAtar,Phi-TD MoG,2,7471104.0,81.5703125
Breakout-MinAtar,Phi-TD MoG,2,7602176.0,96.5390625
Breakout-MinAtar,Phi-TD MoG,2,7733248.0,96.5390625
Breakout-MinAtar,Phi-TD MoG,2,7864320.0,96.5390625
Breakout-MinAtar,Phi-TD MoG,2,7995392.0,59.0
Breakout-MinAtar,Phi-TD MoG,2,8126464.0,59.0
Breakout-MinAtar,Phi-TD MoG,2,8257536.0,59.0
Breakout-MinAtar,Phi-TD MoG,2,8388608.0,59.0
Breakout-MinAtar,Phi-TD MoG,2,8519680.0,81.28125
Breakout-MinAtar,Phi-TD MoG,2,8650752.0,81.28125
Breakout-MinAtar,Phi-TD MoG,2,8781824.0,81.28125
Breakout-MinAtar,Phi-TD MoG,2,8912896.0,81.28125
Breakout-MinAtar,Phi-TD MoG,2,9043968.0,93.1875
Breakout-MinAtar,Phi-TD MoG,2,9175040.0,93.1875
Breakout-MinAtar,Phi-TD MoG,2,9306112.0,93.1875
Breakout-MinAtar,Phi-TD MoG,2,9437184.0,93.1875
Breakout-MinAtar,Phi-TD MoG,2,9568256.0,103.0
Breakout-MinAtar,Phi-TD MoG,2,9699328.0,103.0
Breakout-MinAtar,Phi-TD MoG,2,9830400.0,103.0
Breakout-MinAtar,Phi-TD MoG,2,9961472.0,103.0
Breakout-MinAtar,Phi-TD MoG,3,131072.0,0.0
Breakout-MinAtar,Phi-TD MoG,3,262144.0,0.0
Breakout-MinAtar,Phi-TD MoG,3,393216.0,0.0
Breakout-MinAtar,Phi-TD MoG,3,524288.0,11.993110656738281
Breakout-MinAtar,Phi-TD MoG,3,655360.0,11.993110656738281
Breakout-MinAtar,Phi-TD MoG,3,786432.0,11.993110656738281
Breakout-MinAtar,Phi-TD MoG,3,917504.0,11.993110656738281
Breakout-MinAtar,Phi-TD MoG,3,1048576.0,17.673267364501953
Breakout-MinAtar,Phi-TD MoG,3,1179648.0,17.673267364501953
Breakout-MinAtar,Phi-TD MoG,3,1310720.0,17.673267364501953
Breakout-MinAtar,Phi-TD MoG,3,1441792.0,17.673267364501953
Breakout-MinAtar,Phi-TD MoG,3,1572864.0,56.5
Breakout-MinAtar,Phi-TD MoG,3,1703936.0,56.5
Breakout-MinAtar,Phi-TD MoG,3,1835008.0,56.5
Breakout-MinAtar,Phi-TD MoG,3,1966080.0,56.5
Breakout-MinAtar,Phi-TD MoG,3,2097152.0,60.625
Breakout-MinAtar,Phi-TD MoG,3,2228224.0,60.625
Breakout-MinAtar,Phi-TD MoG,3,2359296.0,60.625
Breakout-MinAtar,Phi-TD MoG,3,2490368.0,60.625
Breakout-MinAtar,Phi-TD MoG,3,2621440.0,28.5546875
Breakout-MinAtar,Phi-TD MoG,3,2752512.0,28.5546875
Breakout-MinAtar,Phi-TD MoG,3,2883584.0,28.5546875
Breakout-MinAtar,Phi-TD MoG,3,3014656.0,28.5078125
Breakout-MinAtar,Phi-TD MoG,3,3145728.0,28.5078125
Breakout-MinAtar,Phi-TD MoG,3,3276800.0,28.5078125
Breakout-MinAtar,Phi-TD MoG,3,3407872.0,28.5078125
Breakout-MinAtar,Phi-TD MoG,3,3538944.0,29.0
Breakout-MinAtar,Phi-TD MoG,3,3670016.0,29.0
Breakout-MinAtar,Phi-TD MoG,3,3801088.0,29.0
Breakout-MinAtar,Phi-TD MoG,3,3932160.0,29.0
Breakout-MinAtar,Phi-TD MoG,3,4063232.0,24.6011905670166
Breakout-MinAtar,Phi-TD MoG,3,4194304.0,24.6011905670166
Breakout-MinAtar,Phi-TD MoG,3,4325376.0,24.6011905670166
Breakout-MinAtar,Phi-TD MoG,3,4456448.0,24.6011905670166
Breakout-MinAtar,Phi-TD MoG,3,4587520.0,59.65625
Breakout-MinAtar,Phi-TD MoG,3,4718592.0,59.65625
Breakout-MinAtar,Phi-TD MoG,3,4849664.0,59.65625
Breakout-MinAtar,Phi-TD MoG,3,4980736.0,59.65625
Breakout-MinAtar,Phi-TD MoG,3,5111808.0,72.3125
Breakout-MinAtar,Phi-TD MoG,3,5242880.0,72.3125
Breakout-MinAtar,Phi-TD MoG,3,5373952.0,72.3125
Breakout-MinAtar,Phi-TD MoG,3,5505024.0,57.4375
Breakout-MinAtar,Phi-TD MoG,3,5636096.0,57.4375
Breakout-MinAtar,Phi-TD MoG,3,5767168.0,57.4375
Breakout-MinAtar,Phi-TD MoG,3,5898240.0,57.4375
Breakout-MinAtar,Phi-TD MoG,3,6029312.0,21.0
Breakout-MinAtar,Phi-TD MoG,3,6160384.0,21.0
Breakout-MinAtar,Phi-TD MoG,3,6291456.0,21.0
Breakout-MinAtar,Phi-TD MoG,3,6422528.0,21.0
Breakout-MinAtar,Phi-TD MoG,3,6553600.0,79.890625
Breakout-MinAtar,Phi-TD MoG,3,6684672.0,79.890625
Breakout-MinAtar,Phi-TD MoG,3,6815744.0,79.890625
Breakout-MinAtar,Phi-TD MoG,3,6946816.0,79.890625
Breakout-MinAtar,Phi-TD MoG,3,7077888.0,86.4609375
Breakout-MinAtar,Phi-TD MoG,3,7208960.0,86.4609375
Breakout-MinAtar,Phi-TD MoG,3,7340032.0,86.4609375
Breakout-MinAtar,Phi-TD MoG,3,7471104.0,86.4609375
Breakout-MinAtar,Phi-TD MoG,3,7602176.0,87.0
Breakout-MinAtar,Phi-TD MoG,3,7733248.0,87.0
Breakout-MinAtar,Phi-TD MoG,3,7864320.0,87.0
Breakout-MinAtar,Phi-TD MoG,3,7995392.0,90.2265625
Breakout-MinAtar,Phi-TD MoG,3,8126464.0,90.2265625
Breakout-MinAtar,Phi-TD MoG,3,8257536.0,90.2265625
Breakout-MinAtar,Phi-TD MoG,3,8388608.0,90.2265625
Breakout-MinAtar,Phi-TD MoG,3,8519680.0,108.6875
Breakout-MinAtar,Phi-TD MoG,3,8650752.0,108.6875
Breakout-MinAtar,Phi-TD MoG,3,8781824.0,108.6875
Breakout-MinAtar,Phi-TD MoG,3,8912896.0,108.6875
Breakout-MinAtar,Phi-TD MoG,3,9043968.0,111.5
Breakout-MinAtar,Phi-TD MoG,3,9175040.0,111.5
Breakout-MinAtar,Phi-TD MoG,3,9306112.0,111.5
Breakout-MinAtar,Phi-TD MoG,3,9437184.0,111.5
Breakout-MinAtar,Phi-TD MoG,3,9568256.0,111.5703125
Breakout-MinAtar,Phi-TD MoG,3,9699328.0,111.5703125
Breakout-MinAtar,Phi-TD MoG,3,9830400.0,111.5703125
Breakout-MinAtar,Phi-TD MoG,3,9961472.0,111.5703125
Breakout-MinAtar,Phi-TD MoG,4,131072.0,0.0
Breakout-MinAtar,Phi-TD MoG,4,262144.0,0.0
Breakout-MinAtar,Phi-TD MoG,4,393216.0,0.0
Breakout-MinAtar,Phi-TD MoG,4,524288.0,16.7562313079834
Breakout-MinAtar,Phi-TD MoG,4,655360.0,16.7562313079834
Breakout-MinAtar,Phi-TD MoG,4,786432.0,16.7562313079834
Breakout-MinAtar,Phi-TD MoG,4,917504.0,16.7562313079834
Breakout-MinAtar,Phi-TD MoG,4,1048576.0,43.2734375
Breakout-MinAtar,Phi-TD MoG,4,1179648.0,43.2734375
Breakout-MinAtar,Phi-TD MoG,4,1310720.0,43.2734375
Breakout-MinAtar,Phi-TD MoG,4,1441792.0,43.2734375
Breakout-MinAtar,Phi-TD MoG,4,1572864.0,41.53125
Breakout-MinAtar,Phi-TD MoG,4,1703936.0,41.53125
Breakout-MinAtar,Phi-TD MoG,4,1835008.0,41.53125
Breakout-MinAtar,Phi-TD MoG,4,1966080.0,41.53125
Breakout-MinAtar,Phi-TD MoG,4,2097152.0,61.84375
Breakout-MinAtar,Phi-TD MoG,4,2228224.0,61.84375
Breakout-MinAtar,Phi-TD MoG,4,2359296.0,61.84375
Breakout-MinAtar,Phi-TD MoG,4,2490368.0,61.84375
Breakout-MinAtar,Phi-TD MoG,4,2621440.0,28.4609375
Breakout-MinAtar,Phi-TD MoG,4,2752512.0,28.4609375
Breakout-MinAtar,Phi-TD MoG,4,2883584.0,28.4609375
Breakout-MinAtar,Phi-TD MoG,4,3014656.0,41.25
Breakout-MinAtar,Phi-TD MoG,4,3145728.0,41.25
Breakout-MinAtar,Phi-TD MoG,4,3276800.0,41.25
Breakout-MinAtar,Phi-TD MoG,4,3407872.0,41.25
Breakout-MinAtar,Phi-TD MoG,4,3538944.0,42.0
Breakout-MinAtar,Phi-TD MoG,4,3670016.0,42.0
Breakout-MinAtar,Phi-TD MoG,4,3801088.0,42.0
Breakout-MinAtar,Phi-TD MoG,4,3932160.0,42.0
Breakout-MinAtar,Phi-TD MoG,4,4063232.0,27.047338485717773
Breakout-MinAtar,Phi-TD MoG,4,4194304.0,27.047338485717773
Breakout-MinAtar,Phi-TD MoG,4,4325376.0,27.047338485717773
Breakout-MinAtar,Phi-TD MoG,4,4456448.0,27.047338485717773
Breakout-MinAtar,Phi-TD MoG,4,4587520.0,82.46875
Breakout-MinAtar,Phi-TD MoG,4,4718592.0,82.46875
Breakout-MinAtar,Phi-TD MoG,4,4849664.0,82.46875
Breakout-MinAtar,Phi-TD MoG,4,4980736.0,82.46875
Breakout-MinAtar,Phi-TD MoG,4,5111808.0,42.1015625
Breakout-MinAtar,Phi-TD MoG,4,5242880.0,42.1015625
Breakout-MinAtar,Phi-TD MoG,4,5373952.0,42.1015625
Breakout-MinAtar,Phi-TD MoG,4,5505024.0,56.1640625
Breakout-MinAtar,Phi-TD MoG,4,5636096.0,56.1640625
Breakout-MinAtar,Phi-TD MoG,4,5767168.0,56.1640625
Breakout-MinAtar,Phi-TD MoG,4,5898240.0,56.1640625
Breakout-MinAtar,Phi-TD MoG,4,6029312.0,22.078125
Breakout-MinAtar,Phi-TD MoG,4,6160384.0,22.078125
Breakout-MinAtar,Phi-TD MoG,4,6291456.0,22.078125
Breakout-MinAtar,Phi-TD MoG,4,6422528.0,22.078125
Breakout-MinAtar,Phi-TD MoG,4,6553600.0,52.0
Breakout-MinAtar,Phi-TD MoG,4,6684672.0,52.0
Breakout-MinAtar,Phi-TD MoG,4,6815744.0,52.0
Breakout-MinAtar,Phi-TD MoG,4,6946816.0,52.0
Breakout-MinAtar,Phi-TD MoG,4,7077888.0,76.5
Breakout-MinAtar,Phi-TD MoG,4,7208960.0,76.5
Breakout-MinAtar,Phi-TD MoG,4,7340032.0,76.5
Breakout-MinAtar,Phi-TD MoG,4,7471104.0,76.5
Breakout-MinAtar,Phi-TD MoG,4,7602176.0,86.5703125
Breakout-MinAtar,Phi-TD MoG,4,7733248.0,86.5703125
Breakout-MinAtar,Phi-TD MoG,4,7864320.0,86.5703125
Breakout-MinAtar,Phi-TD MoG,4,7995392.0,89.0
Breakout-MinAtar,Phi-TD MoG,4,8126464.0,89.0
Breakout-MinAtar,Phi-TD MoG,4,8257536.0,89.0
Breakout-MinAtar,Phi-TD MoG,4,8388608.0,89.0
Breakout-MinAtar,Phi-TD MoG,4,8519680.0,89.0
Breakout-MinAtar,Phi-TD MoG,4,8650752.0,89.0
Breakout-MinAtar,Phi-TD MoG,4,8781824.0,89.0
Breakout-MinAtar,Phi-TD MoG,4,8912896.0,89.0
Breakout-MinAtar,Phi-TD MoG,4,9043968.0,97.484375
Breakout-MinAtar,Phi-TD MoG,4,9175040.0,97.484375
Breakout-MinAtar,Phi-TD MoG,4,9306112.0,97.484375
Breakout-MinAtar,Phi-TD MoG,4,9437184.0,97.484375
Breakout-MinAtar,Phi-TD MoG,4,9568256.0,87.5078125
Breakout-MinAtar,Phi-TD MoG,4,9699328.0,87.5078125
Breakout-MinAtar,Phi-TD MoG,4,9830400.0,87.5078125
Breakout-MinAtar,Phi-TD MoG,4,9961472.0,87.5078125
Breakout-MinAtar,Phi-TD MoG,5,131072.0,0.0
Breakout-MinAtar,Phi-TD MoG,5,262144.0,0.0
Breakout-MinAtar,Phi-TD MoG,5,393216.0,0.0
Breakout-MinAtar,Phi-TD MoG,5,524288.0,11.352432250976562
Breakout-MinAtar,Phi-TD MoG,5,655360.0,11.352432250976562
Breakout-MinAtar,Phi-TD MoG,5,786432.0,11.352432250976562
Breakout-MinAtar,Phi-TD MoG,5,917504.0,11.352432250976562
Breakout-MinAtar,Phi-TD MoG,5,1048576.0,26.257577896118164
Breakout-MinAtar,Phi-TD MoG,5,1179648.0,26.257577896118164
Breakout-MinAtar,Phi-TD MoG,5,1310720.0,26.257577896118164
Breakout-MinAtar,Phi-TD MoG,5,1441792.0,26.257577896118164
Breakout-MinAtar,Phi-TD MoG,5,1572864.0,27.0
Breakout-MinAtar,Phi-TD MoG,5,1703936.0,27.0
Breakout-MinAtar,Phi-TD MoG,5,1835008.0,27.0
Breakout-MinAtar,Phi-TD MoG,5,1966080.0,27.0
Breakout-MinAtar,Phi-TD MoG,5,2097152.0,21.0
Breakout-MinAtar,Phi-TD MoG,5,2228224.0,21.0
Breakout-MinAtar,Phi-TD MoG,5,2359296.0,21.0
Breakout-MinAtar,Phi-TD MoG,5,2490368.0,21.0
Breakout-MinAtar,Phi-TD MoG,5,2621440.0,83.3125
Breakout-MinAtar,Phi-TD MoG,5,2752512.0,83.3125
Breakout-MinAtar,Phi-TD MoG,5,2883584.0,83.3125
Breakout-MinAtar,Phi-TD MoG,5,3014656.0,21.0
Breakout-MinAtar,Phi-TD MoG,5,3145728.0,21.0
Breakout-MinAtar,Phi-TD MoG,5,3276800.0,21.0
Breakout-MinAtar,Phi-TD MoG,5,3407872.0,21.0
Breakout-MinAtar,Phi-TD MoG,5,3538944.0,42.828125
Breakout-MinAtar,Phi-TD MoG,5,3670016.0,42.828125
Breakout-MinAtar,Phi-TD MoG,5,3801088.0,42.828125
Breakout-MinAtar,Phi-TD MoG,5,3932160.0,42.828125
Breakout-MinAtar,Phi-TD MoG,5,4063232.0,76.2421875
Breakout-MinAtar,Phi-TD MoG,5,4194304.0,76.2421875
Breakout-MinAtar,Phi-TD MoG,5,4325376.0,76.2421875
Breakout-MinAtar,Phi-TD MoG,5,4456448.0,76.2421875
Breakout-MinAtar,Phi-TD MoG,5,4587520.0,17.726457595825195
Breakout-MinAtar,Phi-TD MoG,5,4718592.0,17.726457595825195
Breakout-MinAtar,Phi-TD MoG,5,4849664.0,17.726457595825195
Breakout-MinAtar,Phi-TD MoG,5,4980736.0,17.726457595825195
Breakout-MinAtar,Phi-TD MoG,5,5111808.0,21.972375869750977
Breakout-MinAtar,Phi-TD MoG,5,5242880.0,21.972375869750977
Breakout-MinAtar,Phi-TD MoG,5,5373952.0,21.972375869750977
Breakout-MinAtar,Phi-TD MoG,5,5505024.0,29.0
Breakout-MinAtar,Phi-TD MoG,5,5636096.0,29.0
Breakout-MinAtar,Phi-TD MoG,5,5767168.0,29.0
Breakout-MinAtar,Phi-TD MoG,5,5898240.0,29.0
Breakout-MinAtar,Phi-TD MoG,5,6029312.0,47.4453125
Breakout-MinAtar,Phi-TD MoG,5,6160384.0,47.4453125
Breakout-MinAtar,Phi-TD MoG,5,6291456.0,47.4453125
Breakout-MinAtar,Phi-TD MoG,5,6422528.0,47.4453125
Breakout-MinAtar,Phi-TD MoG,5,6553600.0,95.859375
Breakout-MinAtar,Phi-TD MoG,5,6684672.0,95.859375
Breakout-MinAtar,Phi-TD MoG,5,6815744.0,95.859375
Breakout-MinAtar,Phi-TD MoG,5,6946816.0,95.859375
Breakout-MinAtar,Phi-TD MoG,5,7077888.0,28.421875
Breakout-MinAtar,Phi-TD MoG,5,7208960.0,28.421875
Breakout-MinAtar,Phi-TD MoG,5,7340032.0,28.421875
Breakout-MinAtar,Phi-TD MoG,5,7471104.0,28.421875
Breakout-MinAtar,Phi-TD MoG,5,7602176.0,85.875
Breakout-MinAtar,Phi-TD MoG,5,7733248.0,85.875
Breakout-MinAtar,Phi-TD MoG,5,7864320.0,85.875
Breakout-MinAtar,Phi-TD MoG,5,7995392.0,111.3125
Breakout-MinAtar,Phi-TD MoG,5,8126464.0,111.3125
Breakout-MinAtar,Phi-TD MoG,5,8257536.0,111.3125
Breakout-MinAtar,Phi-TD MoG,5,8388608.0,111.3125
Breakout-MinAtar,Phi-TD MoG,5,8519680.0,99.078125
Breakout-MinAtar,Phi-TD MoG,5,8650752.0,99.078125
Breakout-MinAtar,Phi-TD MoG,5,8781824.0,99.078125
Breakout-MinAtar,Phi-TD MoG,5,8912896.0,99.078125
Breakout-MinAtar,Phi-TD MoG,5,9043968.0,111.5
Breakout-MinAtar,Phi-TD MoG,5,9175040.0,111.5
Breakout-MinAtar,Phi-TD MoG,5,9306112.0,111.5
Breakout-MinAtar,Phi-TD MoG,5,9437184.0,111.5
Breakout-MinAtar,Phi-TD MoG,5,9568256.0,111.734375
Breakout-MinAtar,Phi-TD MoG,5,9699328.0,111.734375
Breakout-MinAtar,Phi-TD MoG,5,9830400.0,111.734375
Breakout-MinAtar,Phi-TD MoG,5,9961472.0,111.734375
Freeway-MinAtar,Phi-TD MoG,1,131072.0,17.84375
Freeway-MinAtar,Phi-TD MoG,1,262144.0,17.84375
Freeway-MinAtar,Phi-TD MoG,1,393216.0,17.84375
Freeway-MinAtar,Phi-TD MoG,1,524288.0,16.7578125
Freeway-MinAtar,Phi-TD MoG,1,655360.0,16.7578125
Freeway-MinAtar,Phi-TD MoG,1,786432.0,16.7578125
Freeway-MinAtar,Phi-TD MoG,1,917504.0,16.7578125
Freeway-MinAtar,Phi-TD MoG,1,1048576.0,0.0
Freeway-MinAtar,Phi-TD MoG,1,1179648.0,0.0
Freeway-MinAtar,Phi-TD MoG,1,1310720.0,0.0
Freeway-MinAtar,Phi-TD MoG,1,1441792.0,0.0
Freeway-MinAtar,Phi-TD MoG,1,1572864.0,10.234375
Freeway-MinAtar,Phi-TD MoG,1,1703936.0,10.234375
Freeway-MinAtar,Phi-TD MoG,1,1835008.0,10.234375
Freeway-MinAtar,Phi-TD MoG,1,1966080.0,10.234375
Freeway-MinAtar,Phi-TD MoG,1,2097152.0,15.96875
Freeway-MinAtar,Phi-TD MoG,1,2228224.0,15.96875
Freeway-MinAtar,Phi-TD MoG,1,2359296.0,15.96875
Freeway-MinAtar,Phi-TD MoG,1,2490368.0,15.96875
Freeway-MinAtar,Phi-TD MoG,1,2621440.0,17.90625
Freeway-MinAtar,Phi-TD MoG,1,2752512.0,17.90625
Freeway-MinAtar,Phi-TD MoG,1,2883584.0,17.90625
Freeway-MinAtar,Phi-TD MoG,1,3014656.0,0.0
Freeway-MinAtar,Phi-TD MoG,1,3145728.0,0.0
Freeway-MinAtar,Phi-TD MoG,1,3276800.0,0.0
Freeway-MinAtar,Phi-TD MoG,1,3407872.0,0.0
Freeway-MinAtar,Phi-TD MoG,1,3538944.0,56.3125
Freeway-MinAtar,Phi-TD MoG,1,3670016.0,56.3125
Freeway-MinAtar,Phi-TD MoG,1,3801088.0,56.3125
Freeway-MinAtar,Phi-TD MoG,1,3932160.0,56.3125
Freeway-MinAtar,Phi-TD MoG,1,4063232.0,56.40625
Freeway-MinAtar,Phi-TD MoG,1,4194304.0,56.40625
Freeway-MinAtar,Phi-TD MoG,1,4325376.0,56.40625
Freeway-MinAtar,Phi-TD MoG,1,4456448.0,56.40625
Freeway-MinAtar,Phi-TD MoG,1,4587520.0,0.0
Freeway-MinAtar,Phi-TD MoG,1,4718592.0,0.0
Freeway-MinAtar,Phi-TD MoG,1,4849664.0,0.0
Freeway-MinAtar,Phi-TD MoG,1,4980736.0,0.0
Freeway-MinAtar,Phi-TD MoG,1,5111808.0,59.859375
Freeway-MinAtar,Phi-TD MoG,1,5242880.0,59.859375
Freeway-MinAtar,Phi-TD MoG,1,5373952.0,59.859375
Freeway-MinAtar,Phi-TD MoG,1,5505024.0,51.4609375
Freeway-MinAtar,Phi-TD MoG,1,5636096.0,51.4609375
Freeway-MinAtar,Phi-TD MoG,1,5767168.0,51.4609375
Freeway-MinAtar,Phi-TD MoG,1,5898240.0,51.4609375
Freeway-MinAtar,Phi-TD MoG,1,6029312.0,57.7265625
Freeway-MinAtar,Phi-TD MoG,1,6160384.0,57.7265625
Freeway-MinAtar,Phi-TD MoG,1,6291456.0,57.7265625
Freeway-MinAtar,Phi-TD MoG,1,6422528.0,57.7265625
Freeway-MinAtar,Phi-TD MoG,1,6553600.0,59.7421875
Freeway-MinAtar,Phi-TD MoG,1,6684672.0,59.7421875
Freeway-MinAtar,Phi-TD MoG,1,6815744.0,59.7421875
Freeway-MinAtar,Phi-TD MoG,1,6946816.0,59.7421875
Freeway-MinAtar,Phi-TD MoG,1,7077888.0,61.609375
Freeway-MinAtar,Phi-TD MoG,1,7208960.0,61.609375
Freeway-MinAtar,Phi-TD MoG,1,7340032.0,61.609375
Freeway-MinAtar,Phi-TD MoG,1,7471104.0,61.609375
Freeway-MinAtar,Phi-TD MoG,1,7602176.0,58.8828125
Freeway-MinAtar,Phi-TD MoG,1,7733248.0,58.8828125
Freeway-MinAtar,Phi-TD MoG,1,7864320.0,58.8828125
Freeway-MinAtar,Phi-TD MoG,1,7995392.0,59.6875
Freeway-MinAtar,Phi-TD MoG,1,8126464.0,59.6875
Freeway-MinAtar,Phi-TD MoG,1,8257536.0,59.6875
Freeway-MinAtar,Phi-TD MoG,1,8388608.0,59.6875
Freeway-MinAtar,Phi-TD MoG,1,8519680.0,62.6328125
Freeway-MinAtar,Phi-TD MoG,1,8650752.0,62.6328125
Freeway-MinAtar,Phi-TD MoG,1,8781824.0,62.6328125
Freeway-MinAtar,Phi-TD MoG,1,8912896.0,62.6328125
Freeway-MinAtar,Phi-TD MoG,1,9043968.0,62.5078125
Freeway-MinAtar,Phi-TD MoG,1,9175040.0,62.5078125
Freeway-MinAtar,Phi-TD MoG,1,9306112.0,62.5078125
Freeway-MinAtar,Phi-TD MoG,1,9437184.0,62.5078125
Freeway-MinAtar,Phi-TD MoG,1,9568256.0,64.6796875
Freeway-MinAtar,Phi-TD MoG,1,9699328.0,64.6796875
Freeway-MinAtar,Phi-TD MoG,1,9830400.0,64.6796875
Freeway-MinAtar,Phi-TD MoG,1,9961472.0,64.6796875
Freeway-MinAtar,Phi-TD MoG,2,131072.0,18.0390625
Freeway-MinAtar,Phi-TD MoG,2,262144.0,18.0390625
Freeway-MinAtar,Phi-TD MoG,2,393216.0,18.0390625
Freeway-MinAtar,Phi-TD MoG,2,524288.0,0.0
Freeway-MinAtar,Phi-TD MoG,2,655360.0,0.0
Freeway-MinAtar,Phi-TD MoG,2,786432.0,0.0
Freeway-MinAtar,Phi-TD MoG,2,917504.0,0.0
Freeway-MinAtar,Phi-TD MoG,2,1048576.0,0.3828125
Freeway-MinAtar,Phi-TD MoG,2,1179648.0,0.3828125
Freeway-MinAtar,Phi-TD MoG,2,1310720.0,0.3828125
Freeway-MinAtar,Phi-TD MoG,2,1441792.0,0.3828125
Freeway-MinAtar,Phi-TD MoG,2,1572864.0,28.234375
Freeway-MinAtar,Phi-TD MoG,2,1703936.0,28.234375
Freeway-MinAtar,Phi-TD MoG,2,1835008.0,28.234375
Freeway-MinAtar,Phi-TD MoG,2,1966080.0,28.234375
Freeway-MinAtar,Phi-TD MoG,2,2097152.0,6.3984375
Freeway-MinAtar,Phi-TD MoG,2,2228224.0,6.3984375
Freeway-MinAtar,Phi-TD MoG,2,2359296.0,6.3984375
Freeway-MinAtar,Phi-TD MoG,2,2490368.0,6.3984375
Freeway-MinAtar,Phi-TD MoG,2,2621440.0,60.046875
Freeway-MinAtar,Phi-TD MoG,2,2752512.0,60.046875
Freeway-MinAtar,Phi-TD MoG,2,2883584.0,60.046875
Freeway-MinAtar,Phi-TD MoG,2,3014656.0,33.0859375
Freeway-MinAtar,Phi-TD MoG,2,3145728.0,33.0859375
Freeway-MinAtar,Phi-TD MoG,2,3276800.0,33.0859375
Freeway-MinAtar,Phi-TD MoG,2,3407872.0,33.0859375
Freeway-MinAtar,Phi-TD MoG,2,3538944.0,49.6875
Freeway-MinAtar,Phi-TD MoG,2,3670016.0,49.6875
Freeway-MinAtar,Phi-TD MoG,2,3801088.0,49.6875
Freeway-MinAtar,Phi-TD MoG,2,3932160.0,49.6875
Freeway-MinAtar,Phi-TD MoG,2,4063232.0,54.3671875
Freeway-MinAtar,Phi-TD MoG,2,4194304.0,54.3671875
Freeway-MinAtar,Phi-TD MoG,2,4325376.0,54.3671875
Freeway-MinAtar,Phi-TD MoG,2,4456448.0,54.3671875
Freeway-MinAtar,Phi-TD MoG,2,4587520.0,52.40625
Freeway-MinAtar,Phi-TD MoG,2,4718592.0,52.40625
Freeway-MinAtar,Phi-TD MoG,2,4849664.0,52.40625
Freeway-MinAtar,Phi-TD MoG,2,4980736.0,52.40625
Freeway-MinAtar,Phi-TD MoG,2,5111808.0,57.9140625
Freeway-MinAtar,Phi-TD MoG,2,5242880.0,57.9140625
Freeway-MinAtar,Phi-TD MoG,2,5373952.0,57.9140625
Freeway-MinAtar,Phi-TD MoG,2,5505024.0,59.3828125
Freeway-MinAtar,Phi-TD MoG,2,5636096.0,59.3828125
Freeway-MinAtar,Phi-TD MoG,2,5767168.0,59.3828125
Freeway-MinAtar,Phi-TD MoG,2,5898240.0,59.3828125
Freeway-MinAtar,Phi-TD MoG,2,6029312.0,59.5
Freeway-MinAtar,Phi-TD MoG,2,6160384.0,59.5
Freeway-MinAtar,Phi-TD MoG,2,6291456.0,59.5
Freeway-MinAtar,Phi-TD MoG,2,6422528.0,59.5
Freeway-MinAtar,Phi-TD MoG,2,6553600.0,61.921875
Freeway-MinAtar,Phi-TD MoG,2,6684672.0,61.921875
Freeway-MinAtar,Phi-TD MoG,2,6815744.0,61.921875
Freeway-MinAtar,Phi-TD MoG,2,6946816.0,61.921875
Freeway-MinAtar,Phi-TD MoG,2,7077888.0,62.0390625
Freeway-MinAtar,Phi-TD MoG,2,7208960.0,62.0390625
Freeway-MinAtar,Phi-TD MoG,2,7340032.0,62.0390625
Freeway-MinAtar,Phi-TD MoG,2,7471104.0,62.0390625
Freeway-MinAtar,Phi-TD MoG,2,7602176.0,62.0703125
Freeway-MinAtar,Phi-TD MoG,2,7733248.0,62.0703125
Freeway-MinAtar,Phi-TD MoG,2,7864320.0,62.0703125
Freeway-MinAtar,Phi-TD MoG,2,7995392.0,63.3671875
Freeway-MinAtar,Phi-TD MoG,2,8126464.0,63.3671875
Freeway-MinAtar,Phi-TD MoG,2,8257536.0,63.3671875
Freeway-MinAtar,Phi-TD MoG,2,8388608.0,63.3671875
Freeway-MinAtar,Phi-TD MoG,2,8519680.0,64.09375
Freeway-MinAtar,Phi-TD MoG,2,8650752.0,64.09375
Freeway-MinAtar,Phi-TD MoG,2,8781824.0,64.09375
Freeway-MinAtar,Phi-TD MoG,2,8912896.0,64.09375
Freeway-MinAtar,Phi-TD MoG,2,9043968.0,62.1875
Freeway-MinAtar,Phi-TD MoG,2,9175040.0,62.1875
Freeway-MinAtar,Phi-TD MoG,2,9306112.0,62.1875
Freeway-MinAtar,Phi-TD MoG,2,9437184.0,62.1875
Freeway-MinAtar,Phi-TD MoG,2,9568256.0,62.7734375
Freeway-MinAtar,Phi-TD MoG,2,9699328.0,62.7734375
Freeway-MinAtar,Phi-TD MoG,2,9830400.0,62.7734375
Freeway-MinAtar,Phi-TD MoG,2,9961472.0,62.7734375
Freeway-MinAtar,Phi-TD MoG,3,131072.0,0.0
Freeway-MinAtar,Phi-TD MoG,3,262144.0,0.0
Freeway-MinAtar,Phi-TD MoG,3,393216.0,0.0
Freeway-MinAtar,Phi-TD MoG,3,524288.0,20.8203125
Freeway-MinAtar,Phi-TD MoG,3,655360.0,20.8203125
Freeway-MinAtar,Phi-TD MoG,3,786432.0,20.8203125
Freeway-MinAtar,Phi-TD MoG,3,917504.0,20.8203125
Freeway-MinAtar,Phi-TD MoG,3,1048576.0,0.21875
Freeway-MinAtar,Phi-TD MoG,3,1179648.0,0.21875
Freeway-MinAtar,Phi-TD MoG,3,1310720.0,0.21875
Freeway-MinAtar,Phi-TD MoG,3,1441792.0,0.21875
Freeway-MinAtar,Phi-TD MoG,3,1572864.0,19.1875
Freeway-MinAtar,Phi-TD MoG,3,1703936.0,19.1875
Freeway-MinAtar,Phi-TD MoG,3,1835008.0,19.1875
Freeway-MinAtar,Phi-TD MoG,3,1966080.0,19.1875
Freeway-MinAtar,Phi-TD MoG,3,2097152.0,15.8671875
Freeway-MinAtar,Phi-TD MoG,3,2228224.0,15.8671875
Freeway-MinAtar,Phi-TD MoG,3,2359296.0,15.8671875
Freeway-MinAtar,Phi-TD MoG,3,2490368.0,15.8671875
Freeway-MinAtar,Phi-TD MoG,3,2621440.0,47.078125
Freeway-MinAtar,Phi-TD MoG,3,2752512.0,47.078125
Freeway-MinAtar,Phi-TD MoG,3,2883584.0,47.078125
Freeway-MinAtar,Phi-TD MoG,3,3014656.0,38.828125
Freeway-MinAtar,Phi-TD MoG,3,3145728.0,38.828125
Freeway-MinAtar,Phi-TD MoG,3,3276800.0,38.828125
Freeway-MinAtar,Phi-TD MoG,3,3407872.0,38.828125
Freeway-MinAtar,Phi-TD MoG,3,3538944.0,0.0
Freeway-MinAtar,Phi-TD MoG,3,3670016.0,0.0
Freeway-MinAtar,Phi-TD MoG,3,3801088.0,0.0
Freeway-MinAtar,Phi-TD MoG,3,3932160.0,0.0
Freeway-MinAtar,Phi-TD MoG,3,4063232.0,49.15625
Freeway-MinAtar,Phi-TD MoG,3,4194304.0,49.15625
Freeway-MinAtar,Phi-TD MoG,3,4325376.0,49.15625
Freeway-MinAtar,Phi-TD MoG,3,4456448.0,49.15625
Freeway-MinAtar,Phi-TD MoG,3,4587520.0,0.0
Freeway-MinAtar,Phi-TD MoG,3,4718592.0,0.0
Freeway-MinAtar,Phi-TD MoG,3,4849664.0,0.0
Freeway-MinAtar,Phi-TD MoG,3,4980736.0,0.0
Freeway-MinAtar,Phi-TD MoG,3,5111808.0,53.5390625
Freeway-MinAtar,Phi-TD MoG,3,5242880.0,53.5390625
Freeway-MinAtar,Phi-TD MoG,3,5373952.0,53.5390625
Freeway-MinAtar,Phi-TD MoG,3,5505024.0,60.625
Freeway-MinAtar,Phi-TD MoG,3,5636096.0,60.625
Freeway-MinAtar,Phi-TD MoG,3,5767168.0,60.625
Freeway-MinAtar,Phi-TD MoG,3,5898240.0,60.625
Freeway-MinAtar,Phi-TD MoG,3,6029312.0,33.1875
Freeway-MinAtar,Phi-TD MoG,3,6160384.0,33.1875
Freeway-MinAtar,Phi-TD MoG,3,6291456.0,33.1875
Freeway-MinAtar,Phi-TD MoG,3,6422528.0,33.1875
Freeway-MinAtar,Phi-TD MoG,3,6553600.0,0.0
Freeway-MinAtar,Phi-TD MoG,3,6684672.0,0.0
Freeway-MinAtar,Phi-TD MoG,3,6815744.0,0.0
Freeway-MinAtar,Phi-TD MoG,3,6946816.0,0.0
Freeway-MinAtar,Phi-TD MoG,3,7077888.0,57.0859375
Freeway-MinAtar,Phi-TD MoG,3,7208960.0,57.0859375
Freeway-MinAtar,Phi-TD MoG,3,7340032.0,57.0859375
Freeway-MinAtar,Phi-TD MoG,3,7471104.0,57.0859375
Freeway-MinAtar,Phi-TD MoG,3,7602176.0,45.4765625
Freeway-MinAtar,Phi-TD MoG,3,7733248.0,45.4765625
Freeway-MinAtar,Phi-TD MoG,3,7864320.0,45.4765625
Freeway-MinAtar,Phi-TD MoG,3,7995392.0,53.03125
Freeway-MinAtar,Phi-TD MoG,3,8126464.0,53.03125
Freeway-MinAtar,Phi-TD MoG,3,8257536.0,53.03125
Freeway-MinAtar,Phi-TD MoG,3,8388608.0,53.03125
Freeway-MinAtar,Phi-TD MoG,3,8519680.0,58.7421875
Freeway-MinAtar,Phi-TD MoG,3,8650752.0,58.7421875
Freeway-MinAtar,Phi-TD MoG,3,8781824.0,58.7421875
Freeway-MinAtar,Phi-TD MoG,3,8912896.0,58.7421875
Freeway-MinAtar,Phi-TD MoG,3,9043968.0,63.1953125
Freeway-MinAtar,Phi-TD MoG,3,9175040.0,63.1953125
Freeway-MinAtar,Phi-TD MoG,3,9306112.0,63.1953125
Freeway-MinAtar,Phi-TD MoG,3,9437184.0,63.1953125
Freeway-MinAtar,Phi-TD MoG,3,9568256.0,62.421875
Freeway-MinAtar,Phi-TD MoG,3,9699328.0,62.421875
Freeway-MinAtar,Phi-TD MoG,3,9830400.0,62.421875
Freeway-MinAtar,Phi-TD MoG,3,9961472.0,62.421875
Freeway-MinAtar,Phi-TD MoG,4,131072.0,18.3671875
Freeway-MinAtar,Phi-TD MoG,4,262144.0,18.3671875
Freeway-MinAtar,Phi-TD MoG,4,393216.0,18.3671875
Freeway-MinAtar,Phi-TD MoG,4,524288.0,0.0
Freeway-MinAtar,Phi-TD MoG,4,655360.0,0.0
Freeway-MinAtar,Phi-TD MoG,4,786432.0,0.0
Freeway-MinAtar,Phi-TD MoG,4,917504.0,0.0
Freeway-MinAtar,Phi-TD MoG,4,1048576.0,19.015625
Freeway-MinAtar,Phi-TD MoG,4,1179648.0,19.015625
Freeway-MinAtar,Phi-TD MoG,4,1310720.0,19.015625
Freeway-MinAtar,Phi-TD MoG,4,1441792.0,19.015625
Freeway-MinAtar,Phi-TD MoG,4,1572864.0,19.1328125
Freeway-MinAtar,Phi-TD MoG,4,1703936.0,19.1328125
Freeway-MinAtar,Phi-TD MoG,4,1835008.0,19.1328125
Freeway-MinAtar,Phi-TD MoG,4,1966080.0,19.1328125
Freeway-MinAtar,Phi-TD MoG,4,2097152.0,0.1171875
Freeway-MinAtar,Phi-TD MoG,4,2228224.0,0.1171875
Freeway-MinAtar,Phi-TD MoG,4,2359296.0,0.1171875
Freeway-MinAtar,Phi-TD MoG,4,2490368.0,0.1171875
Freeway-MinAtar,Phi-TD MoG,4,2621440.0,57.0625
Freeway-MinAtar,Phi-TD MoG,4,2752512.0,57.0625
Freeway-MinAtar,Phi-TD MoG,4,2883584.0,57.0625
Freeway-MinAtar,Phi-TD MoG,4,3014656.0,56.3359375
Freeway-MinAtar,Phi-TD MoG,4,3145728.0,56.3359375
Freeway-MinAtar,Phi-TD MoG,4,3276800.0,56.3359375
Freeway-MinAtar,Phi-TD MoG,4,3407872.0,56.3359375
Freeway-MinAtar,Phi-TD MoG,4,3538944.0,62.015625
Freeway-MinAtar,Phi-TD MoG,4,3670016.0,62.015625
Freeway-MinAtar,Phi-TD MoG,4,3801088.0,62.015625
Freeway-MinAtar,Phi-TD MoG,4,3932160.0,62.015625
Freeway-MinAtar,Phi-TD MoG,4,4063232.0,49.234375
Freeway-MinAtar,Phi-TD MoG,4,4194304.0,49.234375
Freeway-MinAtar,Phi-TD MoG,4,4325376.0,49.234375
Freeway-MinAtar,Phi-TD MoG,4,4456448.0,49.234375
Freeway-MinAtar,Phi-TD MoG,4,4587520.0,0.0
Freeway-MinAtar,Phi-TD MoG,4,4718592.0,0.0
Freeway-MinAtar,Phi-TD MoG,4,4849664.0,0.0
Freeway-MinAtar,Phi-TD MoG,4,4980736.0,0.0
Freeway-MinAtar,Phi-TD MoG,4,5111808.0,59.3828125
Freeway-MinAtar,Phi-TD MoG,4,5242880.0,59.3828125
Freeway-MinAtar,Phi-TD MoG,4,5373952.0,59.3828125
Freeway-MinAtar,Phi-TD MoG,4,5505024.0,51.421875
Freeway-MinAtar,Phi-TD MoG,4,5636096.0,51.421875
Freeway-MinAtar,Phi-TD MoG,4,5767168.0,51.421875
Freeway-MinAtar,Phi-TD MoG,4,5898240.0,51.421875
Freeway-MinAtar,Phi-TD MoG,4,6029312.0,59.6875
Freeway-MinAtar,Phi-TD MoG,4,6160384.0,59.6875
Freeway-MinAtar,Phi-TD MoG,4,6291456.0,59.6875
Freeway-MinAtar,Phi-TD MoG,4,6422528.0,59.6875
Freeway-MinAtar,Phi-TD MoG,4,6553600.0,63.1484375
Freeway-MinAtar,Phi-TD MoG,4,6684672.0,63.1484375
Freeway-MinAtar,Phi-TD MoG,4,6815744.0,63.1484375
Freeway-MinAtar,Phi-TD MoG,4,6946816.0,63.1484375
Freeway-MinAtar,Phi-TD MoG,4,7077888.0,60.921875
Freeway-MinAtar,Phi-TD MoG,4,7208960.0,60.921875
Freeway-MinAtar,Phi-TD MoG,4,7340032.0,60.921875
Freeway-MinAtar,Phi-TD MoG,4,7471104.0,60.921875
Freeway-MinAtar,Phi-TD MoG,4,7602176.0,62.8515625
Freeway-MinAtar,Phi-TD MoG,4,7733248.0,62.8515625
Freeway-MinAtar,Phi-TD MoG,4,7864320.0,62.8515625
Freeway-MinAtar,Phi-TD MoG,4,7995392.0,59.484375
Freeway-MinAtar,Phi-TD MoG,4,8126464.0,59.484375
Freeway-MinAtar,Phi-TD MoG,4,8257536.0,59.484375
Freeway-MinAtar,Phi-TD MoG,4,8388608.0,59.484375
Freeway-MinAtar,Phi-TD MoG,4,8519680.0,62.9453125
Freeway-MinAtar,Phi-TD MoG,4,8650752.0,62.9453125
Freeway-MinAtar,Phi-TD MoG,4,8781824.0,62.9453125
Freeway-MinAtar,Phi-TD MoG,4,8912896.0,62.9453125
Freeway-MinAtar,Phi-TD MoG,4,9043968.0,62.8359375
Freeway-MinAtar,Phi-TD MoG,4,9175040.0,62.8359375
Freeway-MinAtar,Phi-TD MoG,4,9306112.0,62.8359375
Freeway-MinAtar,Phi-TD MoG,4,9437184.0,62.8359375
Freeway-MinAtar,Phi-TD MoG,4,9568256.0,63.6171875
Freeway-MinAtar,Phi-TD MoG,4,9699328.0,63.6171875
Freeway-MinAtar,Phi-TD MoG,4,9830400.0,63.6171875
Freeway-MinAtar,Phi-TD MoG,4,9961472.0,63.6171875
Freeway-MinAtar,Phi-TD MoG,5,131072.0,0.0
Freeway-MinAtar,Phi-TD MoG,5,262144.0,0.0
Freeway-MinAtar,Phi-TD MoG,5,393216.0,0.0
Freeway-MinAtar,Phi-TD MoG,5,524288.0,14.5546875
Freeway-MinAtar,Phi-TD MoG,5,655360.0,14.5546875
Freeway-MinAtar,Phi-TD MoG,5,786432.0,14.5546875
Freeway-MinAtar,Phi-TD MoG,5,917504.0,14.5546875
Freeway-MinAtar,Phi-TD MoG,5,1048576.0,11.703125
Freeway-MinAtar,Phi-TD MoG,5,1179648.0,11.703125
Freeway-MinAtar,Phi-TD MoG,5,1310720.0,11.703125
Freeway-MinAtar,Phi-TD MoG,5,1441792.0,11.703125
Freeway-MinAtar,Phi-TD MoG,5,1572864.0,51.953125
Freeway-MinAtar,Phi-TD MoG,5,1703936.0,51.953125
Freeway-MinAtar,Phi-TD MoG,5,1835008.0,51.953125
Freeway-MinAtar,Phi-TD MoG,5,1966080.0,51.953125
Freeway-MinAtar,Phi-TD MoG,5,2097152.0,6.71875
Freeway-MinAtar,Phi-TD MoG,5,2228224.0,6.71875
Freeway-MinAtar,Phi-TD MoG,5,2359296.0,6.71875
Freeway-MinAtar,Phi-TD MoG,5,2490368.0,6.71875
Freeway-MinAtar,Phi-TD MoG,5,2621440.0,53.609375
Freeway-MinAtar,Phi-TD MoG,5,2752512.0,53.609375
Freeway-MinAtar,Phi-TD MoG,5,2883584.0,53.609375
Freeway-MinAtar,Phi-TD MoG,5,3014656.0,48.4453125
Freeway-MinAtar,Phi-TD MoG,5,3145728.0,48.4453125
Freeway-MinAtar,Phi-TD MoG,5,3276800.0,48.4453125
Freeway-MinAtar,Phi-TD MoG,5,3407872.0,48.4453125
Freeway-MinAtar,Phi-TD MoG,5,3538944.0,57.1171875
Freeway-MinAtar,Phi-TD MoG,5,3670016.0,57.1171875
Freeway-MinAtar,Phi-TD MoG,5,3801088.0,57.1171875
Freeway-MinAtar,Phi-TD MoG,5,3932160.0,57.1171875
Freeway-MinAtar,Phi-TD MoG,5,4063232.0,60.78125
Freeway-MinAtar,Phi-TD MoG,5,4194304.0,60.78125
Freeway-MinAtar,Phi-TD MoG,5,4325376.0,60.78125
Freeway-MinAtar,Phi-TD MoG,5,4456448.0,60.78125
Freeway-MinAtar,Phi-TD MoG,5,4587520.0,41.1328125
Freeway-MinAtar,Phi-TD MoG,5,4718592.0,41.1328125
Freeway-MinAtar,Phi-TD MoG,5,4849664.0,41.1328125
Freeway-MinAtar,Phi-TD MoG,5,4980736.0,41.1328125
Freeway-MinAtar,Phi-TD MoG,5,5111808.0,53.78125
Freeway-MinAtar,Phi-TD MoG,5,5242880.0,53.78125
Freeway-MinAtar,Phi-TD MoG,5,5373952.0,53.78125
Freeway-MinAtar,Phi-TD MoG,5,5505024.0,55.203125
Freeway-MinAtar,Phi-TD MoG,5,5636096.0,55.203125
Freeway-MinAtar,Phi-TD MoG,5,5767168.0,55.203125
Freeway-MinAtar,Phi-TD MoG,5,5898240.0,55.203125
Freeway-MinAtar,Phi-TD MoG,5,6029312.0,58.484375
Freeway-MinAtar,Phi-TD MoG,5,6160384.0,58.484375
Freeway-MinAtar,Phi-TD MoG,5,6291456.0,58.484375
Freeway-MinAtar,Phi-TD MoG,5,6422528.0,58.484375
Freeway-MinAtar,Phi-TD MoG,5,6553600.0,61.515625
Freeway-MinAtar,Phi-TD MoG,5,6684672.0,61.515625
Freeway-MinAtar,Phi-TD MoG,5,6815744.0,61.515625
Freeway-MinAtar,Phi-TD MoG,5,6946816.0,61.515625
Freeway-MinAtar,Phi-TD MoG,5,7077888.0,63.0
Freeway-MinAtar,Phi-TD MoG,5,7208960.0,63.0
Freeway-MinAtar,Phi-TD MoG,5,7340032.0,63.0
Freeway-MinAtar,Phi-TD MoG,5,7471104.0,63.0
Freeway-MinAtar,Phi-TD MoG,5,7602176.0,60.6640625
Freeway-MinAtar,Phi-TD MoG,5,7733248.0,60.6640625
Freeway-MinAtar,Phi-TD MoG,5,7864320.0,60.6640625
Freeway-MinAtar,Phi-TD MoG,5,7995392.0,62.265625
Freeway-MinAtar,Phi-TD MoG,5,8126464.0,62.265625
Freeway-MinAtar,Phi-TD MoG,5,8257536.0,62.265625
Freeway-MinAtar,Phi-TD MoG,5,8388608.0,62.265625
Freeway-MinAtar,Phi-TD MoG,5,8519680.0,64.28125
Freeway-MinAtar,Phi-TD MoG,5,8650752.0,64.28125
Freeway-MinAtar,Phi-TD MoG,5,8781824.0,64.28125
Freeway-MinAtar,Phi-TD MoG,5,8912896.0,64.28125
Freeway-MinAtar,Phi-TD MoG,5,9043968.0,62.6953125
Freeway-MinAtar,Phi-TD MoG,5,9175040.0,62.6953125
Freeway-MinAtar,Phi-TD MoG,5,9306112.0,62.6953125
Freeway-MinAtar,Phi-TD MoG,5,9437184.0,62.6953125
Freeway-MinAtar,Phi-TD MoG,5,9568256.0,64.78125
Freeway-MinAtar,Phi-TD MoG,5,9699328.0,64.78125
Freeway-MinAtar,Phi-TD MoG,5,9830400.0,64.78125
Freeway-MinAtar,Phi-TD MoG,5,9961472.0,64.78125
SpaceInvaders-MinAtar,Phi-TD MoG,1,131072.0,0.0
SpaceInvaders-MinAtar,Phi-TD MoG,1,262144.0,0.0
SpaceInvaders-MinAtar,Phi-TD MoG,1,393216.0,0.0
SpaceInvaders-MinAtar,Phi-TD MoG,1,524288.0,26.0
SpaceInvaders-MinAtar,Phi-TD MoG,1,655360.0,26.0
SpaceInvaders-MinAtar,Phi-TD MoG,1,786432.0,26.0
SpaceInvaders-MinAtar,Phi-TD MoG,1,917504.0,26.0
SpaceInvaders-MinAtar,Phi-TD MoG,1,1048576.0,22.0
SpaceInvaders-MinAtar,Phi-TD MoG,1,1179648.0,22.0
SpaceInvaders-MinAtar,Phi-TD MoG,1,1310720.0,22.0
SpaceInvaders-MinAtar,Phi-TD MoG,1,1441792.0,22.0
SpaceInvaders-MinAtar,Phi-TD MoG,1,1572864.0,27.0
SpaceInvaders-MinAtar,Phi-TD MoG,1,1703936.0,27.0
SpaceInvaders-MinAtar,Phi-TD MoG,1,1835008.0,27.0
SpaceInvaders-MinAtar,Phi-TD MoG,1,1966080.0,27.0
SpaceInvaders-MinAtar,Phi-TD MoG,1,2097152.0,99.0
SpaceInvaders-MinAtar,Phi-TD MoG,1,2228224.0,99.0
SpaceInvaders-MinAtar,Phi-TD MoG,1,2359296.0,99.0
SpaceInvaders-MinAtar,Phi-TD MoG,1,2490368.0,99.0
SpaceInvaders-MinAtar,Phi-TD MoG,1,2621440.0,76.0
SpaceInvaders-MinAtar,Phi-TD MoG,1,2752512.0,76.0
SpaceInvaders-MinAtar,Phi-TD MoG,1,2883584.0,76.0
SpaceInvaders-MinAtar,Phi-TD MoG,1,3014656.0,139.0
SpaceInvaders-MinAtar,Phi-TD MoG,1,3145728.0,139.0
SpaceInvaders-MinAtar,Phi-TD MoG,1,3276800.0,139.0
SpaceInvaders-MinAtar,Phi-TD MoG,1,3407872.0,139.0
SpaceInvaders-MinAtar,Phi-TD MoG,1,3538944.0,50.0
SpaceInvaders-MinAtar,Phi-TD MoG,1,3670016.0,50.0
SpaceInvaders-MinAtar,Phi-TD MoG,1,3801088.0,50.0
SpaceInvaders-MinAtar,Phi-TD MoG,1,3932160.0,50.0
SpaceInvaders-MinAtar,Phi-TD MoG,1,4063232.0,134.0
SpaceInvaders-MinAtar,Phi-TD MoG,1,4194304.0,134.0
SpaceInvaders-MinAtar,Phi-TD MoG,1,4325376.0,134.0
SpaceInvaders-MinAtar,Phi-TD MoG,1,4456448.0,134.0
SpaceInvaders-MinAtar,Phi-TD MoG,1,4587520.0,143.0
SpaceInvaders-MinAtar,Phi-TD MoG,1,4718592.0,143.0
SpaceInvaders-MinAtar,Phi-TD MoG,1,4849664.0,143.0
SpaceInvaders-MinAtar,Phi-TD MoG,1,4980736.0,143.0
SpaceInvaders-MinAtar,Phi-TD MoG,1,5111808.0,138.0
SpaceInvaders-MinAtar,Phi-TD MoG,1,5242880.0,138.0
SpaceInvaders-MinAtar,Phi-TD MoG,1,5373952.0,138.0
SpaceInvaders-MinAtar,Phi-TD MoG,1,5505024.0,74.0
SpaceInvaders-MinAtar,Phi-TD MoG,1,5636096.0,74.0
SpaceInvaders-MinAtar,Phi-TD MoG,1,5767168.0,74.0
SpaceInvaders-MinAtar,Phi-TD MoG,1,5898240.0,74.0
SpaceInvaders-MinAtar,Phi-TD MoG,1,6029312.0,141.0
SpaceInvaders-MinAtar,Phi-TD MoG,1,6160384.0,141.0
SpaceInvaders-MinAtar,Phi-TD MoG,1,6291456.0,141.0
SpaceInvaders-MinAtar,Phi-TD MoG,1,6422528.0,141.0
SpaceInvaders-MinAtar,Phi-TD MoG,1,6553600.0,137.0
SpaceInvaders-MinAtar,Phi-TD MoG,1,6684672.0,137.0
SpaceInvaders-MinAtar,Phi-TD MoG,1,6815744.0,137.0
SpaceInvaders-MinAtar,Phi-TD MoG,1,6946816.0,137.0
SpaceInvaders-MinAtar,Phi-TD MoG,1,7077888.0,149.0
SpaceInvaders-MinAtar,Phi-TD MoG,1,7208960.0,149.0
SpaceInvaders-MinAtar,Phi-TD MoG,1,7340032.0,149.0
SpaceInvaders-MinAtar,Phi-TD MoG,1,7471104.0,149.0
SpaceInvaders-MinAtar,Phi-TD MoG,1,7602176.0,140.0
SpaceInvaders-MinAtar,Phi-TD MoG,1,7733248.0,140.0
SpaceInvaders-MinAtar,Phi-TD MoG,1,7864320.0,140.0
SpaceInvaders-MinAtar,Phi-TD MoG,1,7995392.0,138.0
SpaceInvaders-MinAtar,Phi-TD MoG,1,8126464.0,138.0
SpaceInvaders-MinAtar,Phi-TD MoG,1,8257536.0,138.0
SpaceInvaders-MinAtar,Phi-TD MoG,1,8388608.0,138.0
SpaceInvaders-MinAtar,Phi-TD MoG,1,8519680.0,146.0
SpaceInvaders-MinAtar,Phi-TD MoG,1,8650752.0,146.0
SpaceInvaders-MinAtar,Phi-TD MoG,1,8781824.0,146.0
SpaceInvaders-MinAtar,Phi-TD MoG,1,8912896.0,146.0
SpaceInvaders-MinAtar,Phi-TD MoG,1,9043968.0,123.0
SpaceInvaders-MinAtar,Phi-TD MoG,1,9175040.0,123.0
SpaceInvaders-MinAtar,Phi-TD MoG,1,9306112.0,123.0
SpaceInvaders-MinAtar,Phi-TD MoG,1,9437184.0,123.0
SpaceInvaders-MinAtar,Phi-TD MoG,1,9568256.0,139.0
SpaceInvaders-MinAtar,Phi-TD MoG,1,9699328.0,139.0
SpaceInvaders-MinAtar,Phi-TD MoG,1,9830400.0,139.0
SpaceInvaders-MinAtar,Phi-TD MoG,1,9961472.0,139.0
SpaceInvaders-MinAtar,Phi-TD MoG,2,131072.0,0.0
SpaceInvaders-MinAtar,Phi-TD MoG,2,262144.0,0.0
SpaceInvaders-MinAtar,Phi-TD MoG,2,393216.0,0.0
SpaceInvaders-MinAtar,Phi-TD MoG,2,524288.0,75.0
SpaceInvaders-MinAtar,Phi-TD MoG,2,655360.0,75.0
SpaceInvaders-MinAtar,Phi-TD MoG,2,786432.0,75.0
SpaceInvaders-MinAtar,Phi-TD MoG,2,917504.0,75.0
SpaceInvaders-MinAtar,Phi-TD MoG,2,1048576.0,27.0
SpaceInvaders-MinAtar,Phi-TD MoG,2,1179648.0,27.0
SpaceInvaders-MinAtar,Phi-TD MoG,2,1310720.0,27.0
SpaceInvaders-MinAtar,Phi-TD MoG,2,1441792.0,27.0
SpaceInvaders-MinAtar,Phi-TD MoG,2,1572864.0,24.0
SpaceInvaders-MinAtar,Phi-TD MoG,2,1703936.0,24.0
SpaceInvaders-MinAtar,Phi-TD MoG,2,1835008.0,24.0
SpaceInvaders-MinAtar,Phi-TD MoG,2,1966080.0,24.0
SpaceInvaders-MinAtar,Phi-TD MoG,2,2097152.0,50.0
SpaceInvaders-MinAtar,Phi-TD MoG,2,2228224.0,50.0
SpaceInvaders-MinAtar,Phi-TD MoG,2,2359296.0,50.0
SpaceInvaders-MinAtar,Phi-TD MoG,2,2490368.0,50.0
SpaceInvaders-MinAtar,Phi-TD MoG,2,2621440.0,141.0
SpaceInvaders-MinAtar,Phi-TD MoG,2,2752512.0,141.0
SpaceInvaders-MinAtar,Phi-TD MoG,2,2883584.0,141.0
SpaceInvaders-MinAtar,Phi-TD MoG,2,3014656.0,127.0
SpaceInvaders-MinAtar,Phi-TD MoG,2,3145728.0,127.0
SpaceInvaders-MinAtar,Phi-TD MoG,2,3276800.0,127.0
SpaceInvaders-MinAtar,Phi-TD MoG,2,3407872.0,127.0
SpaceInvaders-MinAtar,Phi-TD MoG,2,3538944.0,25.0
SpaceInvaders-MinAtar,Phi-TD MoG,2,3670016.0,25.0
SpaceInvaders-MinAtar,Phi-TD MoG,2,3801088.0,25.0
SpaceInvaders-MinAtar,Phi-TD MoG,2,3932160.0,25.0
SpaceInvaders-MinAtar,Phi-TD MoG,2,4063232.0,25.0
SpaceInvaders-MinAtar,Phi-TD MoG,2,4194304.0,25.0
SpaceInvaders-MinAtar,Phi-TD MoG,2,4325376.0,25.0
SpaceInvaders-MinAtar,Phi-TD MoG,2,4456448.0,25.0
SpaceInvaders-MinAtar,Phi-TD MoG,2,4587520.0,26.0
SpaceInvaders-MinAtar,Phi-TD MoG,2,4718592.0,26.0
SpaceInvaders-MinAtar,Phi-TD MoG,2,4849664.0,26.0
SpaceInvaders-MinAtar,Phi-TD MoG,2,4980736.0,26.0
SpaceInvaders-MinAtar,Phi-TD MoG,2,5111808.0,122.0
SpaceInvaders-MinAtar,Phi-TD MoG,2,5242880.0,122.0
SpaceInvaders-MinAtar,Phi-TD MoG,2,5373952.0,122.0
SpaceInvaders-MinAtar,Phi-TD MoG,2,5505024.0,146.0
SpaceInvaders-MinAtar,Phi-TD MoG,2,5636096.0,146.0
SpaceInvaders-MinAtar,Phi-TD MoG,2,5767168.0,146.0
SpaceInvaders-MinAtar,Phi-TD MoG,2,5898240.0,146.0
SpaceInvaders-MinAtar,Phi-TD MoG,2,6029312.0,135.0
SpaceInvaders-MinAtar,Phi-TD MoG,2,6160384.0,135.0
SpaceInvaders-MinAtar,Phi-TD MoG,2,6291456.0,135.0
SpaceInvaders-MinAtar,Phi-TD MoG,2,6422528.0,135.0
SpaceInvaders-MinAtar,Phi-TD MoG,2,6553600.0,137.0
SpaceInvaders-MinAtar,Phi-TD MoG,2,6684672.0,137.0
SpaceInvaders-MinAtar,Phi-TD MoG,2,6815744.0,137.0
SpaceInvaders-MinAtar,Phi-TD MoG,2,6946816.0,137.0
SpaceInvaders-MinAtar,Phi-TD MoG,2,7077888.0,136.0
SpaceInvaders-MinAtar,Phi-TD MoG,2,7208960.0,136.0
SpaceInvaders-MinAtar,Phi-TD MoG,2,7340032.0,136.0
SpaceInvaders-MinAtar,Phi-TD MoG,2,7471104.0,136.0
SpaceInvaders-MinAtar,Phi-TD MoG,2,7602176.0,145.0
SpaceInvaders-MinAtar,Phi-TD MoG,2,7733248.0,145.0
SpaceInvaders-MinAtar,Phi-TD MoG,2,7864320.0,145.0
SpaceInvaders-MinAtar,Phi-TD MoG,2,7995392.0,154.0
SpaceInvaders-MinAtar,Phi-TD MoG,2,8126464.0,154.0
SpaceInvaders-MinAtar,Phi-TD MoG,2,8257536.0,154.0
SpaceInvaders-MinAtar,Phi-TD MoG,2,8388608.0,154.0
SpaceInvaders-MinAtar,Phi-TD MoG,2,8519680.0,156.0
SpaceInvaders-MinAtar,Phi-TD MoG,2,8650752.0,156.0
SpaceInvaders-MinAtar,Phi-TD MoG,2,8781824.0,156.0
SpaceInvaders-MinAtar,Phi-TD MoG,2,8912896.0,156.0
SpaceInvaders-MinAtar,Phi-TD MoG,2,9043968.0,26.0
SpaceInvaders-MinAtar,Phi-TD MoG,2,9175040.0,26.0
SpaceInvaders-MinAtar,Phi-TD MoG,2,9306112.0,26.0
SpaceInvaders-MinAtar,Phi-TD MoG,2,9437184.0,26.0
SpaceInvaders-MinAtar,Phi-TD MoG,2,9568256.0,141.0
SpaceInvaders-MinAtar,Phi-TD MoG,2,9699328.0,141.0
SpaceInvaders-MinAtar,Phi-TD MoG,2,9830400.0,141.0
SpaceInvaders-MinAtar,Phi-TD MoG,2,9961472.0,141.0
SpaceInvaders-MinAtar,Phi-TD MoG,3,131072.0,0.0
SpaceInvaders-MinAtar,Phi-TD MoG,3,262144.0,0.0
SpaceInvaders-MinAtar,Phi-TD MoG,3,393216.0,0.0
SpaceInvaders-MinAtar,Phi-TD MoG,3,524288.0,27.0
SpaceInvaders-MinAtar,Phi-TD MoG,3,655360.0,27.0
SpaceInvaders-MinAtar,Phi-TD MoG,3,786432.0,27.0
SpaceInvaders-MinAtar,Phi-TD MoG,3,917504.0,27.0
SpaceInvaders-MinAtar,Phi-TD MoG,3,1048576.0,26.0
SpaceInvaders-MinAtar,Phi-TD MoG,3,1179648.0,26.0
SpaceInvaders-MinAtar,Phi-TD MoG,3,1310720.0,26.0
SpaceInvaders-MinAtar,Phi-TD MoG,3,1441792.0,26.0
SpaceInvaders-MinAtar,Phi-TD MoG,3,1572864.0,27.0
SpaceInvaders-MinAtar,Phi-TD MoG,3,1703936.0,27.0
SpaceInvaders-MinAtar,Phi-TD MoG,3,1835008.0,27.0
SpaceInvaders-MinAtar,Phi-TD MoG,3,1966080.0,27.0
SpaceInvaders-MinAtar,Phi-TD MoG,3,2097152.0,99.0
SpaceInvaders-MinAtar,Phi-TD MoG,3,2228224.0,99.0
SpaceInvaders-MinAtar,Phi-TD MoG,3,2359296.0,99.0
SpaceInvaders-MinAtar,Phi-TD MoG,3,2490368.0,99.0
SpaceInvaders-MinAtar,Phi-TD MoG,3,2621440.0,137.0
SpaceInvaders-MinAtar,Phi-TD MoG,3,2752512.0,137.0
SpaceInvaders-MinAtar,Phi-TD MoG,3,2883584.0,137.0
SpaceInvaders-MinAtar,Phi-TD MoG,3,3014656.0,146.0
SpaceInvaders-MinAtar,Phi-TD MoG,3,3145728.0,146.0
SpaceInvaders-MinAtar,Phi-TD MoG,3,3276800.0,146.0
SpaceInvaders-MinAtar,Phi-TD MoG,3,3407872.0,146.0
SpaceInvaders-MinAtar,Phi-TD MoG,3,3538944.0,27.0
SpaceInvaders-MinAtar,Phi-TD MoG,3,3670016.0,27.0
SpaceInvaders-MinAtar,Phi-TD MoG,3,3801088.0,27.0
SpaceInvaders-MinAtar,Phi-TD MoG,3,3932160.0,27.0
SpaceInvaders-MinAtar,Phi-TD MoG,3,4063232.0,123.0
SpaceInvaders-MinAtar,Phi-TD MoG,3,4194304.0,123.0
SpaceInvaders-MinAtar,Phi-TD MoG,3,4325376.0,123.0
SpaceInvaders-MinAtar,Phi-TD MoG,3,4456448.0,123.0
SpaceInvaders-MinAtar,Phi-TD MoG,3,4587520.0,26.0
SpaceInvaders-MinAtar,Phi-TD MoG,3,4718592.0,26.0
SpaceInvaders-MinAtar,Phi-TD MoG,3,4849664.0,26.0
SpaceInvaders-MinAtar,Phi-TD MoG,3,4980736.0,26.0
SpaceInvaders-MinAtar,Phi-TD MoG,3,5111808.0,136.0
SpaceInvaders-MinAtar,Phi-TD MoG,3,5242880.0,136.0
SpaceInvaders-MinAtar,Phi-TD MoG,3,5373952.0,136.0
SpaceInvaders-MinAtar,Phi-TD MoG,3,5505024.0,143.0
SpaceInvaders-MinAtar,Phi-TD MoG,3,5636096.0,143.0
SpaceInvaders-MinAtar,Phi-TD MoG,3,5767168.0,143.0
SpaceInvaders-MinAtar,Phi-TD MoG,3,5898240.0,143.0
SpaceInvaders-MinAtar,Phi-TD MoG,3,6029312.0,145.0
SpaceInvaders-MinAtar,Phi-TD MoG,3,6160384.0,145.0
SpaceInvaders-MinAtar,Phi-TD MoG,3,6291456.0,145.0
SpaceInvaders-MinAtar,Phi-TD MoG,3,6422528.0,145.0
SpaceInvaders-MinAtar,Phi-TD MoG,3,6553600.0,154.0
SpaceInvaders-MinAtar,Phi-TD MoG,3,6684672.0,154.0
SpaceInvaders-MinAtar,Phi-TD MoG,3,6815744.0,154.0
SpaceInvaders-MinAtar,Phi-TD MoG,3,6946816.0,154.0
SpaceInvaders-MinAtar,Phi-TD MoG,3,7077888.0,146.0
SpaceInvaders-MinAtar,Phi-TD MoG,3,7208960.0,146.0
SpaceInvaders-MinAtar,Phi-TD MoG,3,7340032.0,146.0
SpaceInvaders-MinAtar,Phi-TD MoG,3,7471104.0,146.0
SpaceInvaders-MinAtar,Phi-TD MoG,3,7602176.0,140.0
SpaceInvaders-MinAtar,Phi-TD MoG,3,7733248.0,140.0
SpaceInvaders-MinAtar,Phi-TD MoG,3,7864320.0,140.0
SpaceInvaders-MinAtar,Phi-TD MoG,3,7995392.0,153.0
SpaceInvaders-MinAtar,Phi-TD MoG,3,8126464.0,153.0
SpaceInvaders-MinAtar,Phi-TD MoG,3,8257536.0,153.0
SpaceInvaders-MinAtar,Phi-TD MoG,3,8388608.0,153.0
SpaceInvaders-MinAtar,Phi-TD MoG,3,8519680.0,98.0
SpaceInvaders-MinAtar,Phi-TD MoG,3,8650752.0,98.0
SpaceInvaders-MinAtar,Phi-TD MoG,3,8781824.0,98.0
SpaceInvaders-MinAtar,Phi-TD MoG,3,8912896.0,98.0
SpaceInvaders-MinAtar,Phi-TD MoG,3,9043968.0,143.0
SpaceInvaders-MinAtar,Phi-TD MoG,3,9175040.0,143.0
SpaceInvaders-MinAtar,Phi-TD MoG,3,9306112.0,143.0
SpaceInvaders-MinAtar,Phi-TD MoG,3,9437184.0,143.0
SpaceInvaders-MinAtar,Phi-TD MoG,3,9568256.0,155.0
SpaceInvaders-MinAtar,Phi-TD MoG,3,9699328.0,155.0
SpaceInvaders-MinAtar,Phi-TD MoG,3,9830400.0,155.0
SpaceInvaders-MinAtar,Phi-TD MoG,3,9961472.0,155.0
SpaceInvaders-MinAtar,Phi-TD MoG,4,131072.0,0.0
SpaceInvaders-MinAtar,Phi-TD MoG,4,262144.0,0.0
SpaceInvaders-MinAtar,Phi-TD MoG,4,393216.0,0.0
SpaceInvaders-MinAtar,Phi-TD MoG,4,524288.0,25.0
SpaceInvaders-MinAtar,Phi-TD MoG,4,655360.0,25.0
SpaceInvaders-MinAtar,Phi-TD MoG,4,786432.0,25.0
SpaceInvaders-MinAtar,Phi-TD MoG,4,917504.0,25.0
SpaceInvaders-MinAtar,Phi-TD MoG,4,1048576.0,27.0
SpaceInvaders-MinAtar,Phi-TD MoG,4,1179648.0,27.0
SpaceInvaders-MinAtar,Phi-TD MoG,4,1310720.0,27.0
SpaceInvaders-MinAtar,Phi-TD MoG,4,1441792.0,27.0
SpaceInvaders-MinAtar,Phi-TD MoG,4,1572864.0,24.0
SpaceInvaders-MinAtar,Phi-TD MoG,4,1703936.0,24.0
SpaceInvaders-MinAtar,Phi-TD MoG,4,1835008.0,24.0
SpaceInvaders-MinAtar,Phi-TD MoG,4,1966080.0,24.0
SpaceInvaders-MinAtar,Phi-TD MoG,4,2097152.0,26.0
SpaceInvaders-MinAtar,Phi-TD MoG,4,2228224.0,26.0
SpaceInvaders-MinAtar,Phi-TD MoG,4,2359296.0,26.0
SpaceInvaders-MinAtar,Phi-TD MoG,4,2490368.0,26.0
SpaceInvaders-MinAtar,Phi-TD MoG,4,2621440.0,122.0
SpaceInvaders-MinAtar,Phi-TD MoG,4,2752512.0,122.0
SpaceInvaders-MinAtar,Phi-TD MoG,4,2883584.0,122.0
SpaceInvaders-MinAtar,Phi-TD MoG,4,3014656.0,52.0
SpaceInvaders-MinAtar,Phi-TD MoG,4,3145728.0,52.0
SpaceInvaders-MinAtar,Phi-TD MoG,4,3276800.0,52.0
SpaceInvaders-MinAtar,Phi-TD MoG,4,3407872.0,52.0
SpaceInvaders-MinAtar,Phi-TD MoG,4,3538944.0,144.0
SpaceInvaders-MinAtar,Phi-TD MoG,4,3670016.0,144.0
SpaceInvaders-MinAtar,Phi-TD MoG,4,3801088.0,144.0
SpaceInvaders-MinAtar,Phi-TD MoG,4,3932160.0,144.0
SpaceInvaders-MinAtar,Phi-TD MoG,4,4063232.0,75.0
SpaceInvaders-MinAtar,Phi-TD MoG,4,4194304.0,75.0
SpaceInvaders-MinAtar,Phi-TD MoG,4,4325376.0,75.0
SpaceInvaders-MinAtar,Phi-TD MoG,4,4456448.0,75.0
SpaceInvaders-MinAtar,Phi-TD MoG,4,4587520.0,98.0
SpaceInvaders-MinAtar,Phi-TD MoG,4,4718592.0,98.0
SpaceInvaders-MinAtar,Phi-TD MoG,4,4849664.0,98.0
SpaceInvaders-MinAtar,Phi-TD MoG,4,4980736.0,98.0
SpaceInvaders-MinAtar,Phi-TD MoG,4,5111808.0,143.0
SpaceInvaders-MinAtar,Phi-TD MoG,4,5242880.0,143.0
SpaceInvaders-MinAtar,Phi-TD MoG,4,5373952.0,143.0
SpaceInvaders-MinAtar,Phi-TD MoG,4,5505024.0,148.0
SpaceInvaders-MinAtar,Phi-TD MoG,4,5636096.0,148.0
SpaceInvaders-MinAtar,Phi-TD MoG,4,5767168.0,148.0
SpaceInvaders-MinAtar,Phi-TD MoG,4,5898240.0,148.0
SpaceInvaders-MinAtar,Phi-TD MoG,4,6029312.0,145.0
SpaceInvaders-MinAtar,Phi-TD MoG,4,6160384.0,145.0
SpaceInvaders-MinAtar,Phi-TD MoG,4,6291456.0,145.0
SpaceInvaders-MinAtar,Phi-TD MoG,4,6422528.0,145.0
SpaceInvaders-MinAtar,Phi-TD MoG,4,6553600.0,139.0
SpaceInvaders-MinAtar,Phi-TD MoG,4,6684672.0,139.0
SpaceInvaders-MinAtar,Phi-TD MoG,4,6815744.0,139.0
SpaceInvaders-MinAtar,Phi-TD MoG,4,6946816.0,139.0
SpaceInvaders-MinAtar,Phi-TD MoG,4,7077888.0,25.0
SpaceInvaders-MinAtar,Phi-TD MoG,4,7208960.0,25.0
SpaceInvaders-MinAtar,Phi-TD MoG,4,7340032.0,25.0
SpaceInvaders-MinAtar,Phi-TD MoG,4,7471104.0,25.0
SpaceInvaders-MinAtar,Phi-TD MoG,4,7602176.0,100.0
SpaceInvaders-MinAtar,Phi-TD MoG,4,7733248.0,100.0
SpaceInvaders-MinAtar,Phi-TD MoG,4,7864320.0,100.0
SpaceInvaders-MinAtar,Phi-TD MoG,4,7995392.0,151.0
SpaceInvaders-MinAtar,Phi-TD MoG,4,8126464.0,151.0
SpaceInvaders-MinAtar,Phi-TD MoG,4,8257536.0,151.0
SpaceInvaders-MinAtar,Phi-TD MoG,4,8388608.0,151.0
SpaceInvaders-MinAtar,Phi-TD MoG,4,8519680.0,144.0
SpaceInvaders-MinAtar,Phi-TD MoG,4,8650752.0,144.0
SpaceInvaders-MinAtar,Phi-TD MoG,4,8781824.0,144.0
SpaceInvaders-MinAtar,Phi-TD MoG,4,8912896.0,144.0
SpaceInvaders-MinAtar,Phi-TD MoG,4,9043968.0,146.0
SpaceInvaders-MinAtar,Phi-TD MoG,4,9175040.0,146.0
SpaceInvaders-MinAtar,Phi-TD MoG,4,9306112.0,146.0
SpaceInvaders-MinAtar,Phi-TD MoG,4,9437184.0,146.0
SpaceInvaders-MinAtar,Phi-TD MoG,4,9568256.0,158.0
SpaceInvaders-MinAtar,Phi-TD MoG,4,9699328.0,158.0
SpaceInvaders-MinAtar,Phi-TD MoG,4,9830400.0,158.0
SpaceInvaders-MinAtar,Phi-TD MoG,4,9961472.0,158.0
SpaceInvaders-MinAtar,Phi-TD MoG,5,131072.0,0.0
SpaceInvaders-MinAtar,Phi-TD MoG,5,262144.0,0.0
SpaceInvaders-MinAtar,Phi-TD MoG,5,393216.0,0.0
SpaceInvaders-MinAtar,Phi-TD MoG,5,524288.0,26.0
SpaceInvaders-MinAtar,Phi-TD MoG,5,655360.0,26.0
SpaceInvaders-MinAtar,Phi-TD MoG,5,786432.0,26.0
SpaceInvaders-MinAtar,Phi-TD MoG,5,917504.0,26.0
SpaceInvaders-MinAtar,Phi-TD MoG,5,1048576.0,24.0
SpaceInvaders-MinAtar,Phi-TD MoG,5,1179648.0,24.0
SpaceInvaders-MinAtar,Phi-TD MoG,5,1310720.0,24.0
SpaceInvaders-MinAtar,Phi-TD MoG,5,1441792.0,24.0
SpaceInvaders-MinAtar,Phi-TD MoG,5,1572864.0,5.0
SpaceInvaders-MinAtar,Phi-TD MoG,5,1703936.0,5.0
SpaceInvaders-MinAtar,Phi-TD MoG,5,1835008.0,5.0
SpaceInvaders-MinAtar,Phi-TD MoG,5,1966080.0,5.0
SpaceInvaders-MinAtar,Phi-TD MoG,5,2097152.0,28.0
SpaceInvaders-MinAtar,Phi-TD MoG,5,2228224.0,28.0
SpaceInvaders-MinAtar,Phi-TD MoG,5,2359296.0,28.0
SpaceInvaders-MinAtar,Phi-TD MoG,5,2490368.0,28.0
SpaceInvaders-MinAtar,Phi-TD MoG,5,2621440.0,123.0
SpaceInvaders-MinAtar,Phi-TD MoG,5,2752512.0,123.0
SpaceInvaders-MinAtar,Phi-TD MoG,5,2883584.0,123.0
SpaceInvaders-MinAtar,Phi-TD MoG,5,3014656.0,25.0
SpaceInvaders-MinAtar,Phi-TD MoG,5,3145728.0,25.0
SpaceInvaders-MinAtar,Phi-TD MoG,5,3276800.0,25.0
SpaceInvaders-MinAtar,Phi-TD MoG,5,3407872.0,25.0
SpaceInvaders-MinAtar,Phi-TD MoG,5,3538944.0,121.0
SpaceInvaders-MinAtar,Phi-TD MoG,5,3670016.0,121.0
SpaceInvaders-MinAtar,Phi-TD MoG,5,3801088.0,121.0
SpaceInvaders-MinAtar,Phi-TD MoG,5,3932160.0,121.0
SpaceInvaders-MinAtar,Phi-TD MoG,5,4063232.0,142.0
SpaceInvaders-MinAtar,Phi-TD MoG,5,4194304.0,142.0
SpaceInvaders-MinAtar,Phi-TD MoG,5,4325376.0,142.0
SpaceInvaders-MinAtar,Phi-TD MoG,5,4456448.0,142.0
SpaceInvaders-MinAtar,Phi-TD MoG,5,4587520.0,147.0
SpaceInvaders-MinAtar,Phi-TD MoG,5,4718592.0,147.0
SpaceInvaders-MinAtar,Phi-TD MoG,5,4849664.0,147.0
SpaceInvaders-MinAtar,Phi-TD MoG,5,4980736.0,147.0
SpaceInvaders-MinAtar,Phi-TD MoG,5,5111808.0,133.0
SpaceInvaders-MinAtar,Phi-TD MoG,5,5242880.0,133.0
SpaceInvaders-MinAtar,Phi-TD MoG,5,5373952.0,133.0
SpaceInvaders-MinAtar,Phi-TD MoG,5,5505024.0,152.0
SpaceInvaders-MinAtar,Phi-TD MoG,5,5636096.0,152.0
SpaceInvaders-MinAtar,Phi-TD MoG,5,5767168.0,152.0
SpaceInvaders-MinAtar,Phi-TD MoG,5,5898240.0,152.0
SpaceInvaders-MinAtar,Phi-TD MoG,5,6029312.0,148.0
SpaceInvaders-MinAtar,Phi-TD MoG,5,6160384.0,148.0
SpaceInvaders-MinAtar,Phi-TD MoG,5,6291456.0,148.0
SpaceInvaders-MinAtar,Phi-TD MoG,5,6422528.0,148.0
SpaceInvaders-MinAtar,Phi-TD MoG,5,6553600.0,149.0
SpaceInvaders-MinAtar,Phi-TD MoG,5,6684672.0,149.0
SpaceInvaders-MinAtar,Phi-TD MoG,5,6815744.0,149.0
SpaceInvaders-MinAtar,Phi-TD MoG,5,6946816.0,149.0
SpaceInvaders-MinAtar,Phi-TD MoG,5,7077888.0,147.0
SpaceInvaders-MinAtar,Phi-TD MoG,5,7208960.0,147.0
SpaceInvaders-MinAtar,Phi-TD MoG,5,7340032.0,147.0
SpaceInvaders-MinAtar,Phi-TD MoG,5,7471104.0,147.0
SpaceInvaders-MinAtar,Phi-TD MoG,5,7602176.0,143.0
SpaceInvaders-MinAtar,Phi-TD MoG,5,7733248.0,143.0
SpaceInvaders-MinAtar,Phi-TD MoG,5,7864320.0,143.0
SpaceInvaders-MinAtar,Phi-TD MoG,5,7995392.0,26.0
SpaceInvaders-MinAtar,Phi-TD MoG,5,8126464.0,26.0
SpaceInvaders-MinAtar,Phi-TD MoG,5,8257536.0,26.0
SpaceInvaders-MinAtar,Phi-TD MoG,5,8388608.0,26.0
SpaceInvaders-MinAtar,Phi-TD MoG,5,8519680.0,148.0
SpaceInvaders-MinAtar,Phi-TD MoG,5,8650752.0,148.0
SpaceInvaders-MinAtar,Phi-TD MoG,5,8781824.0,148.0
SpaceInvaders-MinAtar,Phi-TD MoG,5,8912896.0,148.0
SpaceInvaders-MinAtar,Phi-TD MoG,5,9043968.0,152.0
SpaceInvaders-MinAtar,Phi-TD MoG,5,9175040.0,152.0
SpaceInvaders-MinAtar,Phi-TD MoG,5,9306112.0,152.0
SpaceInvaders-MinAtar,Phi-TD MoG,5,9437184.0,152.0
SpaceInvaders-MinAtar,Phi-TD MoG,5,9568256.0,145.0
SpaceInvaders-MinAtar,Phi-TD MoG,5,9699328.0,145.0
SpaceInvaders-MinAtar,Phi-TD MoG,5,9830400.0,145.0
SpaceInvaders-MinAtar,Phi-TD MoG,5,9961472.0,145.0
Asterix-MinAtar,CTD/C51,1,131072.0,0.41937926411628723
Asterix-MinAtar,CTD/C51,1,262144.0,0.41937926411628723
Asterix-MinAtar,CTD/C51,1,393216.0,0.41937926411628723
Asterix-MinAtar,CTD/C51,1,524288.0,7.960105895996094
Asterix-MinAtar,CTD/C51,1,655360.0,7.960105895996094
Asterix-MinAtar,CTD/C51,1,786432.0,7.960105895996094
Asterix-MinAtar,CTD/C51,1,917504.0,7.960105895996094
Asterix-MinAtar,CTD/C51,1,1048576.0,46.167938232421875
Asterix-MinAtar,CTD/C51,1,1179648.0,46.167938232421875
Asterix-MinAtar,CTD/C51,1,1310720.0,46.167938232421875
Asterix-MinAtar,CTD/C51,1,1441792.0,46.167938232421875
Asterix-MinAtar,CTD/C51,1,1572864.0,47.39694595336914
Asterix-MinAtar,CTD/C51,1,1703936.0,47.39694595336914
Asterix-MinAtar,CTD/C51,1,1835008.0,47.39694595336914
Asterix-MinAtar,CTD/C51,1,1966080.0,47.39694595336914
Asterix-MinAtar,CTD/C51,1,2097152.0,67.578125
Asterix-MinAtar,CTD/C51,1,2228224.0,67.578125
Asterix-MinAtar,CTD/C51,1,2359296.0,67.578125
Asterix-MinAtar,CTD/C51,1,2490368.0,67.578125
Asterix-MinAtar,CTD/C51,1,2621440.0,58.58914566040039
Asterix-MinAtar,CTD/C51,1,2752512.0,58.58914566040039
Asterix-MinAtar,CTD/C51,1,2883584.0,58.58914566040039
Asterix-MinAtar,CTD/C51,1,3014656.0,48.0078125
Asterix-MinAtar,CTD/C51,1,3145728.0,48.0078125
Asterix-MinAtar,CTD/C51,1,3276800.0,48.0078125
Asterix-MinAtar,CTD/C51,1,3407872.0,48.0078125
Asterix-MinAtar,CTD/C51,1,3538944.0,69.6953125
Asterix-MinAtar,CTD/C51,1,3670016.0,69.6953125
Asterix-MinAtar,CTD/C51,1,3801088.0,69.6953125
Asterix-MinAtar,CTD/C51,1,3932160.0,69.6953125
Asterix-MinAtar,CTD/C51,1,4063232.0,58.421875
Asterix-MinAtar,CTD/C51,1,4194304.0,58.421875
Asterix-MinAtar,CTD/C51,1,4325376.0,58.421875
Asterix-MinAtar,CTD/C51,1,4456448.0,58.421875
Asterix-MinAtar,CTD/C51,1,4587520.0,69.9609375
Asterix-MinAtar,CTD/C51,1,4718592.0,69.9609375
Asterix-MinAtar,CTD/C51,1,4849664.0,69.9609375
Asterix-MinAtar,CTD/C51,1,4980736.0,69.9609375
Asterix-MinAtar,CTD/C51,1,5111808.0,47.59375
Asterix-MinAtar,CTD/C51,1,5242880.0,47.59375
Asterix-MinAtar,CTD/C51,1,5373952.0,47.59375
Asterix-MinAtar,CTD/C51,1,5505024.0,64.8984375
Asterix-MinAtar,CTD/C51,1,5636096.0,64.8984375
Asterix-MinAtar,CTD/C51,1,5767168.0,64.8984375
Asterix-MinAtar,CTD/C51,1,5898240.0,64.8984375
Asterix-MinAtar,CTD/C51,1,6029312.0,66.828125
Asterix-MinAtar,CTD/C51,1,6160384.0,66.828125
Asterix-MinAtar,CTD/C51,1,6291456.0,66.828125
Asterix-MinAtar,CTD/C51,1,6422528.0,66.828125
Asterix-MinAtar,CTD/C51,1,6553600.0,71.3984375
Asterix-MinAtar,CTD/C51,1,6684672.0,71.3984375
Asterix-MinAtar,CTD/C51,1,6815744.0,71.3984375
Asterix-MinAtar,CTD/C51,1,6946816.0,71.3984375
Asterix-MinAtar,CTD/C51,1,7077888.0,72.890625
Asterix-MinAtar,CTD/C51,1,7208960.0,72.890625
Asterix-MinAtar,CTD/C51,1,7340032.0,72.890625
Asterix-MinAtar,CTD/C51,1,7471104.0,72.890625
Asterix-MinAtar,CTD/C51,1,7602176.0,72.8203125
Asterix-MinAtar,CTD/C51,1,7733248.0,72.8203125
Asterix-MinAtar,CTD/C51,1,7864320.0,72.8203125
Asterix-MinAtar,CTD/C51,1,7995392.0,72.4375
Asterix-MinAtar,CTD/C51,1,8126464.0,72.4375
Asterix-MinAtar,CTD/C51,1,8257536.0,72.4375
Asterix-MinAtar,CTD/C51,1,8388608.0,72.4375
Asterix-MinAtar,CTD/C51,1,8519680.0,68.2421875
Asterix-MinAtar,CTD/C51,1,8650752.0,68.2421875
Asterix-MinAtar,CTD/C51,1,8781824.0,68.2421875
Asterix-MinAtar,CTD/C51,1,8912896.0,68.2421875
Asterix-MinAtar,CTD/C51,1,9043968.0,73.25
Asterix-MinAtar,CTD/C51,1,9175040.0,73.25
Asterix-MinAtar,CTD/C51,1,9306112.0,73.25
Asterix-MinAtar,CTD/C51,1,9437184.0,73.25
Asterix-MinAtar,CTD/C51,1,9568256.0,73.46875
Asterix-MinAtar,CTD/C51,1,9699328.0,73.46875
Asterix-MinAtar,CTD/C51,1,9830400.0,73.46875
Asterix-MinAtar,CTD/C51,1,9961472.0,73.46875
Asterix-MinAtar,CTD/C51,2,131072.0,0.4630659222602844
Asterix-MinAtar,CTD/C51,2,262144.0,0.4630659222602844
Asterix-MinAtar,CTD/C51,2,393216.0,0.4630659222602844
Asterix-MinAtar,CTD/C51,2,524288.0,5.818376541137695
Asterix-MinAtar,CTD/C51,2,655360.0,5.818376541137695
Asterix-MinAtar,CTD/C51,2,786432.0,5.818376541137695
Asterix-MinAtar,CTD/C51,2,917504.0,5.818376541137695
Asterix-MinAtar,CTD/C51,2,1048576.0,31.013158798217773
Asterix-MinAtar,CTD/C51,2,1179648.0,31.013158798217773
Asterix-MinAtar,CTD/C51,2,1310720.0,31.013158798217773
Asterix-MinAtar,CTD/C51,2,1441792.0,31.013158798217773
Asterix-MinAtar,CTD/C51,2,1572864.0,46.11538314819336
Asterix-MinAtar,CTD/C51,2,1703936.0,46.11538314819336
Asterix-MinAtar,CTD/C51,2,1835008.0,46.11538314819336
Asterix-MinAtar,CTD/C51,2,1966080.0,46.11538314819336
Asterix-MinAtar,CTD/C51,2,2097152.0,53.68992233276367
Asterix-MinAtar,CTD/C51,2,2228224.0,53.68992233276367
Asterix-MinAtar,CTD/C51,2,2359296.0,53.68992233276367
Asterix-MinAtar,CTD/C51,2,2490368.0,53.68992233276367
Asterix-MinAtar,CTD/C51,2,2621440.0,40.89130401611328
Asterix-MinAtar,CTD/C51,2,2752512.0,40.89130401611328
Asterix-MinAtar,CTD/C51,2,2883584.0,40.89130401611328
Asterix-MinAtar,CTD/C51,2,3014656.0,60.0390625
Asterix-MinAtar,CTD/C51,2,3145728.0,60.0390625
Asterix-MinAtar,CTD/C51,2,3276800.0,60.0390625
Asterix-MinAtar,CTD/C51,2,3407872.0,60.0390625
Asterix-MinAtar,CTD/C51,2,3538944.0,1.1432791948318481
Asterix-MinAtar,CTD/C51,2,3670016.0,1.1432791948318481
Asterix-MinAtar,CTD/C51,2,3801088.0,1.1432791948318481
Asterix-MinAtar,CTD/C51,2,3932160.0,1.1432791948318481
Asterix-MinAtar,CTD/C51,2,4063232.0,68.53125
Asterix-MinAtar,CTD/C51,2,4194304.0,68.53125
Asterix-MinAtar,CTD/C51,2,4325376.0,68.53125
Asterix-MinAtar,CTD/C51,2,4456448.0,68.53125
Asterix-MinAtar,CTD/C51,2,4587520.0,68.7890625
Asterix-MinAtar,CTD/C51,2,4718592.0,68.7890625
Asterix-MinAtar,CTD/C51,2,4849664.0,68.7890625
Asterix-MinAtar,CTD/C51,2,4980736.0,68.7890625
Asterix-MinAtar,CTD/C51,2,5111808.0,55.2734375
Asterix-MinAtar,CTD/C51,2,5242880.0,55.2734375
Asterix-MinAtar,CTD/C51,2,5373952.0,55.2734375
Asterix-MinAtar,CTD/C51,2,5505024.0,71.546875
Asterix-MinAtar,CTD/C51,2,5636096.0,71.546875
Asterix-MinAtar,CTD/C51,2,5767168.0,71.546875
Asterix-MinAtar,CTD/C51,2,5898240.0,71.546875
Asterix-MinAtar,CTD/C51,2,6029312.0,69.8671875
Asterix-MinAtar,CTD/C51,2,6160384.0,69.8671875
Asterix-MinAtar,CTD/C51,2,6291456.0,69.8671875
Asterix-MinAtar,CTD/C51,2,6422528.0,69.8671875
Asterix-MinAtar,CTD/C51,2,6553600.0,72.078125
Asterix-MinAtar,CTD/C51,2,6684672.0,72.078125
Asterix-MinAtar,CTD/C51,2,6815744.0,72.078125
Asterix-MinAtar,CTD/C51,2,6946816.0,72.078125
Asterix-MinAtar,CTD/C51,2,7077888.0,73.796875
Asterix-MinAtar,CTD/C51,2,7208960.0,73.796875
Asterix-MinAtar,CTD/C51,2,7340032.0,73.796875
Asterix-MinAtar,CTD/C51,2,7471104.0,73.796875
Asterix-MinAtar,CTD/C51,2,7602176.0,65.5703125
Asterix-MinAtar,CTD/C51,2,7733248.0,65.5703125
Asterix-MinAtar,CTD/C51,2,7864320.0,65.5703125
Asterix-MinAtar,CTD/C51,2,7995392.0,71.6953125
Asterix-MinAtar,CTD/C51,2,8126464.0,71.6953125
Asterix-MinAtar,CTD/C51,2,8257536.0,71.6953125
Asterix-MinAtar,CTD/C51,2,8388608.0,71.6953125
Asterix-MinAtar,CTD/C51,2,8519680.0,71.703125
Asterix-MinAtar,CTD/C51,2,8650752.0,71.703125
Asterix-MinAtar,CTD/C51,2,8781824.0,71.703125
Asterix-MinAtar,CTD/C51,2,8912896.0,71.703125
Asterix-MinAtar,CTD/C51,2,9043968.0,70.4921875
Asterix-MinAtar,CTD/C51,2,9175040.0,70.4921875
Asterix-MinAtar,CTD/C51,2,9306112.0,70.4921875
Asterix-MinAtar,CTD/C51,2,9437184.0,70.4921875
Asterix-MinAtar,CTD/C51,2,9568256.0,72.8828125
Asterix-MinAtar,CTD/C51,2,9699328.0,72.8828125
Asterix-MinAtar,CTD/C51,2,9830400.0,72.8828125
Asterix-MinAtar,CTD/C51,2,9961472.0,72.8828125
Asterix-MinAtar,CTD/C51,3,131072.0,0.44115355610847473
Asterix-MinAtar,CTD/C51,3,262144.0,0.44115355610847473
Asterix-MinAtar,CTD/C51,3,393216.0,0.44115355610847473
Asterix-MinAtar,CTD/C51,3,524288.0,7.873315334320068
Asterix-MinAtar,CTD/C51,3,655360.0,7.873315334320068
Asterix-MinAtar,CTD/C51,3,786432.0,7.873315334320068
Asterix-MinAtar,CTD/C51,3,917504.0,7.873315334320068
Asterix-MinAtar,CTD/C51,3,1048576.0,55.42635726928711
Asterix-MinAtar,CTD/C51,3,1179648.0,55.42635726928711
Asterix-MinAtar,CTD/C51,3,1310720.0,55.42635726928711
Asterix-MinAtar,CTD/C51,3,1441792.0,55.42635726928711
Asterix-MinAtar,CTD/C51,3,1572864.0,61.7734375
Asterix-MinAtar,CTD/C51,3,1703936.0,61.7734375
Asterix-MinAtar,CTD/C51,3,1835008.0,61.7734375
Asterix-MinAtar,CTD/C51,3,1966080.0,61.7734375
Asterix-MinAtar,CTD/C51,3,2097152.0,25.586957931518555
Asterix-MinAtar,CTD/C51,3,2228224.0,25.586957931518555
Asterix-MinAtar,CTD/C51,3,2359296.0,25.586957931518555
Asterix-MinAtar,CTD/C51,3,2490368.0,25.586957931518555
Asterix-MinAtar,CTD/C51,3,2621440.0,61.7578125
Asterix-MinAtar,CTD/C51,3,2752512.0,61.7578125
Asterix-MinAtar,CTD/C51,3,2883584.0,61.7578125
Asterix-MinAtar,CTD/C51,3,3014656.0,63.1796875
Asterix-MinAtar,CTD/C51,3,3145728.0,63.1796875
Asterix-MinAtar,CTD/C51,3,3276800.0,63.1796875
Asterix-MinAtar,CTD/C51,3,3407872.0,63.1796875
Asterix-MinAtar,CTD/C51,3,3538944.0,69.265625
Asterix-MinAtar,CTD/C51,3,3670016.0,69.265625
Asterix-MinAtar,CTD/C51,3,3801088.0,69.265625
Asterix-MinAtar,CTD/C51,3,3932160.0,69.265625
Asterix-MinAtar,CTD/C51,3,4063232.0,65.671875
Asterix-MinAtar,CTD/C51,3,4194304.0,65.671875
Asterix-MinAtar,CTD/C51,3,4325376.0,65.671875
Asterix-MinAtar,CTD/C51,3,4456448.0,65.671875
Asterix-MinAtar,CTD/C51,3,4587520.0,71.421875
Asterix-MinAtar,CTD/C51,3,4718592.0,71.421875
Asterix-MinAtar,CTD/C51,3,4849664.0,71.421875
Asterix-MinAtar,CTD/C51,3,4980736.0,71.421875
Asterix-MinAtar,CTD/C51,3,5111808.0,70.609375
Asterix-MinAtar,CTD/C51,3,5242880.0,70.609375
Asterix-MinAtar,CTD/C51,3,5373952.0,70.609375
Asterix-MinAtar,CTD/C51,3,5505024.0,69.72868347167969
Asterix-MinAtar,CTD/C51,3,5636096.0,69.72868347167969
Asterix-MinAtar,CTD/C51,3,5767168.0,69.72868347167969
Asterix-MinAtar,CTD/C51,3,5898240.0,69.72868347167969
Asterix-MinAtar,CTD/C51,3,6029312.0,67.7109375
Asterix-MinAtar,CTD/C51,3,6160384.0,67.7109375
Asterix-MinAtar,CTD/C51,3,6291456.0,67.7109375
Asterix-MinAtar,CTD/C51,3,6422528.0,67.7109375
Asterix-MinAtar,CTD/C51,3,6553600.0,64.25
Asterix-MinAtar,CTD/C51,3,6684672.0,64.25
Asterix-MinAtar,CTD/C51,3,6815744.0,64.25
Asterix-MinAtar,CTD/C51,3,6946816.0,64.25
Asterix-MinAtar,CTD/C51,3,7077888.0,69.03125
Asterix-MinAtar,CTD/C51,3,7208960.0,69.03125
Asterix-MinAtar,CTD/C51,3,7340032.0,69.03125
Asterix-MinAtar,CTD/C51,3,7471104.0,69.03125
Asterix-MinAtar,CTD/C51,3,7602176.0,73.078125
Asterix-MinAtar,CTD/C51,3,7733248.0,73.078125
Asterix-MinAtar,CTD/C51,3,7864320.0,73.078125
Asterix-MinAtar,CTD/C51,3,7995392.0,71.9921875
Asterix-MinAtar,CTD/C51,3,8126464.0,71.9921875
Asterix-MinAtar,CTD/C51,3,8257536.0,71.9921875
Asterix-MinAtar,CTD/C51,3,8388608.0,71.9921875
Asterix-MinAtar,CTD/C51,3,8519680.0,74.6328125
Asterix-MinAtar,CTD/C51,3,8650752.0,74.6328125
Asterix-MinAtar,CTD/C51,3,8781824.0,74.6328125
Asterix-MinAtar,CTD/C51,3,8912896.0,74.6328125
Asterix-MinAtar,CTD/C51,3,9043968.0,71.703125
Asterix-MinAtar,CTD/C51,3,9175040.0,71.703125
Asterix-MinAtar,CTD/C51,3,9306112.0,71.703125
Asterix-MinAtar,CTD/C51,3,9437184.0,71.703125
Asterix-MinAtar,CTD/C51,3,9568256.0,71.953125
Asterix-MinAtar,CTD/C51,3,9699328.0,71.953125
Asterix-MinAtar,CTD/C51,3,9830400.0,71.953125
Asterix-MinAtar,CTD/C51,3,9961472.0,71.953125
Asterix-MinAtar,CTD/C51,4,131072.0,0.4622047245502472
Asterix-MinAtar,CTD/C51,4,262144.0,0.4622047245502472
Asterix-MinAtar,CTD/C51,4,393216.0,0.4622047245502472
Asterix-MinAtar,CTD/C51,4,524288.0,8.945512771606445
Asterix-MinAtar,CTD/C51,4,655360.0,8.945512771606445
Asterix-MinAtar,CTD/C51,4,786432.0,8.945512771606445
Asterix-MinAtar,CTD/C51,4,917504.0,8.945512771606445
Asterix-MinAtar,CTD/C51,4,1048576.0,37.0625
Asterix-MinAtar,CTD/C51,4,1179648.0,37.0625
Asterix-MinAtar,CTD/C51,4,1310720.0,37.0625
Asterix-MinAtar,CTD/C51,4,1441792.0,37.0625
Asterix-MinAtar,CTD/C51,4,1572864.0,54.8702278137207
Asterix-MinAtar,CTD/C51,4,1703936.0,54.8702278137207
Asterix-MinAtar,CTD/C51,4,1835008.0,54.8702278137207
Asterix-MinAtar,CTD/C51,4,1966080.0,54.8702278137207
Asterix-MinAtar,CTD/C51,4,2097152.0,63.7890625
Asterix-MinAtar,CTD/C51,4,2228224.0,63.7890625
Asterix-MinAtar,CTD/C51,4,2359296.0,63.7890625
Asterix-MinAtar,CTD/C51,4,2490368.0,63.7890625
Asterix-MinAtar,CTD/C51,4,2621440.0,65.4453125
Asterix-MinAtar,CTD/C51,4,2752512.0,65.4453125
Asterix-MinAtar,CTD/C51,4,2883584.0,65.4453125
Asterix-MinAtar,CTD/C51,4,3014656.0,20.92670249938965
Asterix-MinAtar,CTD/C51,4,3145728.0,20.92670249938965
Asterix-MinAtar,CTD/C51,4,3276800.0,20.92670249938965
Asterix-MinAtar,CTD/C51,4,3407872.0,20.92670249938965
Asterix-MinAtar,CTD/C51,4,3538944.0,52.1328125
Asterix-MinAtar,CTD/C51,4,3670016.0,52.1328125
Asterix-MinAtar,CTD/C51,4,3801088.0,52.1328125
Asterix-MinAtar,CTD/C51,4,3932160.0,52.1328125
Asterix-MinAtar,CTD/C51,4,4063232.0,68.015625
Asterix-MinAtar,CTD/C51,4,4194304.0,68.015625
Asterix-MinAtar,CTD/C51,4,4325376.0,68.015625
Asterix-MinAtar,CTD/C51,4,4456448.0,68.015625
Asterix-MinAtar,CTD/C51,4,4587520.0,40.969696044921875
Asterix-MinAtar,CTD/C51,4,4718592.0,40.969696044921875
Asterix-MinAtar,CTD/C51,4,4849664.0,40.969696044921875
Asterix-MinAtar,CTD/C51,4,4980736.0,40.969696044921875
Asterix-MinAtar,CTD/C51,4,5111808.0,69.78125
Asterix-MinAtar,CTD/C51,4,5242880.0,69.78125
Asterix-MinAtar,CTD/C51,4,5373952.0,69.78125
Asterix-MinAtar,CTD/C51,4,5505024.0,69.203125
Asterix-MinAtar,CTD/C51,4,5636096.0,69.203125
Asterix-MinAtar,CTD/C51,4,5767168.0,69.203125
Asterix-MinAtar,CTD/C51,4,5898240.0,69.203125
Asterix-MinAtar,CTD/C51,4,6029312.0,64.1328125
Asterix-MinAtar,CTD/C51,4,6160384.0,64.1328125
Asterix-MinAtar,CTD/C51,4,6291456.0,64.1328125
Asterix-MinAtar,CTD/C51,4,6422528.0,64.1328125
Asterix-MinAtar,CTD/C51,4,6553600.0,68.4921875
Asterix-MinAtar,CTD/C51,4,6684672.0,68.4921875
Asterix-MinAtar,CTD/C51,4,6815744.0,68.4921875
Asterix-MinAtar,CTD/C51,4,6946816.0,68.4921875
Asterix-MinAtar,CTD/C51,4,7077888.0,71.6015625
Asterix-MinAtar,CTD/C51,4,7208960.0,71.6015625
Asterix-MinAtar,CTD/C51,4,7340032.0,71.6015625
Asterix-MinAtar,CTD/C51,4,7471104.0,71.6015625
Asterix-MinAtar,CTD/C51,4,7602176.0,71.5859375
Asterix-MinAtar,CTD/C51,4,7733248.0,71.5859375
Asterix-MinAtar,CTD/C51,4,7864320.0,71.5859375
Asterix-MinAtar,CTD/C51,4,7995392.0,64.5
Asterix-MinAtar,CTD/C51,4,8126464.0,64.5
Asterix-MinAtar,CTD/C51,4,8257536.0,64.5
Asterix-MinAtar,CTD/C51,4,8388608.0,64.5
Asterix-MinAtar,CTD/C51,4,8519680.0,71.921875
Asterix-MinAtar,CTD/C51,4,8650752.0,71.921875
Asterix-MinAtar,CTD/C51,4,8781824.0,71.921875
Asterix-MinAtar,CTD/C51,4,8912896.0,71.921875
Asterix-MinAtar,CTD/C51,4,9043968.0,73.171875
Asterix-MinAtar,CTD/C51,4,9175040.0,73.171875
Asterix-MinAtar,CTD/C51,4,9306112.0,73.171875
Asterix-MinAtar,CTD/C51,4,9437184.0,73.171875
Asterix-MinAtar,CTD/C51,4,9568256.0,74.984375
Asterix-MinAtar,CTD/C51,4,9699328.0,74.984375
Asterix-MinAtar,CTD/C51,4,9830400.0,74.984375
Asterix-MinAtar,CTD/C51,4,9961472.0,74.984375
Asterix-MinAtar,CTD/C51,5,131072.0,0.4358185827732086
Asterix-MinAtar,CTD/C51,5,262144.0,0.4358185827732086
Asterix-MinAtar,CTD/C51,5,393216.0,0.4358185827732086
Asterix-MinAtar,CTD/C51,5,524288.0,24.274999618530273
Asterix-MinAtar,CTD/C51,5,655360.0,24.274999618530273
Asterix-MinAtar,CTD/C51,5,786432.0,24.274999618530273
Asterix-MinAtar,CTD/C51,5,917504.0,24.274999618530273
Asterix-MinAtar,CTD/C51,5,1048576.0,47.43846130371094
Asterix-MinAtar,CTD/C51,5,1179648.0,47.43846130371094
Asterix-MinAtar,CTD/C51,5,1310720.0,47.43846130371094
Asterix-MinAtar,CTD/C51,5,1441792.0,47.43846130371094
Asterix-MinAtar,CTD/C51,5,1572864.0,62.4140625
Asterix-MinAtar,CTD/C51,5,1703936.0,62.4140625
Asterix-MinAtar,CTD/C51,5,1835008.0,62.4140625
Asterix-MinAtar,CTD/C51,5,1966080.0,62.4140625
Asterix-MinAtar,CTD/C51,5,2097152.0,60.84375
Asterix-MinAtar,CTD/C51,5,2228224.0,60.84375
Asterix-MinAtar,CTD/C51,5,2359296.0,60.84375
Asterix-MinAtar,CTD/C51,5,2490368.0,60.84375
Asterix-MinAtar,CTD/C51,5,2621440.0,53.42635726928711
Asterix-MinAtar,CTD/C51,5,2752512.0,53.42635726928711
Asterix-MinAtar,CTD/C51,5,2883584.0,53.42635726928711
Asterix-MinAtar,CTD/C51,5,3014656.0,68.640625
Asterix-MinAtar,CTD/C51,5,3145728.0,68.640625
Asterix-MinAtar,CTD/C51,5,3276800.0,68.640625
Asterix-MinAtar,CTD/C51,5,3407872.0,68.640625
Asterix-MinAtar,CTD/C51,5,3538944.0,69.2421875
Asterix-MinAtar,CTD/C51,5,3670016.0,69.2421875
Asterix-MinAtar,CTD/C51,5,3801088.0,69.2421875
Asterix-MinAtar,CTD/C51,5,3932160.0,69.2421875
Asterix-MinAtar,CTD/C51,5,4063232.0,60.7890625
Asterix-MinAtar,CTD/C51,5,4194304.0,60.7890625
Asterix-MinAtar,CTD/C51,5,4325376.0,60.7890625
Asterix-MinAtar,CTD/C51,5,4456448.0,60.7890625
Asterix-MinAtar,CTD/C51,5,4587520.0,51.8359375
Asterix-MinAtar,CTD/C51,5,4718592.0,51.8359375
Asterix-MinAtar,CTD/C51,5,4849664.0,51.8359375
Asterix-MinAtar,CTD/C51,5,4980736.0,51.8359375
Asterix-MinAtar,CTD/C51,5,5111808.0,63.7734375
Asterix-MinAtar,CTD/C51,5,5242880.0,63.7734375
Asterix-MinAtar,CTD/C51,5,5373952.0,63.7734375
Asterix-MinAtar,CTD/C51,5,5505024.0,68.6484375
Asterix-MinAtar,CTD/C51,5,5636096.0,68.6484375
Asterix-MinAtar,CTD/C51,5,5767168.0,68.6484375
Asterix-MinAtar,CTD/C51,5,5898240.0,68.6484375
Asterix-MinAtar,CTD/C51,5,6029312.0,73.5546875
Asterix-MinAtar,CTD/C51,5,6160384.0,73.5546875
Asterix-MinAtar,CTD/C51,5,6291456.0,73.5546875
Asterix-MinAtar,CTD/C51,5,6422528.0,73.5546875
Asterix-MinAtar,CTD/C51,5,6553600.0,70.203125
Asterix-MinAtar,CTD/C51,5,6684672.0,70.203125
Asterix-MinAtar,CTD/C51,5,6815744.0,70.203125
Asterix-MinAtar,CTD/C51,5,6946816.0,70.203125
Asterix-MinAtar,CTD/C51,5,7077888.0,71.3046875
Asterix-MinAtar,CTD/C51,5,7208960.0,71.3046875
Asterix-MinAtar,CTD/C51,5,7340032.0,71.3046875
Asterix-MinAtar,CTD/C51,5,7471104.0,71.3046875
Asterix-MinAtar,CTD/C51,5,7602176.0,73.8125
Asterix-MinAtar,CTD/C51,5,7733248.0,73.8125
Asterix-MinAtar,CTD/C51,5,7864320.0,73.8125
Asterix-MinAtar,CTD/C51,5,7995392.0,71.3125
Asterix-MinAtar,CTD/C51,5,8126464.0,71.3125
Asterix-MinAtar,CTD/C51,5,8257536.0,71.3125
Asterix-MinAtar,CTD/C51,5,8388608.0,71.3125
Asterix-MinAtar,CTD/C51,5,8519680.0,71.9609375
Asterix-MinAtar,CTD/C51,5,8650752.0,71.9609375
Asterix-MinAtar,CTD/C51,5,8781824.0,71.9609375
Asterix-MinAtar,CTD/C51,5,8912896.0,71.9609375
Asterix-MinAtar,CTD/C51,5,9043968.0,72.46875
Asterix-MinAtar,CTD/C51,5,9175040.0,72.46875
Asterix-MinAtar,CTD/C51,5,9306112.0,72.46875
Asterix-MinAtar,CTD/C51,5,9437184.0,72.46875
Asterix-MinAtar,CTD/C51,5,9568256.0,73.7109375
Asterix-MinAtar,CTD/C51,5,9699328.0,73.7109375
Asterix-MinAtar,CTD/C51,5,9830400.0,73.7109375
Asterix-MinAtar,CTD/C51,5,9961472.0,73.7109375
Asterix-MinAtar,IQN,1,131072.0,0.41937926411628723
Asterix-MinAtar,IQN,1,262144.0,0.41937926411628723
Asterix-MinAtar,IQN,1,393216.0,0.41937926411628723
Asterix-MinAtar,IQN,1,524288.0,2.7270615100860596
Asterix-MinAtar,IQN,1,655360.0,2.7270615100860596
Asterix-MinAtar,IQN,1,786432.0,2.7270615100860596
Asterix-MinAtar,IQN,1,917504.0,2.7270615100860596
Asterix-MinAtar,IQN,1,1048576.0,2.5655853748321533
Asterix-MinAtar,IQN,1,1179648.0,2.5655853748321533
Asterix-MinAtar,IQN,1,1310720.0,2.5655853748321533
Asterix-MinAtar,IQN,1,1441792.0,2.5655853748321533
Asterix-MinAtar,IQN,1,1572864.0,31.324840545654297
Asterix-MinAtar,IQN,1,1703936.0,31.324840545654297
Asterix-MinAtar,IQN,1,1835008.0,31.324840545654297
Asterix-MinAtar,IQN,1,1966080.0,31.324840545654297
Asterix-MinAtar,IQN,1,2097152.0,65.171875
Asterix-MinAtar,IQN,1,2228224.0,65.171875
Asterix-MinAtar,IQN,1,2359296.0,65.171875
Asterix-MinAtar,IQN,1,2490368.0,65.171875
Asterix-MinAtar,IQN,1,2621440.0,29.563379287719727
Asterix-MinAtar,IQN,1,2752512.0,29.563379287719727
Asterix-MinAtar,IQN,1,2883584.0,29.563379287719727
Asterix-MinAtar,IQN,1,3014656.0,70.7578125
Asterix-MinAtar,IQN,1,3145728.0,70.7578125
Asterix-MinAtar,IQN,1,3276800.0,70.7578125
Asterix-MinAtar,IQN,1,3407872.0,70.7578125
Asterix-MinAtar,IQN,1,3538944.0,63.015625
Asterix-MinAtar,IQN,1,3670016.0,63.015625
Asterix-MinAtar,IQN,1,3801088.0,63.015625
Asterix-MinAtar,IQN,1,3932160.0,63.015625
Asterix-MinAtar,IQN,1,4063232.0,59.488372802734375
Asterix-MinAtar,IQN,1,4194304.0,59.488372802734375
Asterix-MinAtar,IQN,1,4325376.0,59.488372802734375
Asterix-MinAtar,IQN,1,4456448.0,59.488372802734375
Asterix-MinAtar,IQN,1,4587520.0,60.56153869628906
Asterix-MinAtar,IQN,1,4718592.0,60.56153869628906
Asterix-MinAtar,IQN,1,4849664.0,60.56153869628906
Asterix-MinAtar,IQN,1,4980736.0,60.56153869628906
Asterix-MinAtar,IQN,1,5111808.0,69.3515625
Asterix-MinAtar,IQN,1,5242880.0,69.3515625
Asterix-MinAtar,IQN,1,5373952.0,69.3515625
Asterix-MinAtar,IQN,1,5505024.0,71.375
Asterix-MinAtar,IQN,1,5636096.0,71.375
Asterix-MinAtar,IQN,1,5767168.0,71.375
Asterix-MinAtar,IQN,1,5898240.0,71.375
Asterix-MinAtar,IQN,1,6029312.0,72.25
Asterix-MinAtar,IQN,1,6160384.0,72.25
Asterix-MinAtar,IQN,1,6291456.0,72.25
Asterix-MinAtar,IQN,1,6422528.0,72.25
Asterix-MinAtar,IQN,1,6553600.0,67.9609375
Asterix-MinAtar,IQN,1,6684672.0,67.9609375
Asterix-MinAtar,IQN,1,6815744.0,67.9609375
Asterix-MinAtar,IQN,1,6946816.0,67.9609375
Asterix-MinAtar,IQN,1,7077888.0,73.5
Asterix-MinAtar,IQN,1,7208960.0,73.5
Asterix-MinAtar,IQN,1,7340032.0,73.5
Asterix-MinAtar,IQN,1,7471104.0,73.5
Asterix-MinAtar,IQN,1,7602176.0,65.5078125
Asterix-MinAtar,IQN,1,7733248.0,65.5078125
Asterix-MinAtar,IQN,1,7864320.0,65.5078125
Asterix-MinAtar,IQN,1,7995392.0,71.2421875
Asterix-MinAtar,IQN,1,8126464.0,71.2421875
Asterix-MinAtar,IQN,1,8257536.0,71.2421875
Asterix-MinAtar,IQN,1,8388608.0,71.2421875
Asterix-MinAtar,IQN,1,8519680.0,74.1796875
Asterix-MinAtar,IQN,1,8650752.0,74.1796875
Asterix-MinAtar,IQN,1,8781824.0,74.1796875
Asterix-MinAtar,IQN,1,8912896.0,74.1796875
Asterix-MinAtar,IQN,1,9043968.0,74.75
Asterix-MinAtar,IQN,1,9175040.0,74.75
Asterix-MinAtar,IQN,1,9306112.0,74.75
Asterix-MinAtar,IQN,1,9437184.0,74.75
Asterix-MinAtar,IQN,1,9568256.0,71.7421875
Asterix-MinAtar,IQN,1,9699328.0,71.7421875
Asterix-MinAtar,IQN,1,9830400.0,71.7421875
Asterix-MinAtar,IQN,1,9961472.0,71.7421875
Asterix-MinAtar,IQN,2,131072.0,0.4630659222602844
Asterix-MinAtar,IQN,2,262144.0,0.4630659222602844
Asterix-MinAtar,IQN,2,393216.0,0.4630659222602844
Asterix-MinAtar,IQN,2,524288.0,7.416901588439941
Asterix-MinAtar,IQN,2,655360.0,7.416901588439941
Asterix-MinAtar,IQN,2,786432.0,7.416901588439941
Asterix-MinAtar,IQN,2,917504.0,7.416901588439941
Asterix-MinAtar,IQN,2,1048576.0,25.40828514099121
Asterix-MinAtar,IQN,2,1179648.0,25.40828514099121
Asterix-MinAtar,IQN,2,1310720.0,25.40828514099121
Asterix-MinAtar,IQN,2,1441792.0,25.40828514099121
Asterix-MinAtar,IQN,2,1572864.0,21.614286422729492
Asterix-MinAtar,IQN,2,1703936.0,21.614286422729492
Asterix-MinAtar,IQN,2,1835008.0,21.614286422729492
Asterix-MinAtar,IQN,2,1966080.0,21.614286422729492
Asterix-MinAtar,IQN,2,2097152.0,41.731346130371094
Asterix-MinAtar,IQN,2,2228224.0,41.731346130371094
Asterix-MinAtar,IQN,2,2359296.0,41.731346130371094
Asterix-MinAtar,IQN,2,2490368.0,41.731346130371094
Asterix-MinAtar,IQN,2,2621440.0,48.189781188964844
Asterix-MinAtar,IQN,2,2752512.0,48.189781188964844
Asterix-MinAtar,IQN,2,2883584.0,48.189781188964844
Asterix-MinAtar,IQN,2,3014656.0,59.054264068603516
Asterix-MinAtar,IQN,2,3145728.0,59.054264068603516
Asterix-MinAtar,IQN,2,3276800.0,59.054264068603516
Asterix-MinAtar,IQN,2,3407872.0,59.054264068603516
Asterix-MinAtar,IQN,2,3538944.0,67.1953125
Asterix-MinAtar,IQN,2,3670016.0,67.1953125
Asterix-MinAtar,IQN,2,3801088.0,67.1953125
Asterix-MinAtar,IQN,2,3932160.0,67.1953125
Asterix-MinAtar,IQN,2,4063232.0,58.95419692993164
Asterix-MinAtar,IQN,2,4194304.0,58.95419692993164
Asterix-MinAtar,IQN,2,4325376.0,58.95419692993164
Asterix-MinAtar,IQN,2,4456448.0,58.95419692993164
Asterix-MinAtar,IQN,2,4587520.0,64.3046875
Asterix-MinAtar,IQN,2,4718592.0,64.3046875
Asterix-MinAtar,IQN,2,4849664.0,64.3046875
Asterix-MinAtar,IQN,2,4980736.0,64.3046875
Asterix-MinAtar,IQN,2,5111808.0,42.599998474121094
Asterix-MinAtar,IQN,2,5242880.0,42.599998474121094
Asterix-MinAtar,IQN,2,5373952.0,42.599998474121094
Asterix-MinAtar,IQN,2,5505024.0,72.4296875
Asterix-MinAtar,IQN,2,5636096.0,72.4296875
Asterix-MinAtar,IQN,2,5767168.0,72.4296875
Asterix-MinAtar,IQN,2,5898240.0,72.4296875
Asterix-MinAtar,IQN,2,6029312.0,72.140625
Asterix-MinAtar,IQN,2,6160384.0,72.140625
Asterix-MinAtar,IQN,2,6291456.0,72.140625
Asterix-MinAtar,IQN,2,6422528.0,72.140625
Asterix-MinAtar,IQN,2,6553600.0,70.890625
Asterix-MinAtar,IQN,2,6684672.0,70.890625
Asterix-MinAtar,IQN,2,6815744.0,70.890625
Asterix-MinAtar,IQN,2,6946816.0,70.890625
Asterix-MinAtar,IQN,2,7077888.0,72.203125
Asterix-MinAtar,IQN,2,7208960.0,72.203125
Asterix-MinAtar,IQN,2,7340032.0,72.203125
Asterix-MinAtar,IQN,2,7471104.0,72.203125
Asterix-MinAtar,IQN,2,7602176.0,71.2890625
Asterix-MinAtar,IQN,2,7733248.0,71.2890625
Asterix-MinAtar,IQN,2,7864320.0,71.2890625
Asterix-MinAtar,IQN,2,7995392.0,69.4296875
Asterix-MinAtar,IQN,2,8126464.0,69.4296875
Asterix-MinAtar,IQN,2,8257536.0,69.4296875
Asterix-MinAtar,IQN,2,8388608.0,69.4296875
Asterix-MinAtar,IQN,2,8519680.0,71.765625
Asterix-MinAtar,IQN,2,8650752.0,71.765625
Asterix-MinAtar,IQN,2,8781824.0,71.765625
Asterix-MinAtar,IQN,2,8912896.0,71.765625
Asterix-MinAtar,IQN,2,9043968.0,74.9921875
Asterix-MinAtar,IQN,2,9175040.0,74.9921875
Asterix-MinAtar,IQN,2,9306112.0,74.9921875
Asterix-MinAtar,IQN,2,9437184.0,74.9921875
Asterix-MinAtar,IQN,2,9568256.0,75.2734375
Asterix-MinAtar,IQN,2,9699328.0,75.2734375
Asterix-MinAtar,IQN,2,9830400.0,75.2734375
Asterix-MinAtar,IQN,2,9961472.0,75.2734375
Asterix-MinAtar,IQN,3,131072.0,0.44115355610847473
Asterix-MinAtar,IQN,3,262144.0,0.44115355610847473
Asterix-MinAtar,IQN,3,393216.0,0.44115355610847473
Asterix-MinAtar,IQN,3,524288.0,6.035781383514404
Asterix-MinAtar,IQN,3,655360.0,6.035781383514404
Asterix-MinAtar,IQN,3,786432.0,6.035781383514404
Asterix-MinAtar,IQN,3,917504.0,6.035781383514404
Asterix-MinAtar,IQN,3,1048576.0,19.009708404541016
Asterix-MinAtar,IQN,3,1179648.0,19.009708404541016
Asterix-MinAtar,IQN,3,1310720.0,19.009708404541016
Asterix-MinAtar,IQN,3,1441792.0,19.009708404541016
Asterix-MinAtar,IQN,3,1572864.0,10.515759468078613
Asterix-MinAtar,IQN,3,1703936.0,10.515759468078613
Asterix-MinAtar,IQN,3,1835008.0,10.515759468078613
Asterix-MinAtar,IQN,3,1966080.0,10.515759468078613
Asterix-MinAtar,IQN,3,2097152.0,60.79069900512695
Asterix-MinAtar,IQN,3,2228224.0,60.79069900512695
Asterix-MinAtar,IQN,3,2359296.0,60.79069900512695
Asterix-MinAtar,IQN,3,2490368.0,60.79069900512695
Asterix-MinAtar,IQN,3,2621440.0,58.85271453857422
Asterix-MinAtar,IQN,3,2752512.0,58.85271453857422
Asterix-MinAtar,IQN,3,2883584.0,58.85271453857422
Asterix-MinAtar,IQN,3,3014656.0,62.046512603759766
Asterix-MinAtar,IQN,3,3145728.0,62.046512603759766
Asterix-MinAtar,IQN,3,3276800.0,62.046512603759766
Asterix-MinAtar,IQN,3,3407872.0,62.046512603759766
Asterix-MinAtar,IQN,3,3538944.0,64.1640625
Asterix-MinAtar,IQN,3,3670016.0,64.1640625
Asterix-MinAtar,IQN,3,3801088.0,64.1640625
Asterix-MinAtar,IQN,3,3932160.0,64.1640625
Asterix-MinAtar,IQN,3,4063232.0,69.2578125
Asterix-MinAtar,IQN,3,4194304.0,69.2578125
Asterix-MinAtar,IQN,3,4325376.0,69.2578125
Asterix-MinAtar,IQN,3,4456448.0,69.2578125
Asterix-MinAtar,IQN,3,4587520.0,63.69767379760742
Asterix-MinAtar,IQN,3,4718592.0,63.69767379760742
Asterix-MinAtar,IQN,3,4849664.0,63.69767379760742
Asterix-MinAtar,IQN,3,4980736.0,63.69767379760742
Asterix-MinAtar,IQN,3,5111808.0,71.3359375
Asterix-MinAtar,IQN,3,5242880.0,71.3359375
Asterix-MinAtar,IQN,3,5373952.0,71.3359375
Asterix-MinAtar,IQN,3,5505024.0,66.796875
Asterix-MinAtar,IQN,3,5636096.0,66.796875
Asterix-MinAtar,IQN,3,5767168.0,66.796875
Asterix-MinAtar,IQN,3,5898240.0,66.796875
Asterix-MinAtar,IQN,3,6029312.0,75.015625
Asterix-MinAtar,IQN,3,6160384.0,75.015625
Asterix-MinAtar,IQN,3,6291456.0,75.015625
Asterix-MinAtar,IQN,3,6422528.0,75.015625
Asterix-MinAtar,IQN,3,6553600.0,71.2421875
Asterix-MinAtar,IQN,3,6684672.0,71.2421875
Asterix-MinAtar,IQN,3,6815744.0,71.2421875
Asterix-MinAtar,IQN,3,6946816.0,71.2421875
Asterix-MinAtar,IQN,3,7077888.0,63.28461456298828
Asterix-MinAtar,IQN,3,7208960.0,63.28461456298828
Asterix-MinAtar,IQN,3,7340032.0,63.28461456298828
Asterix-MinAtar,IQN,3,7471104.0,63.28461456298828
Asterix-MinAtar,IQN,3,7602176.0,74.4921875
Asterix-MinAtar,IQN,3,7733248.0,74.4921875
Asterix-MinAtar,IQN,3,7864320.0,74.4921875
Asterix-MinAtar,IQN,3,7995392.0,73.1328125
Asterix-MinAtar,IQN,3,8126464.0,73.1328125
Asterix-MinAtar,IQN,3,8257536.0,73.1328125
Asterix-MinAtar,IQN,3,8388608.0,73.1328125
Asterix-MinAtar,IQN,3,8519680.0,74.0703125
Asterix-MinAtar,IQN,3,8650752.0,74.0703125
Asterix-MinAtar,IQN,3,8781824.0,74.0703125
Asterix-MinAtar,IQN,3,8912896.0,74.0703125
Asterix-MinAtar,IQN,3,9043968.0,75.46875
Asterix-MinAtar,IQN,3,9175040.0,75.46875
Asterix-MinAtar,IQN,3,9306112.0,75.46875
Asterix-MinAtar,IQN,3,9437184.0,75.46875
Asterix-MinAtar,IQN,3,9568256.0,74.3515625
Asterix-MinAtar,IQN,3,9699328.0,74.3515625
Asterix-MinAtar,IQN,3,9830400.0,74.3515625
Asterix-MinAtar,IQN,3,9961472.0,74.3515625
Asterix-MinAtar,IQN,4,131072.0,0.4622047245502472
Asterix-MinAtar,IQN,4,262144.0,0.4622047245502472
Asterix-MinAtar,IQN,4,393216.0,0.4622047245502472
Asterix-MinAtar,IQN,4,524288.0,2.0705766677856445
Asterix-MinAtar,IQN,4,655360.0,2.0705766677856445
Asterix-MinAtar,IQN,4,786432.0,2.0705766677856445
Asterix-MinAtar,IQN,4,917504.0,2.0705766677856445
Asterix-MinAtar,IQN,4,1048576.0,24.645160675048828
Asterix-MinAtar,IQN,4,1179648.0,24.645160675048828
Asterix-MinAtar,IQN,4,1310720.0,24.645160675048828
Asterix-MinAtar,IQN,4,1441792.0,24.645160675048828
Asterix-MinAtar,IQN,4,1572864.0,19.645299911499023
Asterix-MinAtar,IQN,4,1703936.0,19.645299911499023
Asterix-MinAtar,IQN,4,1835008.0,19.645299911499023
Asterix-MinAtar,IQN,4,1966080.0,19.645299911499023
Asterix-MinAtar,IQN,4,2097152.0,15.721312522888184
Asterix-MinAtar,IQN,4,2228224.0,15.721312522888184
Asterix-MinAtar,IQN,4,2359296.0,15.721312522888184
Asterix-MinAtar,IQN,4,2490368.0,15.721312522888184
Asterix-MinAtar,IQN,4,2621440.0,39.23489761352539
Asterix-MinAtar,IQN,4,2752512.0,39.23489761352539
Asterix-MinAtar,IQN,4,2883584.0,39.23489761352539
Asterix-MinAtar,IQN,4,3014656.0,9.420748710632324
Asterix-MinAtar,IQN,4,3145728.0,9.420748710632324
Asterix-MinAtar,IQN,4,3276800.0,9.420748710632324
Asterix-MinAtar,IQN,4,3407872.0,9.420748710632324
Asterix-MinAtar,IQN,4,3538944.0,53.651161193847656
Asterix-MinAtar,IQN,4,3670016.0,53.651161193847656
Asterix-MinAtar,IQN,4,3801088.0,53.651161193847656
Asterix-MinAtar,IQN,4,3932160.0,53.651161193847656
Asterix-MinAtar,IQN,4,4063232.0,70.0234375
Asterix-MinAtar,IQN,4,4194304.0,70.0234375
Asterix-MinAtar,IQN,4,4325376.0,70.0234375
Asterix-MinAtar,IQN,4,4456448.0,70.0234375
Asterix-MinAtar,IQN,4,4587520.0,64.10852813720703
Asterix-MinAtar,IQN,4,4718592.0,64.10852813720703
Asterix-MinAtar,IQN,4,4849664.0,64.10852813720703
Asterix-MinAtar,IQN,4,4980736.0,64.10852813720703
Asterix-MinAtar,IQN,4,5111808.0,67.2265625
Asterix-MinAtar,IQN,4,5242880.0,67.2265625
Asterix-MinAtar,IQN,4,5373952.0,67.2265625
Asterix-MinAtar,IQN,4,5505024.0,51.42647171020508
Asterix-MinAtar,IQN,4,5636096.0,51.42647171020508
Asterix-MinAtar,IQN,4,5767168.0,51.42647171020508
Asterix-MinAtar,IQN,4,5898240.0,51.42647171020508
Asterix-MinAtar,IQN,4,6029312.0,61.67938995361328
Asterix-MinAtar,IQN,4,6160384.0,61.67938995361328
Asterix-MinAtar,IQN,4,6291456.0,61.67938995361328
Asterix-MinAtar,IQN,4,6422528.0,61.67938995361328
Asterix-MinAtar,IQN,4,6553600.0,71.4375
Asterix-MinAtar,IQN,4,6684672.0,71.4375
Asterix-MinAtar,IQN,4,6815744.0,71.4375
Asterix-MinAtar,IQN,4,6946816.0,71.4375
Asterix-MinAtar,IQN,4,7077888.0,71.6640625
Asterix-MinAtar,IQN,4,7208960.0,71.6640625
Asterix-MinAtar,IQN,4,7340032.0,71.6640625
Asterix-MinAtar,IQN,4,7471104.0,71.6640625
Asterix-MinAtar,IQN,4,7602176.0,71.828125
Asterix-MinAtar,IQN,4,7733248.0,71.828125
Asterix-MinAtar,IQN,4,7864320.0,71.828125
Asterix-MinAtar,IQN,4,7995392.0,72.546875
Asterix-MinAtar,IQN,4,8126464.0,72.546875
Asterix-MinAtar,IQN,4,8257536.0,72.546875
Asterix-MinAtar,IQN,4,8388608.0,72.546875
Asterix-MinAtar,IQN,4,8519680.0,72.625
Asterix-MinAtar,IQN,4,8650752.0,72.625
Asterix-MinAtar,IQN,4,8781824.0,72.625
Asterix-MinAtar,IQN,4,8912896.0,72.625
Asterix-MinAtar,IQN,4,9043968.0,72.125
Asterix-MinAtar,IQN,4,9175040.0,72.125
Asterix-MinAtar,IQN,4,9306112.0,72.125
Asterix-MinAtar,IQN,4,9437184.0,72.125
Asterix-MinAtar,IQN,4,9568256.0,73.8203125
Asterix-MinAtar,IQN,4,9699328.0,73.8203125
Asterix-MinAtar,IQN,4,9830400.0,73.8203125
Asterix-MinAtar,IQN,4,9961472.0,73.8203125
Asterix-MinAtar,IQN,5,131072.0,0.4358185827732086
Asterix-MinAtar,IQN,5,262144.0,0.4358185827732086
Asterix-MinAtar,IQN,5,393216.0,0.4358185827732086
Asterix-MinAtar,IQN,5,524288.0,3.7444796562194824
Asterix-MinAtar,IQN,5,655360.0,3.7444796562194824
Asterix-MinAtar,IQN,5,786432.0,3.7444796562194824
Asterix-MinAtar,IQN,5,917504.0,3.7444796562194824
Asterix-MinAtar,IQN,5,1048576.0,3.864661693572998
Asterix-MinAtar,IQN,5,1179648.0,3.864661693572998
Asterix-MinAtar,IQN,5,1310720.0,3.864661693572998
Asterix-MinAtar,IQN,5,1441792.0,3.864661693572998
Asterix-MinAtar,IQN,5,1572864.0,35.735294342041016
Asterix-MinAtar,IQN,5,1703936.0,35.735294342041016
Asterix-MinAtar,IQN,5,1835008.0,35.735294342041016
Asterix-MinAtar,IQN,5,1966080.0,35.735294342041016
Asterix-MinAtar,IQN,5,2097152.0,20.345972061157227
Asterix-MinAtar,IQN,5,2228224.0,20.345972061157227
Asterix-MinAtar,IQN,5,2359296.0,20.345972061157227
Asterix-MinAtar,IQN,5,2490368.0,20.345972061157227
Asterix-MinAtar,IQN,5,2621440.0,67.1796875
Asterix-MinAtar,IQN,5,2752512.0,67.1796875
Asterix-MinAtar,IQN,5,2883584.0,67.1796875
Asterix-MinAtar,IQN,5,3014656.0,59.1705436706543
Asterix-MinAtar,IQN,5,3145728.0,59.1705436706543
Asterix-MinAtar,IQN,5,3276800.0,59.1705436706543
Asterix-MinAtar,IQN,5,3407872.0,59.1705436706543
Asterix-MinAtar,IQN,5,3538944.0,57.41044998168945
Asterix-MinAtar,IQN,5,3670016.0,57.41044998168945
Asterix-MinAtar,IQN,5,3801088.0,57.41044998168945
Asterix-MinAtar,IQN,5,3932160.0,57.41044998168945
Asterix-MinAtar,IQN,5,4063232.0,55.765625
Asterix-MinAtar,IQN,5,4194304.0,55.765625
Asterix-MinAtar,IQN,5,4325376.0,55.765625
Asterix-MinAtar,IQN,5,4456448.0,55.765625
Asterix-MinAtar,IQN,5,4587520.0,21.2435245513916
Asterix-MinAtar,IQN,5,4718592.0,21.2435245513916
Asterix-MinAtar,IQN,5,4849664.0,21.2435245513916
Asterix-MinAtar,IQN,5,4980736.0,21.2435245513916
Asterix-MinAtar,IQN,5,5111808.0,69.13178253173828
Asterix-MinAtar,IQN,5,5242880.0,69.13178253173828
Asterix-MinAtar,IQN,5,5373952.0,69.13178253173828
Asterix-MinAtar,IQN,5,5505024.0,71.33333587646484
Asterix-MinAtar,IQN,5,5636096.0,71.33333587646484
Asterix-MinAtar,IQN,5,5767168.0,71.33333587646484
Asterix-MinAtar,IQN,5,5898240.0,71.33333587646484
Asterix-MinAtar,IQN,5,6029312.0,73.8359375
Asterix-MinAtar,IQN,5,6160384.0,73.8359375
Asterix-MinAtar,IQN,5,6291456.0,73.8359375
Asterix-MinAtar,IQN,5,6422528.0,73.8359375
Asterix-MinAtar,IQN,5,6553600.0,70.3984375
Asterix-MinAtar,IQN,5,6684672.0,70.3984375
Asterix-MinAtar,IQN,5,6815744.0,70.3984375
Asterix-MinAtar,IQN,5,6946816.0,70.3984375
Asterix-MinAtar,IQN,5,7077888.0,73.0625
Asterix-MinAtar,IQN,5,7208960.0,73.0625
Asterix-MinAtar,IQN,5,7340032.0,73.0625
Asterix-MinAtar,IQN,5,7471104.0,73.0625
Asterix-MinAtar,IQN,5,7602176.0,73.5703125
Asterix-MinAtar,IQN,5,7733248.0,73.5703125
Asterix-MinAtar,IQN,5,7864320.0,73.5703125
Asterix-MinAtar,IQN,5,7995392.0,73.1640625
Asterix-MinAtar,IQN,5,8126464.0,73.1640625
Asterix-MinAtar,IQN,5,8257536.0,73.1640625
Asterix-MinAtar,IQN,5,8388608.0,73.1640625
Asterix-MinAtar,IQN,5,8519680.0,63.476924896240234
Asterix-MinAtar,IQN,5,8650752.0,63.476924896240234
Asterix-MinAtar,IQN,5,8781824.0,63.476924896240234
Asterix-MinAtar,IQN,5,8912896.0,63.476924896240234
Asterix-MinAtar,IQN,5,9043968.0,67.765625
Asterix-MinAtar,IQN,5,9175040.0,67.765625
Asterix-MinAtar,IQN,5,9306112.0,67.765625
Asterix-MinAtar,IQN,5,9437184.0,67.765625
Asterix-MinAtar,IQN,5,9568256.0,74.4921875
Asterix-MinAtar,IQN,5,9699328.0,74.4921875
Asterix-MinAtar,IQN,5,9830400.0,74.4921875
Asterix-MinAtar,IQN,5,9961472.0,74.4921875
Asterix-MinAtar,QTD/QR-DQN,1,131072.0,0.41937926411628723
Asterix-MinAtar,QTD/QR-DQN,1,262144.0,0.41937926411628723
Asterix-MinAtar,QTD/QR-DQN,1,393216.0,0.41937926411628723
Asterix-MinAtar,QTD/QR-DQN,1,524288.0,6.276548862457275
Asterix-MinAtar,QTD/QR-DQN,1,655360.0,6.276548862457275
Asterix-MinAtar,QTD/QR-DQN,1,786432.0,6.276548862457275
Asterix-MinAtar,QTD/QR-DQN,1,917504.0,6.276548862457275
Asterix-MinAtar,QTD/QR-DQN,1,1048576.0,22.07567596435547
Asterix-MinAtar,QTD/QR-DQN,1,1179648.0,22.07567596435547
Asterix-MinAtar,QTD/QR-DQN,1,1310720.0,22.07567596435547
Asterix-MinAtar,QTD/QR-DQN,1,1441792.0,22.07567596435547
Asterix-MinAtar,QTD/QR-DQN,1,1572864.0,51.58139419555664
Asterix-MinAtar,QTD/QR-DQN,1,1703936.0,51.58139419555664
Asterix-MinAtar,QTD/QR-DQN,1,1835008.0,51.58139419555664
Asterix-MinAtar,QTD/QR-DQN,1,1966080.0,51.58139419555664
Asterix-MinAtar,QTD/QR-DQN,1,2097152.0,54.407691955566406
Asterix-MinAtar,QTD/QR-DQN,1,2228224.0,54.407691955566406
Asterix-MinAtar,QTD/QR-DQN,1,2359296.0,54.407691955566406
Asterix-MinAtar,QTD/QR-DQN,1,2490368.0,54.407691955566406
Asterix-MinAtar,QTD/QR-DQN,1,2621440.0,37.149658203125
Asterix-MinAtar,QTD/QR-DQN,1,2752512.0,37.149658203125
Asterix-MinAtar,QTD/QR-DQN,1,2883584.0,37.149658203125
Asterix-MinAtar,QTD/QR-DQN,1,3014656.0,46.82014083862305
Asterix-MinAtar,QTD/QR-DQN,1,3145728.0,46.82014083862305
Asterix-MinAtar,QTD/QR-DQN,1,3276800.0,46.82014083862305
Asterix-MinAtar,QTD/QR-DQN,1,3407872.0,46.82014083862305
Asterix-MinAtar,QTD/QR-DQN,1,3538944.0,65.1015625
Asterix-MinAtar,QTD/QR-DQN,1,3670016.0,65.1015625
Asterix-MinAtar,QTD/QR-DQN,1,3801088.0,65.1015625
Asterix-MinAtar,QTD/QR-DQN,1,3932160.0,65.1015625
Asterix-MinAtar,QTD/QR-DQN,1,4063232.0,47.78985595703125
Asterix-MinAtar,QTD/QR-DQN,1,4194304.0,47.78985595703125
Asterix-MinAtar,QTD/QR-DQN,1,4325376.0,47.78985595703125
Asterix-MinAtar,QTD/QR-DQN,1,4456448.0,47.78985595703125
Asterix-MinAtar,QTD/QR-DQN,1,4587520.0,71.0859375
Asterix-MinAtar,QTD/QR-DQN,1,4718592.0,71.0859375
Asterix-MinAtar,QTD/QR-DQN,1,4849664.0,71.0859375
Asterix-MinAtar,QTD/QR-DQN,1,4980736.0,71.0859375
Asterix-MinAtar,QTD/QR-DQN,1,5111808.0,68.71875
Asterix-MinAtar,QTD/QR-DQN,1,5242880.0,68.71875
Asterix-MinAtar,QTD/QR-DQN,1,5373952.0,68.71875
Asterix-MinAtar,QTD/QR-DQN,1,5505024.0,70.0390625
Asterix-MinAtar,QTD/QR-DQN,1,5636096.0,70.0390625
Asterix-MinAtar,QTD/QR-DQN,1,5767168.0,70.0390625
Asterix-MinAtar,QTD/QR-DQN,1,5898240.0,70.0390625
Asterix-MinAtar,QTD/QR-DQN,1,6029312.0,66.2890625
Asterix-MinAtar,QTD/QR-DQN,1,6160384.0,66.2890625
Asterix-MinAtar,QTD/QR-DQN,1,6291456.0,66.2890625
Asterix-MinAtar,QTD/QR-DQN,1,6422528.0,66.2890625
Asterix-MinAtar,QTD/QR-DQN,1,6553600.0,66.6953125
Asterix-MinAtar,QTD/QR-DQN,1,6684672.0,66.6953125
Asterix-MinAtar,QTD/QR-DQN,1,6815744.0,66.6953125
Asterix-MinAtar,QTD/QR-DQN,1,6946816.0,66.6953125
Asterix-MinAtar,QTD/QR-DQN,1,7077888.0,71.00775146484375
Asterix-MinAtar,QTD/QR-DQN,1,7208960.0,71.00775146484375
Asterix-MinAtar,QTD/QR-DQN,1,7340032.0,71.00775146484375
Asterix-MinAtar,QTD/QR-DQN,1,7471104.0,71.00775146484375
Asterix-MinAtar,QTD/QR-DQN,1,7602176.0,74.0
Asterix-MinAtar,QTD/QR-DQN,1,7733248.0,74.0
Asterix-MinAtar,QTD/QR-DQN,1,7864320.0,74.0
Asterix-MinAtar,QTD/QR-DQN,1,7995392.0,72.390625
Asterix-MinAtar,QTD/QR-DQN,1,8126464.0,72.390625
Asterix-MinAtar,QTD/QR-DQN,1,8257536.0,72.390625
Asterix-MinAtar,QTD/QR-DQN,1,8388608.0,72.390625
Asterix-MinAtar,QTD/QR-DQN,1,8519680.0,71.9921875
Asterix-MinAtar,QTD/QR-DQN,1,8650752.0,71.9921875
Asterix-MinAtar,QTD/QR-DQN,1,8781824.0,71.9921875
Asterix-MinAtar,QTD/QR-DQN,1,8912896.0,71.9921875
Asterix-MinAtar,QTD/QR-DQN,1,9043968.0,75.1171875
Asterix-MinAtar,QTD/QR-DQN,1,9175040.0,75.1171875
Asterix-MinAtar,QTD/QR-DQN,1,9306112.0,75.1171875
Asterix-MinAtar,QTD/QR-DQN,1,9437184.0,75.1171875
Asterix-MinAtar,QTD/QR-DQN,1,9568256.0,65.90625
Asterix-MinAtar,QTD/QR-DQN,1,9699328.0,65.90625
Asterix-MinAtar,QTD/QR-DQN,1,9830400.0,65.90625
Asterix-MinAtar,QTD/QR-DQN,1,9961472.0,65.90625
Asterix-MinAtar,QTD/QR-DQN,2,131072.0,0.4630659222602844
Asterix-MinAtar,QTD/QR-DQN,2,262144.0,0.4630659222602844
Asterix-MinAtar,QTD/QR-DQN,2,393216.0,0.4630659222602844
Asterix-MinAtar,QTD/QR-DQN,2,524288.0,12.69615364074707
Asterix-MinAtar,QTD/QR-DQN,2,655360.0,12.69615364074707
Asterix-MinAtar,QTD/QR-DQN,2,786432.0,12.69615364074707
Asterix-MinAtar,QTD/QR-DQN,2,917504.0,12.69615364074707
Asterix-MinAtar,QTD/QR-DQN,2,1048576.0,32.68275833129883
Asterix-MinAtar,QTD/QR-DQN,2,1179648.0,32.68275833129883
Asterix-MinAtar,QTD/QR-DQN,2,1310720.0,32.68275833129883
Asterix-MinAtar,QTD/QR-DQN,2,1441792.0,32.68275833129883
Asterix-MinAtar,QTD/QR-DQN,2,1572864.0,34.59477233886719
Asterix-MinAtar,QTD/QR-DQN,2,1703936.0,34.59477233886719
Asterix-MinAtar,QTD/QR-DQN,2,1835008.0,34.59477233886719
Asterix-MinAtar,QTD/QR-DQN,2,1966080.0,34.59477233886719
Asterix-MinAtar,QTD/QR-DQN,2,2097152.0,52.63358688354492
Asterix-MinAtar,QTD/QR-DQN,2,2228224.0,52.63358688354492
Asterix-MinAtar,QTD/QR-DQN,2,2359296.0,52.63358688354492
Asterix-MinAtar,QTD/QR-DQN,2,2490368.0,52.63358688354492
Asterix-MinAtar,QTD/QR-DQN,2,2621440.0,63.2421875
Asterix-MinAtar,QTD/QR-DQN,2,2752512.0,63.2421875
Asterix-MinAtar,QTD/QR-DQN,2,2883584.0,63.2421875
Asterix-MinAtar,QTD/QR-DQN,2,3014656.0,62.4296875
Asterix-MinAtar,QTD/QR-DQN,2,3145728.0,62.4296875
Asterix-MinAtar,QTD/QR-DQN,2,3276800.0,62.4296875
Asterix-MinAtar,QTD/QR-DQN,2,3407872.0,62.4296875
Asterix-MinAtar,QTD/QR-DQN,2,3538944.0,56.735294342041016
Asterix-MinAtar,QTD/QR-DQN,2,3670016.0,56.735294342041016
Asterix-MinAtar,QTD/QR-DQN,2,3801088.0,56.735294342041016
Asterix-MinAtar,QTD/QR-DQN,2,3932160.0,56.735294342041016
Asterix-MinAtar,QTD/QR-DQN,2,4063232.0,71.25
Asterix-MinAtar,QTD/QR-DQN,2,4194304.0,71.25
Asterix-MinAtar,QTD/QR-DQN,2,4325376.0,71.25
Asterix-MinAtar,QTD/QR-DQN,2,4456448.0,71.25
Asterix-MinAtar,QTD/QR-DQN,2,4587520.0,71.6328125
Asterix-MinAtar,QTD/QR-DQN,2,4718592.0,71.6328125
Asterix-MinAtar,QTD/QR-DQN,2,4849664.0,71.6328125
Asterix-MinAtar,QTD/QR-DQN,2,4980736.0,71.6328125
Asterix-MinAtar,QTD/QR-DQN,2,5111808.0,53.9609375
Asterix-MinAtar,QTD/QR-DQN,2,5242880.0,53.9609375
Asterix-MinAtar,QTD/QR-DQN,2,5373952.0,53.9609375
Asterix-MinAtar,QTD/QR-DQN,2,5505024.0,73.2265625
Asterix-MinAtar,QTD/QR-DQN,2,5636096.0,73.2265625
Asterix-MinAtar,QTD/QR-DQN,2,5767168.0,73.2265625
Asterix-MinAtar,QTD/QR-DQN,2,5898240.0,73.2265625
Asterix-MinAtar,QTD/QR-DQN,2,6029312.0,55.901512145996094
Asterix-MinAtar,QTD/QR-DQN,2,6160384.0,55.901512145996094
Asterix-MinAtar,QTD/QR-DQN,2,6291456.0,55.901512145996094
Asterix-MinAtar,QTD/QR-DQN,2,6422528.0,55.901512145996094
Asterix-MinAtar,QTD/QR-DQN,2,6553600.0,68.6953125
Asterix-MinAtar,QTD/QR-DQN,2,6684672.0,68.6953125
Asterix-MinAtar,QTD/QR-DQN,2,6815744.0,68.6953125
Asterix-MinAtar,QTD/QR-DQN,2,6946816.0,68.6953125
Asterix-MinAtar,QTD/QR-DQN,2,7077888.0,74.5859375
Asterix-MinAtar,QTD/QR-DQN,2,7208960.0,74.5859375
Asterix-MinAtar,QTD/QR-DQN,2,7340032.0,74.5859375
Asterix-MinAtar,QTD/QR-DQN,2,7471104.0,74.5859375
Asterix-MinAtar,QTD/QR-DQN,2,7602176.0,72.3203125
Asterix-MinAtar,QTD/QR-DQN,2,7733248.0,72.3203125
Asterix-MinAtar,QTD/QR-DQN,2,7864320.0,72.3203125
Asterix-MinAtar,QTD/QR-DQN,2,7995392.0,67.1640625
Asterix-MinAtar,QTD/QR-DQN,2,8126464.0,67.1640625
Asterix-MinAtar,QTD/QR-DQN,2,8257536.0,67.1640625
Asterix-MinAtar,QTD/QR-DQN,2,8388608.0,67.1640625
Asterix-MinAtar,QTD/QR-DQN,2,8519680.0,73.734375
Asterix-MinAtar,QTD/QR-DQN,2,8650752.0,73.734375
Asterix-MinAtar,QTD/QR-DQN,2,8781824.0,73.734375
Asterix-MinAtar,QTD/QR-DQN,2,8912896.0,73.734375
Asterix-MinAtar,QTD/QR-DQN,2,9043968.0,70.234375
Asterix-MinAtar,QTD/QR-DQN,2,9175040.0,70.234375
Asterix-MinAtar,QTD/QR-DQN,2,9306112.0,70.234375
Asterix-MinAtar,QTD/QR-DQN,2,9437184.0,70.234375
Asterix-MinAtar,QTD/QR-DQN,2,9568256.0,75.3359375
Asterix-MinAtar,QTD/QR-DQN,2,9699328.0,75.3359375
Asterix-MinAtar,QTD/QR-DQN,2,9830400.0,75.3359375
Asterix-MinAtar,QTD/QR-DQN,2,9961472.0,75.3359375
Asterix-MinAtar,QTD/QR-DQN,3,131072.0,0.44115355610847473
Asterix-MinAtar,QTD/QR-DQN,3,262144.0,0.44115355610847473
Asterix-MinAtar,QTD/QR-DQN,3,393216.0,0.44115355610847473
Asterix-MinAtar,QTD/QR-DQN,3,524288.0,10.407514572143555
Asterix-MinAtar,QTD/QR-DQN,3,655360.0,10.407514572143555
Asterix-MinAtar,QTD/QR-DQN,3,786432.0,10.407514572143555
Asterix-MinAtar,QTD/QR-DQN,3,917504.0,10.407514572143555
Asterix-MinAtar,QTD/QR-DQN,3,1048576.0,2.943425178527832
Asterix-MinAtar,QTD/QR-DQN,3,1179648.0,2.943425178527832
Asterix-MinAtar,QTD/QR-DQN,3,1310720.0,2.943425178527832
Asterix-MinAtar,QTD/QR-DQN,3,1441792.0,2.943425178527832
Asterix-MinAtar,QTD/QR-DQN,3,1572864.0,45.911766052246094
Asterix-MinAtar,QTD/QR-DQN,3,1703936.0,45.911766052246094
Asterix-MinAtar,QTD/QR-DQN,3,1835008.0,45.911766052246094
Asterix-MinAtar,QTD/QR-DQN,3,1966080.0,45.911766052246094
Asterix-MinAtar,QTD/QR-DQN,3,2097152.0,45.328468322753906
Asterix-MinAtar,QTD/QR-DQN,3,2228224.0,45.328468322753906
Asterix-MinAtar,QTD/QR-DQN,3,2359296.0,45.328468322753906
Asterix-MinAtar,QTD/QR-DQN,3,2490368.0,45.328468322753906
Asterix-MinAtar,QTD/QR-DQN,3,2621440.0,22.918781280517578
Asterix-MinAtar,QTD/QR-DQN,3,2752512.0,22.918781280517578
Asterix-MinAtar,QTD/QR-DQN,3,2883584.0,22.918781280517578
Asterix-MinAtar,QTD/QR-DQN,3,3014656.0,69.421875
Asterix-MinAtar,QTD/QR-DQN,3,3145728.0,69.421875
Asterix-MinAtar,QTD/QR-DQN,3,3276800.0,69.421875
Asterix-MinAtar,QTD/QR-DQN,3,3407872.0,69.421875
Asterix-MinAtar,QTD/QR-DQN,3,3538944.0,68.078125
Asterix-MinAtar,QTD/QR-DQN,3,3670016.0,68.078125
Asterix-MinAtar,QTD/QR-DQN,3,3801088.0,68.078125
Asterix-MinAtar,QTD/QR-DQN,3,3932160.0,68.078125
Asterix-MinAtar,QTD/QR-DQN,3,4063232.0,71.03125
Asterix-MinAtar,QTD/QR-DQN,3,4194304.0,71.03125
Asterix-MinAtar,QTD/QR-DQN,3,4325376.0,71.03125
Asterix-MinAtar,QTD/QR-DQN,3,4456448.0,71.03125
Asterix-MinAtar,QTD/QR-DQN,3,4587520.0,62.28125
Asterix-MinAtar,QTD/QR-DQN,3,4718592.0,62.28125
Asterix-MinAtar,QTD/QR-DQN,3,4849664.0,62.28125
Asterix-MinAtar,QTD/QR-DQN,3,4980736.0,62.28125
Asterix-MinAtar,QTD/QR-DQN,3,5111808.0,70.9140625
Asterix-MinAtar,QTD/QR-DQN,3,5242880.0,70.9140625
Asterix-MinAtar,QTD/QR-DQN,3,5373952.0,70.9140625
Asterix-MinAtar,QTD/QR-DQN,3,5505024.0,72.515625
Asterix-MinAtar,QTD/QR-DQN,3,5636096.0,72.515625
Asterix-MinAtar,QTD/QR-DQN,3,5767168.0,72.515625
Asterix-MinAtar,QTD/QR-DQN,3,5898240.0,72.515625
Asterix-MinAtar,QTD/QR-DQN,3,6029312.0,71.3515625
Asterix-MinAtar,QTD/QR-DQN,3,6160384.0,71.3515625
Asterix-MinAtar,QTD/QR-DQN,3,6291456.0,71.3515625
Asterix-MinAtar,QTD/QR-DQN,3,6422528.0,71.3515625
Asterix-MinAtar,QTD/QR-DQN,3,6553600.0,69.3203125
Asterix-MinAtar,QTD/QR-DQN,3,6684672.0,69.3203125
Asterix-MinAtar,QTD/QR-DQN,3,6815744.0,69.3203125
Asterix-MinAtar,QTD/QR-DQN,3,6946816.0,69.3203125
Asterix-MinAtar,QTD/QR-DQN,3,7077888.0,73.3203125
Asterix-MinAtar,QTD/QR-DQN,3,7208960.0,73.3203125
Asterix-MinAtar,QTD/QR-DQN,3,7340032.0,73.3203125
Asterix-MinAtar,QTD/QR-DQN,3,7471104.0,73.3203125
Asterix-MinAtar,QTD/QR-DQN,3,7602176.0,73.359375
Asterix-MinAtar,QTD/QR-DQN,3,7733248.0,73.359375
Asterix-MinAtar,QTD/QR-DQN,3,7864320.0,73.359375
Asterix-MinAtar,QTD/QR-DQN,3,7995392.0,71.4375
Asterix-MinAtar,QTD/QR-DQN,3,8126464.0,71.4375
Asterix-MinAtar,QTD/QR-DQN,3,8257536.0,71.4375
Asterix-MinAtar,QTD/QR-DQN,3,8388608.0,71.4375
Asterix-MinAtar,QTD/QR-DQN,3,8519680.0,74.171875
Asterix-MinAtar,QTD/QR-DQN,3,8650752.0,74.171875
Asterix-MinAtar,QTD/QR-DQN,3,8781824.0,74.171875
Asterix-MinAtar,QTD/QR-DQN,3,8912896.0,74.171875
Asterix-MinAtar,QTD/QR-DQN,3,9043968.0,74.5859375
Asterix-MinAtar,QTD/QR-DQN,3,9175040.0,74.5859375
Asterix-MinAtar,QTD/QR-DQN,3,9306112.0,74.5859375
Asterix-MinAtar,QTD/QR-DQN,3,9437184.0,74.5859375
Asterix-MinAtar,QTD/QR-DQN,3,9568256.0,74.28125
Asterix-MinAtar,QTD/QR-DQN,3,9699328.0,74.28125
Asterix-MinAtar,QTD/QR-DQN,3,9830400.0,74.28125
Asterix-MinAtar,QTD/QR-DQN,3,9961472.0,74.28125
Asterix-MinAtar,QTD/QR-DQN,4,131072.0,0.4622047245502472
Asterix-MinAtar,QTD/QR-DQN,4,262144.0,0.4622047245502472
Asterix-MinAtar,QTD/QR-DQN,4,393216.0,0.4622047245502472
Asterix-MinAtar,QTD/QR-DQN,4,524288.0,7.089974403381348
Asterix-MinAtar,QTD/QR-DQN,4,655360.0,7.089974403381348
Asterix-MinAtar,QTD/QR-DQN,4,786432.0,7.089974403381348
Asterix-MinAtar,QTD/QR-DQN,4,917504.0,7.089974403381348
Asterix-MinAtar,QTD/QR-DQN,4,1048576.0,53.937984466552734
Asterix-MinAtar,QTD/QR-DQN,4,1179648.0,53.937984466552734
Asterix-MinAtar,QTD/QR-DQN,4,1310720.0,53.937984466552734
Asterix-MinAtar,QTD/QR-DQN,4,1441792.0,53.937984466552734
Asterix-MinAtar,QTD/QR-DQN,4,1572864.0,59.9375
Asterix-MinAtar,QTD/QR-DQN,4,1703936.0,59.9375
Asterix-MinAtar,QTD/QR-DQN,4,1835008.0,59.9375
Asterix-MinAtar,QTD/QR-DQN,4,1966080.0,59.9375
Asterix-MinAtar,QTD/QR-DQN,4,2097152.0,58.953125
Asterix-MinAtar,QTD/QR-DQN,4,2228224.0,58.953125
Asterix-MinAtar,QTD/QR-DQN,4,2359296.0,58.953125
Asterix-MinAtar,QTD/QR-DQN,4,2490368.0,58.953125
Asterix-MinAtar,QTD/QR-DQN,4,2621440.0,53.22480773925781
Asterix-MinAtar,QTD/QR-DQN,4,2752512.0,53.22480773925781
Asterix-MinAtar,QTD/QR-DQN,4,2883584.0,53.22480773925781
Asterix-MinAtar,QTD/QR-DQN,4,3014656.0,69.7734375
Asterix-MinAtar,QTD/QR-DQN,4,3145728.0,69.7734375
Asterix-MinAtar,QTD/QR-DQN,4,3276800.0,69.7734375
Asterix-MinAtar,QTD/QR-DQN,4,3407872.0,69.7734375
Asterix-MinAtar,QTD/QR-DQN,4,3538944.0,35.20512771606445
Asterix-MinAtar,QTD/QR-DQN,4,3670016.0,35.20512771606445
Asterix-MinAtar,QTD/QR-DQN,4,3801088.0,35.20512771606445
Asterix-MinAtar,QTD/QR-DQN,4,3932160.0,35.20512771606445
Asterix-MinAtar,QTD/QR-DQN,4,4063232.0,70.328125
Asterix-MinAtar,QTD/QR-DQN,4,4194304.0,70.328125
Asterix-MinAtar,QTD/QR-DQN,4,4325376.0,70.328125
Asterix-MinAtar,QTD/QR-DQN,4,4456448.0,70.328125
Asterix-MinAtar,QTD/QR-DQN,4,4587520.0,67.4765625
Asterix-MinAtar,QTD/QR-DQN,4,4718592.0,67.4765625
Asterix-MinAtar,QTD/QR-DQN,4,4849664.0,67.4765625
Asterix-MinAtar,QTD/QR-DQN,4,4980736.0,67.4765625
Asterix-MinAtar,QTD/QR-DQN,4,5111808.0,71.8828125
Asterix-MinAtar,QTD/QR-DQN,4,5242880.0,71.8828125
Asterix-MinAtar,QTD/QR-DQN,4,5373952.0,71.8828125
Asterix-MinAtar,QTD/QR-DQN,4,5505024.0,14.639705657958984
Asterix-MinAtar,QTD/QR-DQN,4,5636096.0,14.639705657958984
Asterix-MinAtar,QTD/QR-DQN,4,5767168.0,14.639705657958984
Asterix-MinAtar,QTD/QR-DQN,4,5898240.0,14.639705657958984
Asterix-MinAtar,QTD/QR-DQN,4,6029312.0,70.796875
Asterix-MinAtar,QTD/QR-DQN,4,6160384.0,70.796875
Asterix-MinAtar,QTD/QR-DQN,4,6291456.0,70.796875
Asterix-MinAtar,QTD/QR-DQN,4,6422528.0,70.796875
Asterix-MinAtar,QTD/QR-DQN,4,6553600.0,73.5859375
Asterix-MinAtar,QTD/QR-DQN,4,6684672.0,73.5859375
Asterix-MinAtar,QTD/QR-DQN,4,6815744.0,73.5859375
Asterix-MinAtar,QTD/QR-DQN,4,6946816.0,73.5859375
Asterix-MinAtar,QTD/QR-DQN,4,7077888.0,71.09375
Asterix-MinAtar,QTD/QR-DQN,4,7208960.0,71.09375
Asterix-MinAtar,QTD/QR-DQN,4,7340032.0,71.09375
Asterix-MinAtar,QTD/QR-DQN,4,7471104.0,71.09375
Asterix-MinAtar,QTD/QR-DQN,4,7602176.0,74.84375
Asterix-MinAtar,QTD/QR-DQN,4,7733248.0,74.84375
Asterix-MinAtar,QTD/QR-DQN,4,7864320.0,74.84375
Asterix-MinAtar,QTD/QR-DQN,4,7995392.0,71.8203125
Asterix-MinAtar,QTD/QR-DQN,4,8126464.0,71.8203125
Asterix-MinAtar,QTD/QR-DQN,4,8257536.0,71.8203125
Asterix-MinAtar,QTD/QR-DQN,4,8388608.0,71.8203125
Asterix-MinAtar,QTD/QR-DQN,4,8519680.0,74.2890625
Asterix-MinAtar,QTD/QR-DQN,4,8650752.0,74.2890625
Asterix-MinAtar,QTD/QR-DQN,4,8781824.0,74.2890625
Asterix-MinAtar,QTD/QR-DQN,4,8912896.0,74.2890625
Asterix-MinAtar,QTD/QR-DQN,4,9043968.0,75.5078125
Asterix-MinAtar,QTD/QR-DQN,4,9175040.0,75.5078125
Asterix-MinAtar,QTD/QR-DQN,4,9306112.0,75.5078125
Asterix-MinAtar,QTD/QR-DQN,4,9437184.0,75.5078125
Asterix-MinAtar,QTD/QR-DQN,4,9568256.0,74.4140625
Asterix-MinAtar,QTD/QR-DQN,4,9699328.0,74.4140625
Asterix-MinAtar,QTD/QR-DQN,4,9830400.0,74.4140625
Asterix-MinAtar,QTD/QR-DQN,4,9961472.0,74.4140625
Asterix-MinAtar,QTD/QR-DQN,5,131072.0,0.4358185827732086
Asterix-MinAtar,QTD/QR-DQN,5,262144.0,0.4358185827732086
Asterix-MinAtar,QTD/QR-DQN,5,393216.0,0.4358185827732086
Asterix-MinAtar,QTD/QR-DQN,5,524288.0,18.075471878051758
Asterix-MinAtar,QTD/QR-DQN,5,655360.0,18.075471878051758
Asterix-MinAtar,QTD/QR-DQN,5,786432.0,18.075471878051758
Asterix-MinAtar,QTD/QR-DQN,5,917504.0,18.075471878051758
Asterix-MinAtar,QTD/QR-DQN,5,1048576.0,33.05369186401367
Asterix-MinAtar,QTD/QR-DQN,5,1179648.0,33.05369186401367
Asterix-MinAtar,QTD/QR-DQN,5,1310720.0,33.05369186401367
Asterix-MinAtar,QTD/QR-DQN,5,1441792.0,33.05369186401367
Asterix-MinAtar,QTD/QR-DQN,5,1572864.0,43.68613052368164
Asterix-MinAtar,QTD/QR-DQN,5,1703936.0,43.68613052368164
Asterix-MinAtar,QTD/QR-DQN,5,1835008.0,43.68613052368164
Asterix-MinAtar,QTD/QR-DQN,5,1966080.0,43.68613052368164
Asterix-MinAtar,QTD/QR-DQN,5,2097152.0,66.796875
Asterix-MinAtar,QTD/QR-DQN,5,2228224.0,66.796875
Asterix-MinAtar,QTD/QR-DQN,5,2359296.0,66.796875
Asterix-MinAtar,QTD/QR-DQN,5,2490368.0,66.796875
Asterix-MinAtar,QTD/QR-DQN,5,2621440.0,61.78294372558594
Asterix-MinAtar,QTD/QR-DQN,5,2752512.0,61.78294372558594
Asterix-MinAtar,QTD/QR-DQN,5,2883584.0,61.78294372558594
Asterix-MinAtar,QTD/QR-DQN,5,3014656.0,66.8359375
Asterix-MinAtar,QTD/QR-DQN,5,3145728.0,66.8359375
Asterix-MinAtar,QTD/QR-DQN,5,3276800.0,66.8359375
Asterix-MinAtar,QTD/QR-DQN,5,3407872.0,66.8359375
Asterix-MinAtar,QTD/QR-DQN,5,3538944.0,67.015625
Asterix-MinAtar,QTD/QR-DQN,5,3670016.0,67.015625
Asterix-MinAtar,QTD/QR-DQN,5,3801088.0,67.015625
Asterix-MinAtar,QTD/QR-DQN,5,3932160.0,67.015625
Asterix-MinAtar,QTD/QR-DQN,5,4063232.0,72.4765625
Asterix-MinAtar,QTD/QR-DQN,5,4194304.0,72.4765625
Asterix-MinAtar,QTD/QR-DQN,5,4325376.0,72.4765625
Asterix-MinAtar,QTD/QR-DQN,5,4456448.0,72.4765625
Asterix-MinAtar,QTD/QR-DQN,5,4587520.0,72.8671875
Asterix-MinAtar,QTD/QR-DQN,5,4718592.0,72.8671875
Asterix-MinAtar,QTD/QR-DQN,5,4849664.0,72.8671875
Asterix-MinAtar,QTD/QR-DQN,5,4980736.0,72.8671875
Asterix-MinAtar,QTD/QR-DQN,5,5111808.0,71.453125
Asterix-MinAtar,QTD/QR-DQN,5,5242880.0,71.453125
Asterix-MinAtar,QTD/QR-DQN,5,5373952.0,71.453125
Asterix-MinAtar,QTD/QR-DQN,5,5505024.0,70.59375
Asterix-MinAtar,QTD/QR-DQN,5,5636096.0,70.59375
Asterix-MinAtar,QTD/QR-DQN,5,5767168.0,70.59375
Asterix-MinAtar,QTD/QR-DQN,5,5898240.0,70.59375
Asterix-MinAtar,QTD/QR-DQN,5,6029312.0,71.828125
Asterix-MinAtar,QTD/QR-DQN,5,6160384.0,71.828125
Asterix-MinAtar,QTD/QR-DQN,5,6291456.0,71.828125
Asterix-MinAtar,QTD/QR-DQN,5,6422528.0,71.828125
Asterix-MinAtar,QTD/QR-DQN,5,6553600.0,72.6171875
Asterix-MinAtar,QTD/QR-DQN,5,6684672.0,72.6171875
Asterix-MinAtar,QTD/QR-DQN,5,6815744.0,72.6171875
Asterix-MinAtar,QTD/QR-DQN,5,6946816.0,72.6171875
Asterix-MinAtar,QTD/QR-DQN,5,7077888.0,63.604652404785156
Asterix-MinAtar,QTD/QR-DQN,5,7208960.0,63.604652404785156
Asterix-MinAtar,QTD/QR-DQN,5,7340032.0,63.604652404785156
Asterix-MinAtar,QTD/QR-DQN,5,7471104.0,63.604652404785156
Asterix-MinAtar,QTD/QR-DQN,5,7602176.0,69.6015625
Asterix-MinAtar,QTD/QR-DQN,5,7733248.0,69.6015625
Asterix-MinAtar,QTD/QR-DQN,5,7864320.0,69.6015625
Asterix-MinAtar,QTD/QR-DQN,5,7995392.0,70.8359375
Asterix-MinAtar,QTD/QR-DQN,5,8126464.0,70.8359375
Asterix-MinAtar,QTD/QR-DQN,5,8257536.0,70.8359375
Asterix-MinAtar,QTD/QR-DQN,5,8388608.0,70.8359375
Asterix-MinAtar,QTD/QR-DQN,5,8519680.0,72.546875
Asterix-MinAtar,QTD/QR-DQN,5,8650752.0,72.546875
Asterix-MinAtar,QTD/QR-DQN,5,8781824.0,72.546875
Asterix-MinAtar,QTD/QR-DQN,5,8912896.0,72.546875
Asterix-MinAtar,QTD/QR-DQN,5,9043968.0,74.828125
Asterix-MinAtar,QTD/QR-DQN,5,9175040.0,74.828125
Asterix-MinAtar,QTD/QR-DQN,5,9306112.0,74.828125
Asterix-MinAtar,QTD/QR-DQN,5,9437184.0,74.828125
Asterix-MinAtar,QTD/QR-DQN,5,9568256.0,73.453125
Asterix-MinAtar,QTD/QR-DQN,5,9699328.0,73.453125
Asterix-MinAtar,QTD/QR-DQN,5,9830400.0,73.453125
Asterix-MinAtar,QTD/QR-DQN,5,9961472.0,73.453125
Breakout-MinAtar,CTD/C51,1,131072.0,0.49737095832824707
Breakout-MinAtar,CTD/C51,1,262144.0,0.49737095832824707
Breakout-MinAtar,CTD/C51,1,393216.0,0.49737095832824707
Breakout-MinAtar,CTD/C51,1,524288.0,6.499095916748047
Breakout-MinAtar,CTD/C51,1,655360.0,6.499095916748047
Breakout-MinAtar,CTD/C51,1,786432.0,6.499095916748047
Breakout-MinAtar,CTD/C51,1,917504.0,6.499095916748047
Breakout-MinAtar,CTD/C51,1,1048576.0,40.171875
Breakout-MinAtar,CTD/C51,1,1179648.0,40.171875
Breakout-MinAtar,CTD/C51,1,1310720.0,40.171875
Breakout-MinAtar,CTD/C51,1,1441792.0,40.171875
Breakout-MinAtar,CTD/C51,1,1572864.0,23.353591918945312
Breakout-MinAtar,CTD/C51,1,1703936.0,23.353591918945312
Breakout-MinAtar,CTD/C51,1,1835008.0,23.353591918945312
Breakout-MinAtar,CTD/C51,1,1966080.0,23.353591918945312
Breakout-MinAtar,CTD/C51,1,2097152.0,27.6171875
Breakout-MinAtar,CTD/C51,1,2228224.0,27.6171875
Breakout-MinAtar,CTD/C51,1,2359296.0,27.6171875
Breakout-MinAtar,CTD/C51,1,2490368.0,27.6171875
Breakout-MinAtar,CTD/C51,1,2621440.0,43.2734375
Breakout-MinAtar,CTD/C51,1,2752512.0,43.2734375
Breakout-MinAtar,CTD/C51,1,2883584.0,43.2734375
Breakout-MinAtar,CTD/C51,1,3014656.0,21.0
Breakout-MinAtar,CTD/C51,1,3145728.0,21.0
Breakout-MinAtar,CTD/C51,1,3276800.0,21.0
Breakout-MinAtar,CTD/C51,1,3407872.0,21.0
Breakout-MinAtar,CTD/C51,1,3538944.0,67.6484375
Breakout-MinAtar,CTD/C51,1,3670016.0,67.6484375
Breakout-MinAtar,CTD/C51,1,3801088.0,67.6484375
Breakout-MinAtar,CTD/C51,1,3932160.0,67.6484375
Breakout-MinAtar,CTD/C51,1,4063232.0,29.0
Breakout-MinAtar,CTD/C51,1,4194304.0,29.0
Breakout-MinAtar,CTD/C51,1,4325376.0,29.0
Breakout-MinAtar,CTD/C51,1,4456448.0,29.0
Breakout-MinAtar,CTD/C51,1,4587520.0,59.0
Breakout-MinAtar,CTD/C51,1,4718592.0,59.0
Breakout-MinAtar,CTD/C51,1,4849664.0,59.0
Breakout-MinAtar,CTD/C51,1,4980736.0,59.0
Breakout-MinAtar,CTD/C51,1,5111808.0,71.0
Breakout-MinAtar,CTD/C51,1,5242880.0,71.0
Breakout-MinAtar,CTD/C51,1,5373952.0,71.0
Breakout-MinAtar,CTD/C51,1,5505024.0,39.109375
Breakout-MinAtar,CTD/C51,1,5636096.0,39.109375
Breakout-MinAtar,CTD/C51,1,5767168.0,39.109375
Breakout-MinAtar,CTD/C51,1,5898240.0,39.109375
Breakout-MinAtar,CTD/C51,1,6029312.0,60.34375
Breakout-MinAtar,CTD/C51,1,6160384.0,60.34375
Breakout-MinAtar,CTD/C51,1,6291456.0,60.34375
Breakout-MinAtar,CTD/C51,1,6422528.0,60.34375
Breakout-MinAtar,CTD/C51,1,6553600.0,69.1015625
Breakout-MinAtar,CTD/C51,1,6684672.0,69.1015625
Breakout-MinAtar,CTD/C51,1,6815744.0,69.1015625
Breakout-MinAtar,CTD/C51,1,6946816.0,69.1015625
Breakout-MinAtar,CTD/C51,1,7077888.0,74.21875
Breakout-MinAtar,CTD/C51,1,7208960.0,74.21875
Breakout-MinAtar,CTD/C51,1,7340032.0,74.21875
Breakout-MinAtar,CTD/C51,1,7471104.0,74.21875
Breakout-MinAtar,CTD/C51,1,7602176.0,42.8203125
Breakout-MinAtar,CTD/C51,1,7733248.0,42.8203125
Breakout-MinAtar,CTD/C51,1,7864320.0,42.8203125
Breakout-MinAtar,CTD/C51,1,7995392.0,94.3125
Breakout-MinAtar,CTD/C51,1,8126464.0,94.3125
Breakout-MinAtar,CTD/C51,1,8257536.0,94.3125
Breakout-MinAtar,CTD/C51,1,8388608.0,94.3125
Breakout-MinAtar,CTD/C51,1,8519680.0,97.546875
Breakout-MinAtar,CTD/C51,1,8650752.0,97.546875
Breakout-MinAtar,CTD/C51,1,8781824.0,97.546875
Breakout-MinAtar,CTD/C51,1,8912896.0,97.546875
Breakout-MinAtar,CTD/C51,1,9043968.0,96.6796875
Breakout-MinAtar,CTD/C51,1,9175040.0,96.6796875
Breakout-MinAtar,CTD/C51,1,9306112.0,96.6796875
Breakout-MinAtar,CTD/C51,1,9437184.0,96.6796875
Breakout-MinAtar,CTD/C51,1,9568256.0,91.1875
Breakout-MinAtar,CTD/C51,1,9699328.0,91.1875
Breakout-MinAtar,CTD/C51,1,9830400.0,91.1875
Breakout-MinAtar,CTD/C51,1,9961472.0,91.1875
Breakout-MinAtar,CTD/C51,2,131072.0,0.4998704195022583
Breakout-MinAtar,CTD/C51,2,262144.0,0.4998704195022583
Breakout-MinAtar,CTD/C51,2,393216.0,0.4998704195022583
Breakout-MinAtar,CTD/C51,2,524288.0,9.0
Breakout-MinAtar,CTD/C51,2,655360.0,9.0
Breakout-MinAtar,CTD/C51,2,786432.0,9.0
Breakout-MinAtar,CTD/C51,2,917504.0,9.0
Breakout-MinAtar,CTD/C51,2,1048576.0,27.9375
Breakout-MinAtar,CTD/C51,2,1179648.0,27.9375
Breakout-MinAtar,CTD/C51,2,1310720.0,27.9375
Breakout-MinAtar,CTD/C51,2,1441792.0,27.9375
Breakout-MinAtar,CTD/C51,2,1572864.0,26.40625
Breakout-MinAtar,CTD/C51,2,1703936.0,26.40625
Breakout-MinAtar,CTD/C51,2,1835008.0,26.40625
Breakout-MinAtar,CTD/C51,2,1966080.0,26.40625
Breakout-MinAtar,CTD/C51,2,2097152.0,43.703125
Breakout-MinAtar,CTD/C51,2,2228224.0,43.703125
Breakout-MinAtar,CTD/C51,2,2359296.0,43.703125
Breakout-MinAtar,CTD/C51,2,2490368.0,43.703125
Breakout-MinAtar,CTD/C51,2,2621440.0,41.5
Breakout-MinAtar,CTD/C51,2,2752512.0,41.5
Breakout-MinAtar,CTD/C51,2,2883584.0,41.5
Breakout-MinAtar,CTD/C51,2,3014656.0,42.3671875
Breakout-MinAtar,CTD/C51,2,3145728.0,42.3671875
Breakout-MinAtar,CTD/C51,2,3276800.0,42.3671875
Breakout-MinAtar,CTD/C51,2,3407872.0,42.3671875
Breakout-MinAtar,CTD/C51,2,3538944.0,42.25
Breakout-MinAtar,CTD/C51,2,3670016.0,42.25
Breakout-MinAtar,CTD/C51,2,3801088.0,42.25
Breakout-MinAtar,CTD/C51,2,3932160.0,42.25
Breakout-MinAtar,CTD/C51,2,4063232.0,41.796875
Breakout-MinAtar,CTD/C51,2,4194304.0,41.796875
Breakout-MinAtar,CTD/C51,2,4325376.0,41.796875
Breakout-MinAtar,CTD/C51,2,4456448.0,41.796875
Breakout-MinAtar,CTD/C51,2,4587520.0,64.8046875
Breakout-MinAtar,CTD/C51,2,4718592.0,64.8046875
Breakout-MinAtar,CTD/C51,2,4849664.0,64.8046875
Breakout-MinAtar,CTD/C51,2,4980736.0,64.8046875
Breakout-MinAtar,CTD/C51,2,5111808.0,55.03125
Breakout-MinAtar,CTD/C51,2,5242880.0,55.03125
Breakout-MinAtar,CTD/C51,2,5373952.0,55.03125
Breakout-MinAtar,CTD/C51,2,5505024.0,28.276836395263672
Breakout-MinAtar,CTD/C51,2,5636096.0,28.276836395263672
Breakout-MinAtar,CTD/C51,2,5767168.0,28.276836395263672
Breakout-MinAtar,CTD/C51,2,5898240.0,28.276836395263672
Breakout-MinAtar,CTD/C51,2,6029312.0,27.9375
Breakout-MinAtar,CTD/C51,2,6160384.0,27.9375
Breakout-MinAtar,CTD/C51,2,6291456.0,27.9375
Breakout-MinAtar,CTD/C51,2,6422528.0,27.9375
Breakout-MinAtar,CTD/C51,2,6553600.0,29.0
Breakout-MinAtar,CTD/C51,2,6684672.0,29.0
Breakout-MinAtar,CTD/C51,2,6815744.0,29.0
Breakout-MinAtar,CTD/C51,2,6946816.0,29.0
Breakout-MinAtar,CTD/C51,2,7077888.0,82.0
Breakout-MinAtar,CTD/C51,2,7208960.0,82.0
Breakout-MinAtar,CTD/C51,2,7340032.0,82.0
Breakout-MinAtar,CTD/C51,2,7471104.0,82.0
Breakout-MinAtar,CTD/C51,2,7602176.0,74.7421875
Breakout-MinAtar,CTD/C51,2,7733248.0,74.7421875
Breakout-MinAtar,CTD/C51,2,7864320.0,74.7421875
Breakout-MinAtar,CTD/C51,2,7995392.0,67.5
Breakout-MinAtar,CTD/C51,2,8126464.0,67.5
Breakout-MinAtar,CTD/C51,2,8257536.0,67.5
Breakout-MinAtar,CTD/C51,2,8388608.0,67.5
Breakout-MinAtar,CTD/C51,2,8519680.0,37.34375
Breakout-MinAtar,CTD/C51,2,8650752.0,37.34375
Breakout-MinAtar,CTD/C51,2,8781824.0,37.34375
Breakout-MinAtar,CTD/C51,2,8912896.0,37.34375
Breakout-MinAtar,CTD/C51,2,9043968.0,73.953125
Breakout-MinAtar,CTD/C51,2,9175040.0,73.953125
Breakout-MinAtar,CTD/C51,2,9306112.0,73.953125
Breakout-MinAtar,CTD/C51,2,9437184.0,73.953125
Breakout-MinAtar,CTD/C51,2,9568256.0,94.015625
Breakout-MinAtar,CTD/C51,2,9699328.0,94.015625
Breakout-MinAtar,CTD/C51,2,9830400.0,94.015625
Breakout-MinAtar,CTD/C51,2,9961472.0,94.015625
Breakout-MinAtar,CTD/C51,3,131072.0,0.4845826029777527
Breakout-MinAtar,CTD/C51,3,262144.0,0.4845826029777527
Breakout-MinAtar,CTD/C51,3,393216.0,0.4845826029777527
Breakout-MinAtar,CTD/C51,3,524288.0,10.493877410888672
Breakout-MinAtar,CTD/C51,3,655360.0,10.493877410888672
Breakout-MinAtar,CTD/C51,3,786432.0,10.493877410888672
Breakout-MinAtar,CTD/C51,3,917504.0,10.493877410888672
Breakout-MinAtar,CTD/C51,3,1048576.0,41.11465072631836
Breakout-MinAtar,CTD/C51,3,1179648.0,41.11465072631836
Breakout-MinAtar,CTD/C51,3,1310720.0,41.11465072631836
Breakout-MinAtar,CTD/C51,3,1441792.0,41.11465072631836
Breakout-MinAtar,CTD/C51,3,1572864.0,14.260869979858398
Breakout-MinAtar,CTD/C51,3,1703936.0,14.260869979858398
Breakout-MinAtar,CTD/C51,3,1835008.0,14.260869979858398
Breakout-MinAtar,CTD/C51,3,1966080.0,14.260869979858398
Breakout-MinAtar,CTD/C51,3,2097152.0,43.0625
Breakout-MinAtar,CTD/C51,3,2228224.0,43.0625
Breakout-MinAtar,CTD/C51,3,2359296.0,43.0625
Breakout-MinAtar,CTD/C51,3,2490368.0,43.0625
Breakout-MinAtar,CTD/C51,3,2621440.0,21.0
Breakout-MinAtar,CTD/C51,3,2752512.0,21.0
Breakout-MinAtar,CTD/C51,3,2883584.0,21.0
Breakout-MinAtar,CTD/C51,3,3014656.0,24.625
Breakout-MinAtar,CTD/C51,3,3145728.0,24.625
Breakout-MinAtar,CTD/C51,3,3276800.0,24.625
Breakout-MinAtar,CTD/C51,3,3407872.0,24.625
Breakout-MinAtar,CTD/C51,3,3538944.0,20.78125
Breakout-MinAtar,CTD/C51,3,3670016.0,20.78125
Breakout-MinAtar,CTD/C51,3,3801088.0,20.78125
Breakout-MinAtar,CTD/C51,3,3932160.0,20.78125
Breakout-MinAtar,CTD/C51,3,4063232.0,62.4375
Breakout-MinAtar,CTD/C51,3,4194304.0,62.4375
Breakout-MinAtar,CTD/C51,3,4325376.0,62.4375
Breakout-MinAtar,CTD/C51,3,4456448.0,62.4375
Breakout-MinAtar,CTD/C51,3,4587520.0,41.6875
Breakout-MinAtar,CTD/C51,3,4718592.0,41.6875
Breakout-MinAtar,CTD/C51,3,4849664.0,41.6875
Breakout-MinAtar,CTD/C51,3,4980736.0,41.6875
Breakout-MinAtar,CTD/C51,3,5111808.0,71.546875
Breakout-MinAtar,CTD/C51,3,5242880.0,71.546875
Breakout-MinAtar,CTD/C51,3,5373952.0,71.546875
Breakout-MinAtar,CTD/C51,3,5505024.0,65.734375
Breakout-MinAtar,CTD/C51,3,5636096.0,65.734375
Breakout-MinAtar,CTD/C51,3,5767168.0,65.734375
Breakout-MinAtar,CTD/C51,3,5898240.0,65.734375
Breakout-MinAtar,CTD/C51,3,6029312.0,77.125
Breakout-MinAtar,CTD/C51,3,6160384.0,77.125
Breakout-MinAtar,CTD/C51,3,6291456.0,77.125
Breakout-MinAtar,CTD/C51,3,6422528.0,77.125
Breakout-MinAtar,CTD/C51,3,6553600.0,27.0
Breakout-MinAtar,CTD/C51,3,6684672.0,27.0
Breakout-MinAtar,CTD/C51,3,6815744.0,27.0
Breakout-MinAtar,CTD/C51,3,6946816.0,27.0
Breakout-MinAtar,CTD/C51,3,7077888.0,42.765625
Breakout-MinAtar,CTD/C51,3,7208960.0,42.765625
Breakout-MinAtar,CTD/C51,3,7340032.0,42.765625
Breakout-MinAtar,CTD/C51,3,7471104.0,42.765625
Breakout-MinAtar,CTD/C51,3,7602176.0,61.0
Breakout-MinAtar,CTD/C51,3,7733248.0,61.0
Breakout-MinAtar,CTD/C51,3,7864320.0,61.0
Breakout-MinAtar,CTD/C51,3,7995392.0,87.4921875
Breakout-MinAtar,CTD/C51,3,8126464.0,87.4921875
Breakout-MinAtar,CTD/C51,3,8257536.0,87.4921875
Breakout-MinAtar,CTD/C51,3,8388608.0,87.4921875
Breakout-MinAtar,CTD/C51,3,8519680.0,65.34375
Breakout-MinAtar,CTD/C51,3,8650752.0,65.34375
Breakout-MinAtar,CTD/C51,3,8781824.0,65.34375
Breakout-MinAtar,CTD/C51,3,8912896.0,65.34375
Breakout-MinAtar,CTD/C51,3,9043968.0,86.4609375
Breakout-MinAtar,CTD/C51,3,9175040.0,86.4609375
Breakout-MinAtar,CTD/C51,3,9306112.0,86.4609375
Breakout-MinAtar,CTD/C51,3,9437184.0,86.4609375
Breakout-MinAtar,CTD/C51,3,9568256.0,87.0
Breakout-MinAtar,CTD/C51,3,9699328.0,87.0
Breakout-MinAtar,CTD/C51,3,9830400.0,87.0
Breakout-MinAtar,CTD/C51,3,9961472.0,87.0
Breakout-MinAtar,CTD/C51,4,131072.0,0.49771416187286377
Breakout-MinAtar,CTD/C51,4,262144.0,0.49771416187286377
Breakout-MinAtar,CTD/C51,4,393216.0,0.49771416187286377
Breakout-MinAtar,CTD/C51,4,524288.0,10.491690635681152
Breakout-MinAtar,CTD/C51,4,655360.0,10.491690635681152
Breakout-MinAtar,CTD/C51,4,786432.0,10.491690635681152
Breakout-MinAtar,CTD/C51,4,917504.0,10.491690635681152
Breakout-MinAtar,CTD/C51,4,1048576.0,47.93413162231445
Breakout-MinAtar,CTD/C51,4,1179648.0,47.93413162231445
Breakout-MinAtar,CTD/C51,4,1310720.0,47.93413162231445
Breakout-MinAtar,CTD/C51,4,1441792.0,47.93413162231445
Breakout-MinAtar,CTD/C51,4,1572864.0,53.2578125
Breakout-MinAtar,CTD/C51,4,1703936.0,53.2578125
Breakout-MinAtar,CTD/C51,4,1835008.0,53.2578125
Breakout-MinAtar,CTD/C51,4,1966080.0,53.2578125
Breakout-MinAtar,CTD/C51,4,2097152.0,9.477612495422363
Breakout-MinAtar,CTD/C51,4,2228224.0,9.477612495422363
Breakout-MinAtar,CTD/C51,4,2359296.0,9.477612495422363
Breakout-MinAtar,CTD/C51,4,2490368.0,9.477612495422363
Breakout-MinAtar,CTD/C51,4,2621440.0,28.140625
Breakout-MinAtar,CTD/C51,4,2752512.0,28.140625
Breakout-MinAtar,CTD/C51,4,2883584.0,28.140625
Breakout-MinAtar,CTD/C51,4,3014656.0,46.96875
Breakout-MinAtar,CTD/C51,4,3145728.0,46.96875
Breakout-MinAtar,CTD/C51,4,3276800.0,46.96875
Breakout-MinAtar,CTD/C51,4,3407872.0,46.96875
Breakout-MinAtar,CTD/C51,4,3538944.0,55.5390625
Breakout-MinAtar,CTD/C51,4,3670016.0,55.5390625
Breakout-MinAtar,CTD/C51,4,3801088.0,55.5390625
Breakout-MinAtar,CTD/C51,4,3932160.0,55.5390625
Breakout-MinAtar,CTD/C51,4,4063232.0,24.504087448120117
Breakout-MinAtar,CTD/C51,4,4194304.0,24.504087448120117
Breakout-MinAtar,CTD/C51,4,4325376.0,24.504087448120117
Breakout-MinAtar,CTD/C51,4,4456448.0,24.504087448120117
Breakout-MinAtar,CTD/C51,4,4587520.0,52.328125
Breakout-MinAtar,CTD/C51,4,4718592.0,52.328125
Breakout-MinAtar,CTD/C51,4,4849664.0,52.328125
Breakout-MinAtar,CTD/C51,4,4980736.0,52.328125
Breakout-MinAtar,CTD/C51,4,5111808.0,38.1328125
Breakout-MinAtar,CTD/C51,4,5242880.0,38.1328125
Breakout-MinAtar,CTD/C51,4,5373952.0,38.1328125
Breakout-MinAtar,CTD/C51,4,5505024.0,50.25
Breakout-MinAtar,CTD/C51,4,5636096.0,50.25
Breakout-MinAtar,CTD/C51,4,5767168.0,50.25
Breakout-MinAtar,CTD/C51,4,5898240.0,50.25
Breakout-MinAtar,CTD/C51,4,6029312.0,36.9375
Breakout-MinAtar,CTD/C51,4,6160384.0,36.9375
Breakout-MinAtar,CTD/C51,4,6291456.0,36.9375
Breakout-MinAtar,CTD/C51,4,6422528.0,36.9375
Breakout-MinAtar,CTD/C51,4,6553600.0,37.515625
Breakout-MinAtar,CTD/C51,4,6684672.0,37.515625
Breakout-MinAtar,CTD/C51,4,6815744.0,37.515625
Breakout-MinAtar,CTD/C51,4,6946816.0,37.515625
Breakout-MinAtar,CTD/C51,4,7077888.0,98.4140625
Breakout-MinAtar,CTD/C51,4,7208960.0,98.4140625
Breakout-MinAtar,CTD/C51,4,7340032.0,98.4140625
Breakout-MinAtar,CTD/C51,4,7471104.0,98.4140625
Breakout-MinAtar,CTD/C51,4,7602176.0,59.0
Breakout-MinAtar,CTD/C51,4,7733248.0,59.0
Breakout-MinAtar,CTD/C51,4,7864320.0,59.0
Breakout-MinAtar,CTD/C51,4,7995392.0,53.6953125
Breakout-MinAtar,CTD/C51,4,8126464.0,53.6953125
Breakout-MinAtar,CTD/C51,4,8257536.0,53.6953125
Breakout-MinAtar,CTD/C51,4,8388608.0,53.6953125
Breakout-MinAtar,CTD/C51,4,8519680.0,57.7890625
Breakout-MinAtar,CTD/C51,4,8650752.0,57.7890625
Breakout-MinAtar,CTD/C51,4,8781824.0,57.7890625
Breakout-MinAtar,CTD/C51,4,8912896.0,57.7890625
Breakout-MinAtar,CTD/C51,4,9043968.0,85.5390625
Breakout-MinAtar,CTD/C51,4,9175040.0,85.5390625
Breakout-MinAtar,CTD/C51,4,9306112.0,85.5390625
Breakout-MinAtar,CTD/C51,4,9437184.0,85.5390625
Breakout-MinAtar,CTD/C51,4,9568256.0,91.28125
Breakout-MinAtar,CTD/C51,4,9699328.0,91.28125
Breakout-MinAtar,CTD/C51,4,9830400.0,91.28125
Breakout-MinAtar,CTD/C51,4,9961472.0,91.28125
Breakout-MinAtar,CTD/C51,5,131072.0,0.4908748269081116
Breakout-MinAtar,CTD/C51,5,262144.0,0.4908748269081116
Breakout-MinAtar,CTD/C51,5,393216.0,0.4908748269081116
Breakout-MinAtar,CTD/C51,5,524288.0,9.49305534362793
Breakout-MinAtar,CTD/C51,5,655360.0,9.49305534362793
Breakout-MinAtar,CTD/C51,5,786432.0,9.49305534362793
Breakout-MinAtar,CTD/C51,5,917504.0,9.49305534362793
Breakout-MinAtar,CTD/C51,5,1048576.0,16.977401733398438
Breakout-MinAtar,CTD/C51,5,1179648.0,16.977401733398438
Breakout-MinAtar,CTD/C51,5,1310720.0,16.977401733398438
Breakout-MinAtar,CTD/C51,5,1441792.0,16.977401733398438
Breakout-MinAtar,CTD/C51,5,1572864.0,25.125
Breakout-MinAtar,CTD/C51,5,1703936.0,25.125
Breakout-MinAtar,CTD/C51,5,1835008.0,25.125
Breakout-MinAtar,CTD/C51,5,1966080.0,25.125
Breakout-MinAtar,CTD/C51,5,2097152.0,21.0
Breakout-MinAtar,CTD/C51,5,2228224.0,21.0
Breakout-MinAtar,CTD/C51,5,2359296.0,21.0
Breakout-MinAtar,CTD/C51,5,2490368.0,21.0
Breakout-MinAtar,CTD/C51,5,2621440.0,27.40625
Breakout-MinAtar,CTD/C51,5,2752512.0,27.40625
Breakout-MinAtar,CTD/C51,5,2883584.0,27.40625
Breakout-MinAtar,CTD/C51,5,3014656.0,23.8125
Breakout-MinAtar,CTD/C51,5,3145728.0,23.8125
Breakout-MinAtar,CTD/C51,5,3276800.0,23.8125
Breakout-MinAtar,CTD/C51,5,3407872.0,23.8125
Breakout-MinAtar,CTD/C51,5,3538944.0,37.125
Breakout-MinAtar,CTD/C51,5,3670016.0,37.125
Breakout-MinAtar,CTD/C51,5,3801088.0,37.125
Breakout-MinAtar,CTD/C51,5,3932160.0,37.125
Breakout-MinAtar,CTD/C51,5,4063232.0,52.1796875
Breakout-MinAtar,CTD/C51,5,4194304.0,52.1796875
Breakout-MinAtar,CTD/C51,5,4325376.0,52.1796875
Breakout-MinAtar,CTD/C51,5,4456448.0,52.1796875
Breakout-MinAtar,CTD/C51,5,4587520.0,28.515625
Breakout-MinAtar,CTD/C51,5,4718592.0,28.515625
Breakout-MinAtar,CTD/C51,5,4849664.0,28.515625
Breakout-MinAtar,CTD/C51,5,4980736.0,28.515625
Breakout-MinAtar,CTD/C51,5,5111808.0,24.390625
Breakout-MinAtar,CTD/C51,5,5242880.0,24.390625
Breakout-MinAtar,CTD/C51,5,5373952.0,24.390625
Breakout-MinAtar,CTD/C51,5,5505024.0,36.56666564941406
Breakout-MinAtar,CTD/C51,5,5636096.0,36.56666564941406
Breakout-MinAtar,CTD/C51,5,5767168.0,36.56666564941406
Breakout-MinAtar,CTD/C51,5,5898240.0,36.56666564941406
Breakout-MinAtar,CTD/C51,5,6029312.0,47.8046875
Breakout-MinAtar,CTD/C51,5,6160384.0,47.8046875
Breakout-MinAtar,CTD/C51,5,6291456.0,47.8046875
Breakout-MinAtar,CTD/C51,5,6422528.0,47.8046875
Breakout-MinAtar,CTD/C51,5,6553600.0,75.28125
Breakout-MinAtar,CTD/C51,5,6684672.0,75.28125
Breakout-MinAtar,CTD/C51,5,6815744.0,75.28125
Breakout-MinAtar,CTD/C51,5,6946816.0,75.28125
Breakout-MinAtar,CTD/C51,5,7077888.0,27.46875
Breakout-MinAtar,CTD/C51,5,7208960.0,27.46875
Breakout-MinAtar,CTD/C51,5,7340032.0,27.46875
Breakout-MinAtar,CTD/C51,5,7471104.0,27.46875
Breakout-MinAtar,CTD/C51,5,7602176.0,101.2265625
Breakout-MinAtar,CTD/C51,5,7733248.0,101.2265625
Breakout-MinAtar,CTD/C51,5,7864320.0,101.2265625
Breakout-MinAtar,CTD/C51,5,7995392.0,58.5
Breakout-MinAtar,CTD/C51,5,8126464.0,58.5
Breakout-MinAtar,CTD/C51,5,8257536.0,58.5
Breakout-MinAtar,CTD/C51,5,8388608.0,58.5
Breakout-MinAtar,CTD/C51,5,8519680.0,27.953125
Breakout-MinAtar,CTD/C51,5,8650752.0,27.953125
Breakout-MinAtar,CTD/C51,5,8781824.0,27.953125
Breakout-MinAtar,CTD/C51,5,8912896.0,27.953125
Breakout-MinAtar,CTD/C51,5,9043968.0,102.453125
Breakout-MinAtar,CTD/C51,5,9175040.0,102.453125
Breakout-MinAtar,CTD/C51,5,9306112.0,102.453125
Breakout-MinAtar,CTD/C51,5,9437184.0,102.453125
Breakout-MinAtar,CTD/C51,5,9568256.0,97.125
Breakout-MinAtar,CTD/C51,5,9699328.0,97.125
Breakout-MinAtar,CTD/C51,5,9830400.0,97.125
Breakout-MinAtar,CTD/C51,5,9961472.0,97.125
Breakout-MinAtar,IQN,1,131072.0,0.49737095832824707
Breakout-MinAtar,IQN,1,262144.0,0.49737095832824707
Breakout-MinAtar,IQN,1,393216.0,0.49737095832824707
Breakout-MinAtar,IQN,1,524288.0,9.63569450378418
Breakout-MinAtar,IQN,1,655360.0,9.63569450378418
Breakout-MinAtar,IQN,1,786432.0,9.63569450378418
Breakout-MinAtar,IQN,1,917504.0,9.63569450378418
Breakout-MinAtar,IQN,1,1048576.0,21.0
Breakout-MinAtar,IQN,1,1179648.0,21.0
Breakout-MinAtar,IQN,1,1310720.0,21.0
Breakout-MinAtar,IQN,1,1441792.0,21.0
Breakout-MinAtar,IQN,1,1572864.0,39.2421875
Breakout-MinAtar,IQN,1,1703936.0,39.2421875
Breakout-MinAtar,IQN,1,1835008.0,39.2421875
Breakout-MinAtar,IQN,1,1966080.0,39.2421875
Breakout-MinAtar,IQN,1,2097152.0,54.0
Breakout-MinAtar,IQN,1,2228224.0,54.0
Breakout-MinAtar,IQN,1,2359296.0,54.0
Breakout-MinAtar,IQN,1,2490368.0,54.0
Breakout-MinAtar,IQN,1,2621440.0,40.25
Breakout-MinAtar,IQN,1,2752512.0,40.25
Breakout-MinAtar,IQN,1,2883584.0,40.25
Breakout-MinAtar,IQN,1,3014656.0,16.32402229309082
Breakout-MinAtar,IQN,1,3145728.0,16.32402229309082
Breakout-MinAtar,IQN,1,3276800.0,16.32402229309082
Breakout-MinAtar,IQN,1,3407872.0,16.32402229309082
Breakout-MinAtar,IQN,1,3538944.0,43.1953125
Breakout-MinAtar,IQN,1,3670016.0,43.1953125
Breakout-MinAtar,IQN,1,3801088.0,43.1953125
Breakout-MinAtar,IQN,1,3932160.0,43.1953125
Breakout-MinAtar,IQN,1,4063232.0,23.421875
Breakout-MinAtar,IQN,1,4194304.0,23.421875
Breakout-MinAtar,IQN,1,4325376.0,23.421875
Breakout-MinAtar,IQN,1,4456448.0,23.421875
Breakout-MinAtar,IQN,1,4587520.0,69.4609375
Breakout-MinAtar,IQN,1,4718592.0,69.4609375
Breakout-MinAtar,IQN,1,4849664.0,69.4609375
Breakout-MinAtar,IQN,1,4980736.0,69.4609375
Breakout-MinAtar,IQN,1,5111808.0,51.34375
Breakout-MinAtar,IQN,1,5242880.0,51.34375
Breakout-MinAtar,IQN,1,5373952.0,51.34375
Breakout-MinAtar,IQN,1,5505024.0,76.046875
Breakout-MinAtar,IQN,1,5636096.0,76.046875
Breakout-MinAtar,IQN,1,5767168.0,76.046875
Breakout-MinAtar,IQN,1,5898240.0,76.046875
Breakout-MinAtar,IQN,1,6029312.0,74.78125
Breakout-MinAtar,IQN,1,6160384.0,74.78125
Breakout-MinAtar,IQN,1,6291456.0,74.78125
Breakout-MinAtar,IQN,1,6422528.0,74.78125
Breakout-MinAtar,IQN,1,6553600.0,86.828125
Breakout-MinAtar,IQN,1,6684672.0,86.828125
Breakout-MinAtar,IQN,1,6815744.0,86.828125
Breakout-MinAtar,IQN,1,6946816.0,86.828125
Breakout-MinAtar,IQN,1,7077888.0,109.8125
Breakout-MinAtar,IQN,1,7208960.0,109.8125
Breakout-MinAtar,IQN,1,7340032.0,109.8125
Breakout-MinAtar,IQN,1,7471104.0,109.8125
Breakout-MinAtar,IQN,1,7602176.0,109.1875
Breakout-MinAtar,IQN,1,7733248.0,109.1875
Breakout-MinAtar,IQN,1,7864320.0,109.1875
Breakout-MinAtar,IQN,1,7995392.0,98.25
Breakout-MinAtar,IQN,1,8126464.0,98.25
Breakout-MinAtar,IQN,1,8257536.0,98.25
Breakout-MinAtar,IQN,1,8388608.0,98.25
Breakout-MinAtar,IQN,1,8519680.0,108.3125
Breakout-MinAtar,IQN,1,8650752.0,108.3125
Breakout-MinAtar,IQN,1,8781824.0,108.3125
Breakout-MinAtar,IQN,1,8912896.0,108.3125
Breakout-MinAtar,IQN,1,9043968.0,109.4375
Breakout-MinAtar,IQN,1,9175040.0,109.4375
Breakout-MinAtar,IQN,1,9306112.0,109.4375
Breakout-MinAtar,IQN,1,9437184.0,109.4375
Breakout-MinAtar,IQN,1,9568256.0,109.25
Breakout-MinAtar,IQN,1,9699328.0,109.25
Breakout-MinAtar,IQN,1,9830400.0,109.25
Breakout-MinAtar,IQN,1,9961472.0,109.25
Breakout-MinAtar,IQN,2,131072.0,0.4998704195022583
Breakout-MinAtar,IQN,2,262144.0,0.4998704195022583
Breakout-MinAtar,IQN,2,393216.0,0.4998704195022583
Breakout-MinAtar,IQN,2,524288.0,4.465025901794434
Breakout-MinAtar,IQN,2,655360.0,4.465025901794434
Breakout-MinAtar,IQN,2,786432.0,4.465025901794434
Breakout-MinAtar,IQN,2,917504.0,4.465025901794434
Breakout-MinAtar,IQN,2,1048576.0,20.15242576599121
Breakout-MinAtar,IQN,2,1179648.0,20.15242576599121
Breakout-MinAtar,IQN,2,1310720.0,20.15242576599121
Breakout-MinAtar,IQN,2,1441792.0,20.15242576599121
Breakout-MinAtar,IQN,2,1572864.0,25.65625
Breakout-MinAtar,IQN,2,1703936.0,25.65625
Breakout-MinAtar,IQN,2,1835008.0,25.65625
Breakout-MinAtar,IQN,2,1966080.0,25.65625
Breakout-MinAtar,IQN,2,2097152.0,29.227848052978516
Breakout-MinAtar,IQN,2,2228224.0,29.227848052978516
Breakout-MinAtar,IQN,2,2359296.0,29.227848052978516
Breakout-MinAtar,IQN,2,2490368.0,29.227848052978516
Breakout-MinAtar,IQN,2,2621440.0,25.93841552734375
Breakout-MinAtar,IQN,2,2752512.0,25.93841552734375
Breakout-MinAtar,IQN,2,2883584.0,25.93841552734375
Breakout-MinAtar,IQN,2,3014656.0,72.921875
Breakout-MinAtar,IQN,2,3145728.0,72.921875
Breakout-MinAtar,IQN,2,3276800.0,72.921875
Breakout-MinAtar,IQN,2,3407872.0,72.921875
Breakout-MinAtar,IQN,2,3538944.0,40.9140625
Breakout-MinAtar,IQN,2,3670016.0,40.9140625
Breakout-MinAtar,IQN,2,3801088.0,40.9140625
Breakout-MinAtar,IQN,2,3932160.0,40.9140625
Breakout-MinAtar,IQN,2,4063232.0,55.4921875
Breakout-MinAtar,IQN,2,4194304.0,55.4921875
Breakout-MinAtar,IQN,2,4325376.0,55.4921875
Breakout-MinAtar,IQN,2,4456448.0,55.4921875
Breakout-MinAtar,IQN,2,4587520.0,70.609375
Breakout-MinAtar,IQN,2,4718592.0,70.609375
Breakout-MinAtar,IQN,2,4849664.0,70.609375
Breakout-MinAtar,IQN,2,4980736.0,70.609375
Breakout-MinAtar,IQN,2,5111808.0,73.0625
Breakout-MinAtar,IQN,2,5242880.0,73.0625
Breakout-MinAtar,IQN,2,5373952.0,73.0625
Breakout-MinAtar,IQN,2,5505024.0,77.5
Breakout-MinAtar,IQN,2,5636096.0,77.5
Breakout-MinAtar,IQN,2,5767168.0,77.5
Breakout-MinAtar,IQN,2,5898240.0,77.5
Breakout-MinAtar,IQN,2,6029312.0,86.78125
Breakout-MinAtar,IQN,2,6160384.0,86.78125
Breakout-MinAtar,IQN,2,6291456.0,86.78125
Breakout-MinAtar,IQN,2,6422528.0,86.78125
Breakout-MinAtar,IQN,2,6553600.0,71.65625
Breakout-MinAtar,IQN,2,6684672.0,71.65625
Breakout-MinAtar,IQN,2,6815744.0,71.65625
Breakout-MinAtar,IQN,2,6946816.0,71.65625
Breakout-MinAtar,IQN,2,7077888.0,82.7578125
Breakout-MinAtar,IQN,2,7208960.0,82.7578125
Breakout-MinAtar,IQN,2,7340032.0,82.7578125
Breakout-MinAtar,IQN,2,7471104.0,82.7578125
Breakout-MinAtar,IQN,2,7602176.0,103.4921875
Breakout-MinAtar,IQN,2,7733248.0,103.4921875
Breakout-MinAtar,IQN,2,7864320.0,103.4921875
Breakout-MinAtar,IQN,2,7995392.0,100.0
Breakout-MinAtar,IQN,2,8126464.0,100.0
Breakout-MinAtar,IQN,2,8257536.0,100.0
Breakout-MinAtar,IQN,2,8388608.0,100.0
Breakout-MinAtar,IQN,2,8519680.0,80.75
Breakout-MinAtar,IQN,2,8650752.0,80.75
Breakout-MinAtar,IQN,2,8781824.0,80.75
Breakout-MinAtar,IQN,2,8912896.0,80.75
Breakout-MinAtar,IQN,2,9043968.0,97.25
Breakout-MinAtar,IQN,2,9175040.0,97.25
Breakout-MinAtar,IQN,2,9306112.0,97.25
Breakout-MinAtar,IQN,2,9437184.0,97.25
Breakout-MinAtar,IQN,2,9568256.0,89.0
Breakout-MinAtar,IQN,2,9699328.0,89.0
Breakout-MinAtar,IQN,2,9830400.0,89.0
Breakout-MinAtar,IQN,2,9961472.0,89.0
Breakout-MinAtar,IQN,3,131072.0,0.4845826029777527
Breakout-MinAtar,IQN,3,262144.0,0.4845826029777527
Breakout-MinAtar,IQN,3,393216.0,0.4845826029777527
Breakout-MinAtar,IQN,3,524288.0,15.78672981262207
Breakout-MinAtar,IQN,3,655360.0,15.78672981262207
Breakout-MinAtar,IQN,3,786432.0,15.78672981262207
Breakout-MinAtar,IQN,3,917504.0,15.78672981262207
Breakout-MinAtar,IQN,3,1048576.0,34.88888931274414
Breakout-MinAtar,IQN,3,1179648.0,34.88888931274414
Breakout-MinAtar,IQN,3,1310720.0,34.88888931274414
Breakout-MinAtar,IQN,3,1441792.0,34.88888931274414
Breakout-MinAtar,IQN,3,1572864.0,41.359375
Breakout-MinAtar,IQN,3,1703936.0,41.359375
Breakout-MinAtar,IQN,3,1835008.0,41.359375
Breakout-MinAtar,IQN,3,1966080.0,41.359375
Breakout-MinAtar,IQN,3,2097152.0,29.0
Breakout-MinAtar,IQN,3,2228224.0,29.0
Breakout-MinAtar,IQN,3,2359296.0,29.0
Breakout-MinAtar,IQN,3,2490368.0,29.0
Breakout-MinAtar,IQN,3,2621440.0,28.5390625
Breakout-MinAtar,IQN,3,2752512.0,28.5390625
Breakout-MinAtar,IQN,3,2883584.0,28.5390625
Breakout-MinAtar,IQN,3,3014656.0,45.4375
Breakout-MinAtar,IQN,3,3145728.0,45.4375
Breakout-MinAtar,IQN,3,3276800.0,45.4375
Breakout-MinAtar,IQN,3,3407872.0,45.4375
Breakout-MinAtar,IQN,3,3538944.0,42.359375
Breakout-MinAtar,IQN,3,3670016.0,42.359375
Breakout-MinAtar,IQN,3,3801088.0,42.359375
Breakout-MinAtar,IQN,3,3932160.0,42.359375
Breakout-MinAtar,IQN,3,4063232.0,70.125
Breakout-MinAtar,IQN,3,4194304.0,70.125
Breakout-MinAtar,IQN,3,4325376.0,70.125
Breakout-MinAtar,IQN,3,4456448.0,70.125
Breakout-MinAtar,IQN,3,4587520.0,85.6875
Breakout-MinAtar,IQN,3,4718592.0,85.6875
Breakout-MinAtar,IQN,3,4849664.0,85.6875
Breakout-MinAtar,IQN,3,4980736.0,85.6875
Breakout-MinAtar,IQN,3,5111808.0,81.515625
Breakout-MinAtar,IQN,3,5242880.0,81.515625
Breakout-MinAtar,IQN,3,5373952.0,81.515625
Breakout-MinAtar,IQN,3,5505024.0,96.234375
Breakout-MinAtar,IQN,3,5636096.0,96.234375
Breakout-MinAtar,IQN,3,5767168.0,96.234375
Breakout-MinAtar,IQN,3,5898240.0,96.234375
Breakout-MinAtar,IQN,3,6029312.0,108.5
Breakout-MinAtar,IQN,3,6160384.0,108.5
Breakout-MinAtar,IQN,3,6291456.0,108.5
Breakout-MinAtar,IQN,3,6422528.0,108.5
Breakout-MinAtar,IQN,3,6553600.0,88.7734375
Breakout-MinAtar,IQN,3,6684672.0,88.7734375
Breakout-MinAtar,IQN,3,6815744.0,88.7734375
Breakout-MinAtar,IQN,3,6946816.0,88.7734375
Breakout-MinAtar,IQN,3,7077888.0,108.9375
Breakout-MinAtar,IQN,3,7208960.0,108.9375
Breakout-MinAtar,IQN,3,7340032.0,108.9375
Breakout-MinAtar,IQN,3,7471104.0,108.9375
Breakout-MinAtar,IQN,3,7602176.0,97.0
Breakout-MinAtar,IQN,3,7733248.0,97.0
Breakout-MinAtar,IQN,3,7864320.0,97.0
Breakout-MinAtar,IQN,3,7995392.0,99.5859375
Breakout-MinAtar,IQN,3,8126464.0,99.5859375
Breakout-MinAtar,IQN,3,8257536.0,99.5859375
Breakout-MinAtar,IQN,3,8388608.0,99.5859375
Breakout-MinAtar,IQN,3,8519680.0,108.625
Breakout-MinAtar,IQN,3,8650752.0,108.625
Breakout-MinAtar,IQN,3,8781824.0,108.625
Breakout-MinAtar,IQN,3,8912896.0,108.625
Breakout-MinAtar,IQN,3,9043968.0,108.9375
Breakout-MinAtar,IQN,3,9175040.0,108.9375
Breakout-MinAtar,IQN,3,9306112.0,108.9375
Breakout-MinAtar,IQN,3,9437184.0,108.9375
Breakout-MinAtar,IQN,3,9568256.0,91.5
Breakout-MinAtar,IQN,3,9699328.0,91.5
Breakout-MinAtar,IQN,3,9830400.0,91.5
Breakout-MinAtar,IQN,3,9961472.0,91.5
Breakout-MinAtar,IQN,4,131072.0,0.49771416187286377
Breakout-MinAtar,IQN,4,262144.0,0.49771416187286377
Breakout-MinAtar,IQN,4,393216.0,0.49771416187286377
Breakout-MinAtar,IQN,4,524288.0,8.017027854919434
Breakout-MinAtar,IQN,4,655360.0,8.017027854919434
Breakout-MinAtar,IQN,4,786432.0,8.017027854919434
Breakout-MinAtar,IQN,4,917504.0,8.017027854919434
Breakout-MinAtar,IQN,4,1048576.0,8.32524299621582
Breakout-MinAtar,IQN,4,1179648.0,8.32524299621582
Breakout-MinAtar,IQN,4,1310720.0,8.32524299621582
Breakout-MinAtar,IQN,4,1441792.0,8.32524299621582
Breakout-MinAtar,IQN,4,1572864.0,7.484975337982178
Breakout-MinAtar,IQN,4,1703936.0,7.484975337982178
Breakout-MinAtar,IQN,4,1835008.0,7.484975337982178
Breakout-MinAtar,IQN,4,1966080.0,7.484975337982178
Breakout-MinAtar,IQN,4,2097152.0,39.1363639831543
Breakout-MinAtar,IQN,4,2228224.0,39.1363639831543
Breakout-MinAtar,IQN,4,2359296.0,39.1363639831543
Breakout-MinAtar,IQN,4,2490368.0,39.1363639831543
Breakout-MinAtar,IQN,4,2621440.0,46.109375
Breakout-MinAtar,IQN,4,2752512.0,46.109375
Breakout-MinAtar,IQN,4,2883584.0,46.109375
Breakout-MinAtar,IQN,4,3014656.0,27.9375
Breakout-MinAtar,IQN,4,3145728.0,27.9375
Breakout-MinAtar,IQN,4,3276800.0,27.9375
Breakout-MinAtar,IQN,4,3407872.0,27.9375
Breakout-MinAtar,IQN,4,3538944.0,40.421875
Breakout-MinAtar,IQN,4,3670016.0,40.421875
Breakout-MinAtar,IQN,4,3801088.0,40.421875
Breakout-MinAtar,IQN,4,3932160.0,40.421875
Breakout-MinAtar,IQN,4,4063232.0,72.0
Breakout-MinAtar,IQN,4,4194304.0,72.0
Breakout-MinAtar,IQN,4,4325376.0,72.0
Breakout-MinAtar,IQN,4,4456448.0,72.0
Breakout-MinAtar,IQN,4,4587520.0,77.0
Breakout-MinAtar,IQN,4,4718592.0,77.0
Breakout-MinAtar,IQN,4,4849664.0,77.0
Breakout-MinAtar,IQN,4,4980736.0,77.0
Breakout-MinAtar,IQN,4,5111808.0,91.859375
Breakout-MinAtar,IQN,4,5242880.0,91.859375
Breakout-MinAtar,IQN,4,5373952.0,91.859375
Breakout-MinAtar,IQN,4,5505024.0,27.453125
Breakout-MinAtar,IQN,4,5636096.0,27.453125
Breakout-MinAtar,IQN,4,5767168.0,27.453125
Breakout-MinAtar,IQN,4,5898240.0,27.453125
Breakout-MinAtar,IQN,4,6029312.0,56.65625
Breakout-MinAtar,IQN,4,6160384.0,56.65625
Breakout-MinAtar,IQN,4,6291456.0,56.65625
Breakout-MinAtar,IQN,4,6422528.0,56.65625
Breakout-MinAtar,IQN,4,6553600.0,79.9140625
Breakout-MinAtar,IQN,4,6684672.0,79.9140625
Breakout-MinAtar,IQN,4,6815744.0,79.9140625
Breakout-MinAtar,IQN,4,6946816.0,79.9140625
Breakout-MinAtar,IQN,4,7077888.0,111.4765625
Breakout-MinAtar,IQN,4,7208960.0,111.4765625
Breakout-MinAtar,IQN,4,7340032.0,111.4765625
Breakout-MinAtar,IQN,4,7471104.0,111.4765625
Breakout-MinAtar,IQN,4,7602176.0,111.3125
Breakout-MinAtar,IQN,4,7733248.0,111.3125
Breakout-MinAtar,IQN,4,7864320.0,111.3125
Breakout-MinAtar,IQN,4,7995392.0,111.5703125
Breakout-MinAtar,IQN,4,8126464.0,111.5703125
Breakout-MinAtar,IQN,4,8257536.0,111.5703125
Breakout-MinAtar,IQN,4,8388608.0,111.5703125
Breakout-MinAtar,IQN,4,8519680.0,111.5703125
Breakout-MinAtar,IQN,4,8650752.0,111.5703125
Breakout-MinAtar,IQN,4,8781824.0,111.5703125
Breakout-MinAtar,IQN,4,8912896.0,111.5703125
Breakout-MinAtar,IQN,4,9043968.0,111.3828125
Breakout-MinAtar,IQN,4,9175040.0,111.3828125
Breakout-MinAtar,IQN,4,9306112.0,111.3828125
Breakout-MinAtar,IQN,4,9437184.0,111.3828125
Breakout-MinAtar,IQN,4,9568256.0,111.40625
Breakout-MinAtar,IQN,4,9699328.0,111.40625
Breakout-MinAtar,IQN,4,9830400.0,111.40625
Breakout-MinAtar,IQN,4,9961472.0,111.40625
Breakout-MinAtar,IQN,5,131072.0,0.4908748269081116
Breakout-MinAtar,IQN,5,262144.0,0.4908748269081116
Breakout-MinAtar,IQN,5,393216.0,0.4908748269081116
Breakout-MinAtar,IQN,5,524288.0,11.87407398223877
Breakout-MinAtar,IQN,5,655360.0,11.87407398223877
Breakout-MinAtar,IQN,5,786432.0,11.87407398223877
Breakout-MinAtar,IQN,5,917504.0,11.87407398223877
Breakout-MinAtar,IQN,5,1048576.0,25.42131996154785
Breakout-MinAtar,IQN,5,1179648.0,25.42131996154785
Breakout-MinAtar,IQN,5,1310720.0,25.42131996154785
Breakout-MinAtar,IQN,5,1441792.0,25.42131996154785
Breakout-MinAtar,IQN,5,1572864.0,22.8125
Breakout-MinAtar,IQN,5,1703936.0,22.8125
Breakout-MinAtar,IQN,5,1835008.0,22.8125
Breakout-MinAtar,IQN,5,1966080.0,22.8125
Breakout-MinAtar,IQN,5,2097152.0,34.594486236572266
Breakout-MinAtar,IQN,5,2228224.0,34.594486236572266
Breakout-MinAtar,IQN,5,2359296.0,34.594486236572266
Breakout-MinAtar,IQN,5,2490368.0,34.594486236572266
Breakout-MinAtar,IQN,5,2621440.0,37.21018981933594
Breakout-MinAtar,IQN,5,2752512.0,37.21018981933594
Breakout-MinAtar,IQN,5,2883584.0,37.21018981933594
Breakout-MinAtar,IQN,5,3014656.0,40.0625
Breakout-MinAtar,IQN,5,3145728.0,40.0625
Breakout-MinAtar,IQN,5,3276800.0,40.0625
Breakout-MinAtar,IQN,5,3407872.0,40.0625
Breakout-MinAtar,IQN,5,3538944.0,40.944725036621094
Breakout-MinAtar,IQN,5,3670016.0,40.944725036621094
Breakout-MinAtar,IQN,5,3801088.0,40.944725036621094
Breakout-MinAtar,IQN,5,3932160.0,40.944725036621094
Breakout-MinAtar,IQN,5,4063232.0,82.1015625
Breakout-MinAtar,IQN,5,4194304.0,82.1015625
Breakout-MinAtar,IQN,5,4325376.0,82.1015625
Breakout-MinAtar,IQN,5,4456448.0,82.1015625
Breakout-MinAtar,IQN,5,4587520.0,57.09375
Breakout-MinAtar,IQN,5,4718592.0,57.09375
Breakout-MinAtar,IQN,5,4849664.0,57.09375
Breakout-MinAtar,IQN,5,4980736.0,57.09375
Breakout-MinAtar,IQN,5,5111808.0,78.65625
Breakout-MinAtar,IQN,5,5242880.0,78.65625
Breakout-MinAtar,IQN,5,5373952.0,78.65625
Breakout-MinAtar,IQN,5,5505024.0,82.875
Breakout-MinAtar,IQN,5,5636096.0,82.875
Breakout-MinAtar,IQN,5,5767168.0,82.875
Breakout-MinAtar,IQN,5,5898240.0,82.875
Breakout-MinAtar,IQN,5,6029312.0,71.65625
Breakout-MinAtar,IQN,5,6160384.0,71.65625
Breakout-MinAtar,IQN,5,6291456.0,71.65625
Breakout-MinAtar,IQN,5,6422528.0,71.65625
Breakout-MinAtar,IQN,5,6553600.0,111.453125
Breakout-MinAtar,IQN,5,6684672.0,111.453125
Breakout-MinAtar,IQN,5,6815744.0,111.453125
Breakout-MinAtar,IQN,5,6946816.0,111.453125
Breakout-MinAtar,IQN,5,7077888.0,111.59375
Breakout-MinAtar,IQN,5,7208960.0,111.59375
Breakout-MinAtar,IQN,5,7340032.0,111.59375
Breakout-MinAtar,IQN,5,7471104.0,111.59375
Breakout-MinAtar,IQN,5,7602176.0,111.6171875
Breakout-MinAtar,IQN,5,7733248.0,111.6171875
Breakout-MinAtar,IQN,5,7864320.0,111.6171875
Breakout-MinAtar,IQN,5,7995392.0,111.5
Breakout-MinAtar,IQN,5,8126464.0,111.5
Breakout-MinAtar,IQN,5,8257536.0,111.5
Breakout-MinAtar,IQN,5,8388608.0,111.5
Breakout-MinAtar,IQN,5,8519680.0,111.5703125
Breakout-MinAtar,IQN,5,8650752.0,111.5703125
Breakout-MinAtar,IQN,5,8781824.0,111.5703125
Breakout-MinAtar,IQN,5,8912896.0,111.5703125
Breakout-MinAtar,IQN,5,9043968.0,111.359375
Breakout-MinAtar,IQN,5,9175040.0,111.359375
Breakout-MinAtar,IQN,5,9306112.0,111.359375
Breakout-MinAtar,IQN,5,9437184.0,111.359375
Breakout-MinAtar,IQN,5,9568256.0,111.4765625
Breakout-MinAtar,IQN,5,9699328.0,111.4765625
Breakout-MinAtar,IQN,5,9830400.0,111.4765625
Breakout-MinAtar,IQN,5,9961472.0,111.4765625
Breakout-MinAtar,QTD/QR-DQN,1,131072.0,0.49737095832824707
Breakout-MinAtar,QTD/QR-DQN,1,262144.0,0.49737095832824707
Breakout-MinAtar,QTD/QR-DQN,1,393216.0,0.49737095832824707
Breakout-MinAtar,QTD/QR-DQN,1,524288.0,8.491686820983887
Breakout-MinAtar,QTD/QR-DQN,1,655360.0,8.491686820983887
Breakout-MinAtar,QTD/QR-DQN,1,786432.0,8.491686820983887
Breakout-MinAtar,QTD/QR-DQN,1,917504.0,8.491686820983887
Breakout-MinAtar,QTD/QR-DQN,1,1048576.0,18.054454803466797
Breakout-MinAtar,QTD/QR-DQN,1,1179648.0,18.054454803466797
Breakout-MinAtar,QTD/QR-DQN,1,1310720.0,18.054454803466797
Breakout-MinAtar,QTD/QR-DQN,1,1441792.0,18.054454803466797
Breakout-MinAtar,QTD/QR-DQN,1,1572864.0,25.1171875
Breakout-MinAtar,QTD/QR-DQN,1,1703936.0,25.1171875
Breakout-MinAtar,QTD/QR-DQN,1,1835008.0,25.1171875
Breakout-MinAtar,QTD/QR-DQN,1,1966080.0,25.1171875
Breakout-MinAtar,QTD/QR-DQN,1,2097152.0,8.410628318786621
Breakout-MinAtar,QTD/QR-DQN,1,2228224.0,8.410628318786621
Breakout-MinAtar,QTD/QR-DQN,1,2359296.0,8.410628318786621
Breakout-MinAtar,QTD/QR-DQN,1,2490368.0,8.410628318786621
Breakout-MinAtar,QTD/QR-DQN,1,2621440.0,20.314008712768555
Breakout-MinAtar,QTD/QR-DQN,1,2752512.0,20.314008712768555
Breakout-MinAtar,QTD/QR-DQN,1,2883584.0,20.314008712768555
Breakout-MinAtar,QTD/QR-DQN,1,3014656.0,57.15625
Breakout-MinAtar,QTD/QR-DQN,1,3145728.0,57.15625
Breakout-MinAtar,QTD/QR-DQN,1,3276800.0,57.15625
Breakout-MinAtar,QTD/QR-DQN,1,3407872.0,57.15625
Breakout-MinAtar,QTD/QR-DQN,1,3538944.0,66.71875
Breakout-MinAtar,QTD/QR-DQN,1,3670016.0,66.71875
Breakout-MinAtar,QTD/QR-DQN,1,3801088.0,66.71875
Breakout-MinAtar,QTD/QR-DQN,1,3932160.0,66.71875
Breakout-MinAtar,QTD/QR-DQN,1,4063232.0,85.9375
Breakout-MinAtar,QTD/QR-DQN,1,4194304.0,85.9375
Breakout-MinAtar,QTD/QR-DQN,1,4325376.0,85.9375
Breakout-MinAtar,QTD/QR-DQN,1,4456448.0,85.9375
Breakout-MinAtar,QTD/QR-DQN,1,4587520.0,62.21875
Breakout-MinAtar,QTD/QR-DQN,1,4718592.0,62.21875
Breakout-MinAtar,QTD/QR-DQN,1,4849664.0,62.21875
Breakout-MinAtar,QTD/QR-DQN,1,4980736.0,62.21875
Breakout-MinAtar,QTD/QR-DQN,1,5111808.0,91.9375
Breakout-MinAtar,QTD/QR-DQN,1,5242880.0,91.9375
Breakout-MinAtar,QTD/QR-DQN,1,5373952.0,91.9375
Breakout-MinAtar,QTD/QR-DQN,1,5505024.0,111.5703125
Breakout-MinAtar,QTD/QR-DQN,1,5636096.0,111.5703125
Breakout-MinAtar,QTD/QR-DQN,1,5767168.0,111.5703125
Breakout-MinAtar,QTD/QR-DQN,1,5898240.0,111.5703125
Breakout-MinAtar,QTD/QR-DQN,1,6029312.0,69.0234375
Breakout-MinAtar,QTD/QR-DQN,1,6160384.0,69.0234375
Breakout-MinAtar,QTD/QR-DQN,1,6291456.0,69.0234375
Breakout-MinAtar,QTD/QR-DQN,1,6422528.0,69.0234375
Breakout-MinAtar,QTD/QR-DQN,1,6553600.0,90.0
Breakout-MinAtar,QTD/QR-DQN,1,6684672.0,90.0
Breakout-MinAtar,QTD/QR-DQN,1,6815744.0,90.0
Breakout-MinAtar,QTD/QR-DQN,1,6946816.0,90.0
Breakout-MinAtar,QTD/QR-DQN,1,7077888.0,111.8046875
Breakout-MinAtar,QTD/QR-DQN,1,7208960.0,111.8046875
Breakout-MinAtar,QTD/QR-DQN,1,7340032.0,111.8046875
Breakout-MinAtar,QTD/QR-DQN,1,7471104.0,111.8046875
Breakout-MinAtar,QTD/QR-DQN,1,7602176.0,111.5703125
Breakout-MinAtar,QTD/QR-DQN,1,7733248.0,111.5703125
Breakout-MinAtar,QTD/QR-DQN,1,7864320.0,111.5703125
Breakout-MinAtar,QTD/QR-DQN,1,7995392.0,109.5
Breakout-MinAtar,QTD/QR-DQN,1,8126464.0,109.5
Breakout-MinAtar,QTD/QR-DQN,1,8257536.0,109.5
Breakout-MinAtar,QTD/QR-DQN,1,8388608.0,109.5
Breakout-MinAtar,QTD/QR-DQN,1,8519680.0,111.2421875
Breakout-MinAtar,QTD/QR-DQN,1,8650752.0,111.2421875
Breakout-MinAtar,QTD/QR-DQN,1,8781824.0,111.2421875
Breakout-MinAtar,QTD/QR-DQN,1,8912896.0,111.2421875
Breakout-MinAtar,QTD/QR-DQN,1,9043968.0,111.6640625
Breakout-MinAtar,QTD/QR-DQN,1,9175040.0,111.6640625
Breakout-MinAtar,QTD/QR-DQN,1,9306112.0,111.6640625
Breakout-MinAtar,QTD/QR-DQN,1,9437184.0,111.6640625
Breakout-MinAtar,QTD/QR-DQN,1,9568256.0,111.59375
Breakout-MinAtar,QTD/QR-DQN,1,9699328.0,111.59375
Breakout-MinAtar,QTD/QR-DQN,1,9830400.0,111.59375
Breakout-MinAtar,QTD/QR-DQN,1,9961472.0,111.59375
Breakout-MinAtar,QTD/QR-DQN,2,131072.0,0.4998704195022583
Breakout-MinAtar,QTD/QR-DQN,2,262144.0,0.4998704195022583
Breakout-MinAtar,QTD/QR-DQN,2,393216.0,0.4998704195022583
Breakout-MinAtar,QTD/QR-DQN,2,524288.0,6.38063383102417
Breakout-MinAtar,QTD/QR-DQN,2,655360.0,6.38063383102417
Breakout-MinAtar,QTD/QR-DQN,2,786432.0,6.38063383102417
Breakout-MinAtar,QTD/QR-DQN,2,917504.0,6.38063383102417
Breakout-MinAtar,QTD/QR-DQN,2,1048576.0,11.994376182556152
Breakout-MinAtar,QTD/QR-DQN,2,1179648.0,11.994376182556152
Breakout-MinAtar,QTD/QR-DQN,2,1310720.0,11.994376182556152
Breakout-MinAtar,QTD/QR-DQN,2,1441792.0,11.994376182556152
Breakout-MinAtar,QTD/QR-DQN,2,1572864.0,38.09375
Breakout-MinAtar,QTD/QR-DQN,2,1703936.0,38.09375
Breakout-MinAtar,QTD/QR-DQN,2,1835008.0,38.09375
Breakout-MinAtar,QTD/QR-DQN,2,1966080.0,38.09375
Breakout-MinAtar,QTD/QR-DQN,2,2097152.0,56.1640625
Breakout-MinAtar,QTD/QR-DQN,2,2228224.0,56.1640625
Breakout-MinAtar,QTD/QR-DQN,2,2359296.0,56.1640625
Breakout-MinAtar,QTD/QR-DQN,2,2490368.0,56.1640625
Breakout-MinAtar,QTD/QR-DQN,2,2621440.0,50.1058235168457
Breakout-MinAtar,QTD/QR-DQN,2,2752512.0,50.1058235168457
Breakout-MinAtar,QTD/QR-DQN,2,2883584.0,50.1058235168457
Breakout-MinAtar,QTD/QR-DQN,2,3014656.0,24.519554138183594
Breakout-MinAtar,QTD/QR-DQN,2,3145728.0,24.519554138183594
Breakout-MinAtar,QTD/QR-DQN,2,3276800.0,24.519554138183594
Breakout-MinAtar,QTD/QR-DQN,2,3407872.0,24.519554138183594
Breakout-MinAtar,QTD/QR-DQN,2,3538944.0,103.953125
Breakout-MinAtar,QTD/QR-DQN,2,3670016.0,103.953125
Breakout-MinAtar,QTD/QR-DQN,2,3801088.0,103.953125
Breakout-MinAtar,QTD/QR-DQN,2,3932160.0,103.953125
Breakout-MinAtar,QTD/QR-DQN,2,4063232.0,43.765625
Breakout-MinAtar,QTD/QR-DQN,2,4194304.0,43.765625
Breakout-MinAtar,QTD/QR-DQN,2,4325376.0,43.765625
Breakout-MinAtar,QTD/QR-DQN,2,4456448.0,43.765625
Breakout-MinAtar,QTD/QR-DQN,2,4587520.0,88.0
Breakout-MinAtar,QTD/QR-DQN,2,4718592.0,88.0
Breakout-MinAtar,QTD/QR-DQN,2,4849664.0,88.0
Breakout-MinAtar,QTD/QR-DQN,2,4980736.0,88.0
Breakout-MinAtar,QTD/QR-DQN,2,5111808.0,92.53125
Breakout-MinAtar,QTD/QR-DQN,2,5242880.0,92.53125
Breakout-MinAtar,QTD/QR-DQN,2,5373952.0,92.53125
Breakout-MinAtar,QTD/QR-DQN,2,5505024.0,81.0
Breakout-MinAtar,QTD/QR-DQN,2,5636096.0,81.0
Breakout-MinAtar,QTD/QR-DQN,2,5767168.0,81.0
Breakout-MinAtar,QTD/QR-DQN,2,5898240.0,81.0
Breakout-MinAtar,QTD/QR-DQN,2,6029312.0,97.5
Breakout-MinAtar,QTD/QR-DQN,2,6160384.0,97.5
Breakout-MinAtar,QTD/QR-DQN,2,6291456.0,97.5
Breakout-MinAtar,QTD/QR-DQN,2,6422528.0,97.5
Breakout-MinAtar,QTD/QR-DQN,2,6553600.0,93.0
Breakout-MinAtar,QTD/QR-DQN,2,6684672.0,93.0
Breakout-MinAtar,QTD/QR-DQN,2,6815744.0,93.0
Breakout-MinAtar,QTD/QR-DQN,2,6946816.0,93.0
Breakout-MinAtar,QTD/QR-DQN,2,7077888.0,96.625
Breakout-MinAtar,QTD/QR-DQN,2,7208960.0,96.625
Breakout-MinAtar,QTD/QR-DQN,2,7340032.0,96.625
Breakout-MinAtar,QTD/QR-DQN,2,7471104.0,96.625
Breakout-MinAtar,QTD/QR-DQN,2,7602176.0,95.6484375
Breakout-MinAtar,QTD/QR-DQN,2,7733248.0,95.6484375
Breakout-MinAtar,QTD/QR-DQN,2,7864320.0,95.6484375
Breakout-MinAtar,QTD/QR-DQN,2,7995392.0,97.0
Breakout-MinAtar,QTD/QR-DQN,2,8126464.0,97.0
Breakout-MinAtar,QTD/QR-DQN,2,8257536.0,97.0
Breakout-MinAtar,QTD/QR-DQN,2,8388608.0,97.0
Breakout-MinAtar,QTD/QR-DQN,2,8519680.0,96.234375
Breakout-MinAtar,QTD/QR-DQN,2,8650752.0,96.234375
Breakout-MinAtar,QTD/QR-DQN,2,8781824.0,96.234375
Breakout-MinAtar,QTD/QR-DQN,2,8912896.0,96.234375
Breakout-MinAtar,QTD/QR-DQN,2,9043968.0,101.125
Breakout-MinAtar,QTD/QR-DQN,2,9175040.0,101.125
Breakout-MinAtar,QTD/QR-DQN,2,9306112.0,101.125
Breakout-MinAtar,QTD/QR-DQN,2,9437184.0,101.125
Breakout-MinAtar,QTD/QR-DQN,2,9568256.0,95.75
Breakout-MinAtar,QTD/QR-DQN,2,9699328.0,95.75
Breakout-MinAtar,QTD/QR-DQN,2,9830400.0,95.75
Breakout-MinAtar,QTD/QR-DQN,2,9961472.0,95.75
Breakout-MinAtar,QTD/QR-DQN,3,131072.0,0.4845826029777527
Breakout-MinAtar,QTD/QR-DQN,3,262144.0,0.4845826029777527
Breakout-MinAtar,QTD/QR-DQN,3,393216.0,0.4845826029777527
Breakout-MinAtar,QTD/QR-DQN,3,524288.0,3.973416805267334
Breakout-MinAtar,QTD/QR-DQN,3,655360.0,3.973416805267334
Breakout-MinAtar,QTD/QR-DQN,3,786432.0,3.973416805267334
Breakout-MinAtar,QTD/QR-DQN,3,917504.0,3.973416805267334
Breakout-MinAtar,QTD/QR-DQN,3,1048576.0,37.36363983154297
Breakout-MinAtar,QTD/QR-DQN,3,1179648.0,37.36363983154297
Breakout-MinAtar,QTD/QR-DQN,3,1310720.0,37.36363983154297
Breakout-MinAtar,QTD/QR-DQN,3,1441792.0,37.36363983154297
Breakout-MinAtar,QTD/QR-DQN,3,1572864.0,39.578125
Breakout-MinAtar,QTD/QR-DQN,3,1703936.0,39.578125
Breakout-MinAtar,QTD/QR-DQN,3,1835008.0,39.578125
Breakout-MinAtar,QTD/QR-DQN,3,1966080.0,39.578125
Breakout-MinAtar,QTD/QR-DQN,3,2097152.0,68.78125
Breakout-MinAtar,QTD/QR-DQN,3,2228224.0,68.78125
Breakout-MinAtar,QTD/QR-DQN,3,2359296.0,68.78125
Breakout-MinAtar,QTD/QR-DQN,3,2490368.0,68.78125
Breakout-MinAtar,QTD/QR-DQN,3,2621440.0,78.3046875
Breakout-MinAtar,QTD/QR-DQN,3,2752512.0,78.3046875
Breakout-MinAtar,QTD/QR-DQN,3,2883584.0,78.3046875
Breakout-MinAtar,QTD/QR-DQN,3,3014656.0,27.6875
Breakout-MinAtar,QTD/QR-DQN,3,3145728.0,27.6875
Breakout-MinAtar,QTD/QR-DQN,3,3276800.0,27.6875
Breakout-MinAtar,QTD/QR-DQN,3,3407872.0,27.6875
Breakout-MinAtar,QTD/QR-DQN,3,3538944.0,43.3671875
Breakout-MinAtar,QTD/QR-DQN,3,3670016.0,43.3671875
Breakout-MinAtar,QTD/QR-DQN,3,3801088.0,43.3671875
Breakout-MinAtar,QTD/QR-DQN,3,3932160.0,43.3671875
Breakout-MinAtar,QTD/QR-DQN,3,4063232.0,108.5
Breakout-MinAtar,QTD/QR-DQN,3,4194304.0,108.5
Breakout-MinAtar,QTD/QR-DQN,3,4325376.0,108.5
Breakout-MinAtar,QTD/QR-DQN,3,4456448.0,108.5
Breakout-MinAtar,QTD/QR-DQN,3,4587520.0,61.125
Breakout-MinAtar,QTD/QR-DQN,3,4718592.0,61.125
Breakout-MinAtar,QTD/QR-DQN,3,4849664.0,61.125
Breakout-MinAtar,QTD/QR-DQN,3,4980736.0,61.125
Breakout-MinAtar,QTD/QR-DQN,3,5111808.0,89.796875
Breakout-MinAtar,QTD/QR-DQN,3,5242880.0,89.796875
Breakout-MinAtar,QTD/QR-DQN,3,5373952.0,89.796875
Breakout-MinAtar,QTD/QR-DQN,3,5505024.0,111.546875
Breakout-MinAtar,QTD/QR-DQN,3,5636096.0,111.546875
Breakout-MinAtar,QTD/QR-DQN,3,5767168.0,111.546875
Breakout-MinAtar,QTD/QR-DQN,3,5898240.0,111.546875
Breakout-MinAtar,QTD/QR-DQN,3,6029312.0,111.3125
Breakout-MinAtar,QTD/QR-DQN,3,6160384.0,111.3125
Breakout-MinAtar,QTD/QR-DQN,3,6291456.0,111.3125
Breakout-MinAtar,QTD/QR-DQN,3,6422528.0,111.3125
Breakout-MinAtar,QTD/QR-DQN,3,6553600.0,111.5703125
Breakout-MinAtar,QTD/QR-DQN,3,6684672.0,111.5703125
Breakout-MinAtar,QTD/QR-DQN,3,6815744.0,111.5703125
Breakout-MinAtar,QTD/QR-DQN,3,6946816.0,111.5703125
Breakout-MinAtar,QTD/QR-DQN,3,7077888.0,108.9375
Breakout-MinAtar,QTD/QR-DQN,3,7208960.0,108.9375
Breakout-MinAtar,QTD/QR-DQN,3,7340032.0,108.9375
Breakout-MinAtar,QTD/QR-DQN,3,7471104.0,108.9375
Breakout-MinAtar,QTD/QR-DQN,3,7602176.0,111.5
Breakout-MinAtar,QTD/QR-DQN,3,7733248.0,111.5
Breakout-MinAtar,QTD/QR-DQN,3,7864320.0,111.5
Breakout-MinAtar,QTD/QR-DQN,3,7995392.0,111.4765625
Breakout-MinAtar,QTD/QR-DQN,3,8126464.0,111.4765625
Breakout-MinAtar,QTD/QR-DQN,3,8257536.0,111.4765625
Breakout-MinAtar,QTD/QR-DQN,3,8388608.0,111.4765625
Breakout-MinAtar,QTD/QR-DQN,3,8519680.0,111.359375
Breakout-MinAtar,QTD/QR-DQN,3,8650752.0,111.359375
Breakout-MinAtar,QTD/QR-DQN,3,8781824.0,111.359375
Breakout-MinAtar,QTD/QR-DQN,3,8912896.0,111.359375
Breakout-MinAtar,QTD/QR-DQN,3,9043968.0,111.4765625
Breakout-MinAtar,QTD/QR-DQN,3,9175040.0,111.4765625
Breakout-MinAtar,QTD/QR-DQN,3,9306112.0,111.4765625
Breakout-MinAtar,QTD/QR-DQN,3,9437184.0,111.4765625
Breakout-MinAtar,QTD/QR-DQN,3,9568256.0,111.6875
Breakout-MinAtar,QTD/QR-DQN,3,9699328.0,111.6875
Breakout-MinAtar,QTD/QR-DQN,3,9830400.0,111.6875
Breakout-MinAtar,QTD/QR-DQN,3,9961472.0,111.6875
Breakout-MinAtar,QTD/QR-DQN,4,131072.0,0.49771416187286377
Breakout-MinAtar,QTD/QR-DQN,4,262144.0,0.49771416187286377
Breakout-MinAtar,QTD/QR-DQN,4,393216.0,0.49771416187286377
Breakout-MinAtar,QTD/QR-DQN,4,524288.0,6.000000476837158
Breakout-MinAtar,QTD/QR-DQN,4,655360.0,6.000000476837158
Breakout-MinAtar,QTD/QR-DQN,4,786432.0,6.000000476837158
Breakout-MinAtar,QTD/QR-DQN,4,917504.0,6.000000476837158
Breakout-MinAtar,QTD/QR-DQN,4,1048576.0,28.574193954467773
Breakout-MinAtar,QTD/QR-DQN,4,1179648.0,28.574193954467773
Breakout-MinAtar,QTD/QR-DQN,4,1310720.0,28.574193954467773
Breakout-MinAtar,QTD/QR-DQN,4,1441792.0,28.574193954467773
Breakout-MinAtar,QTD/QR-DQN,4,1572864.0,52.921875
Breakout-MinAtar,QTD/QR-DQN,4,1703936.0,52.921875
Breakout-MinAtar,QTD/QR-DQN,4,1835008.0,52.921875
Breakout-MinAtar,QTD/QR-DQN,4,1966080.0,52.921875
Breakout-MinAtar,QTD/QR-DQN,4,2097152.0,53.125
Breakout-MinAtar,QTD/QR-DQN,4,2228224.0,53.125
Breakout-MinAtar,QTD/QR-DQN,4,2359296.0,53.125
Breakout-MinAtar,QTD/QR-DQN,4,2490368.0,53.125
Breakout-MinAtar,QTD/QR-DQN,4,2621440.0,27.7109375
Breakout-MinAtar,QTD/QR-DQN,4,2752512.0,27.7109375
Breakout-MinAtar,QTD/QR-DQN,4,2883584.0,27.7109375
Breakout-MinAtar,QTD/QR-DQN,4,3014656.0,34.90625
Breakout-MinAtar,QTD/QR-DQN,4,3145728.0,34.90625
Breakout-MinAtar,QTD/QR-DQN,4,3276800.0,34.90625
Breakout-MinAtar,QTD/QR-DQN,4,3407872.0,34.90625
Breakout-MinAtar,QTD/QR-DQN,4,3538944.0,69.59375
Breakout-MinAtar,QTD/QR-DQN,4,3670016.0,69.59375
Breakout-MinAtar,QTD/QR-DQN,4,3801088.0,69.59375
Breakout-MinAtar,QTD/QR-DQN,4,3932160.0,69.59375
Breakout-MinAtar,QTD/QR-DQN,4,4063232.0,74.75
Breakout-MinAtar,QTD/QR-DQN,4,4194304.0,74.75
Breakout-MinAtar,QTD/QR-DQN,4,4325376.0,74.75
Breakout-MinAtar,QTD/QR-DQN,4,4456448.0,74.75
Breakout-MinAtar,QTD/QR-DQN,4,4587520.0,59.0
Breakout-MinAtar,QTD/QR-DQN,4,4718592.0,59.0
Breakout-MinAtar,QTD/QR-DQN,4,4849664.0,59.0
Breakout-MinAtar,QTD/QR-DQN,4,4980736.0,59.0
Breakout-MinAtar,QTD/QR-DQN,4,5111808.0,96.625
Breakout-MinAtar,QTD/QR-DQN,4,5242880.0,96.625
Breakout-MinAtar,QTD/QR-DQN,4,5373952.0,96.625
Breakout-MinAtar,QTD/QR-DQN,4,5505024.0,103.0625
Breakout-MinAtar,QTD/QR-DQN,4,5636096.0,103.0625
Breakout-MinAtar,QTD/QR-DQN,4,5767168.0,103.0625
Breakout-MinAtar,QTD/QR-DQN,4,5898240.0,103.0625
Breakout-MinAtar,QTD/QR-DQN,4,6029312.0,109.25
Breakout-MinAtar,QTD/QR-DQN,4,6160384.0,109.25
Breakout-MinAtar,QTD/QR-DQN,4,6291456.0,109.25
Breakout-MinAtar,QTD/QR-DQN,4,6422528.0,109.25
Breakout-MinAtar,QTD/QR-DQN,4,6553600.0,111.6171875
Breakout-MinAtar,QTD/QR-DQN,4,6684672.0,111.6171875
Breakout-MinAtar,QTD/QR-DQN,4,6815744.0,111.6171875
Breakout-MinAtar,QTD/QR-DQN,4,6946816.0,111.6171875
Breakout-MinAtar,QTD/QR-DQN,4,7077888.0,111.4765625
Breakout-MinAtar,QTD/QR-DQN,4,7208960.0,111.4765625
Breakout-MinAtar,QTD/QR-DQN,4,7340032.0,111.4765625
Breakout-MinAtar,QTD/QR-DQN,4,7471104.0,111.4765625
Breakout-MinAtar,QTD/QR-DQN,4,7602176.0,111.3125
Breakout-MinAtar,QTD/QR-DQN,4,7733248.0,111.3125
Breakout-MinAtar,QTD/QR-DQN,4,7864320.0,111.3125
Breakout-MinAtar,QTD/QR-DQN,4,7995392.0,111.5703125
Breakout-MinAtar,QTD/QR-DQN,4,8126464.0,111.5703125
Breakout-MinAtar,QTD/QR-DQN,4,8257536.0,111.5703125
Breakout-MinAtar,QTD/QR-DQN,4,8388608.0,111.5703125
Breakout-MinAtar,QTD/QR-DQN,4,8519680.0,111.5703125
Breakout-MinAtar,QTD/QR-DQN,4,8650752.0,111.5703125
Breakout-MinAtar,QTD/QR-DQN,4,8781824.0,111.5703125
Breakout-MinAtar,QTD/QR-DQN,4,8912896.0,111.5703125
Breakout-MinAtar,QTD/QR-DQN,4,9043968.0,111.3828125
Breakout-MinAtar,QTD/QR-DQN,4,9175040.0,111.3828125
Breakout-MinAtar,QTD/QR-DQN,4,9306112.0,111.3828125
Breakout-MinAtar,QTD/QR-DQN,4,9437184.0,111.3828125
Breakout-MinAtar,QTD/QR-DQN,4,9568256.0,111.40625
Breakout-MinAtar,QTD/QR-DQN,4,9699328.0,111.40625
Breakout-MinAtar,QTD/QR-DQN,4,9830400.0,111.40625
Breakout-MinAtar,QTD/QR-DQN,4,9961472.0,111.40625
Breakout-MinAtar,QTD/QR-DQN,5,131072.0,0.4908748269081116
Breakout-MinAtar,QTD/QR-DQN,5,262144.0,0.4908748269081116
Breakout-MinAtar,QTD/QR-DQN,5,393216.0,0.4908748269081116
Breakout-MinAtar,QTD/QR-DQN,5,524288.0,6.49939489364624
Breakout-MinAtar,QTD/QR-DQN,5,655360.0,6.49939489364624
Breakout-MinAtar,QTD/QR-DQN,5,786432.0,6.49939489364624
Breakout-MinAtar,QTD/QR-DQN,5,917504.0,6.49939489364624
Breakout-MinAtar,QTD/QR-DQN,5,1048576.0,16.197132110595703
Breakout-MinAtar,QTD/QR-DQN,5,1179648.0,16.197132110595703
Breakout-MinAtar,QTD/QR-DQN,5,1310720.0,16.197132110595703
Breakout-MinAtar,QTD/QR-DQN,5,1441792.0,16.197132110595703
Breakout-MinAtar,QTD/QR-DQN,5,1572864.0,43.984375
Breakout-MinAtar,QTD/QR-DQN,5,1703936.0,43.984375
Breakout-MinAtar,QTD/QR-DQN,5,1835008.0,43.984375
Breakout-MinAtar,QTD/QR-DQN,5,1966080.0,43.984375
Breakout-MinAtar,QTD/QR-DQN,5,2097152.0,46.375
Breakout-MinAtar,QTD/QR-DQN,5,2228224.0,46.375
Breakout-MinAtar,QTD/QR-DQN,5,2359296.0,46.375
Breakout-MinAtar,QTD/QR-DQN,5,2490368.0,46.375
Breakout-MinAtar,QTD/QR-DQN,5,2621440.0,38.84375
Breakout-MinAtar,QTD/QR-DQN,5,2752512.0,38.84375
Breakout-MinAtar,QTD/QR-DQN,5,2883584.0,38.84375
Breakout-MinAtar,QTD/QR-DQN,5,3014656.0,54.5625
Breakout-MinAtar,QTD/QR-DQN,5,3145728.0,54.5625
Breakout-MinAtar,QTD/QR-DQN,5,3276800.0,54.5625
Breakout-MinAtar,QTD/QR-DQN,5,3407872.0,54.5625
Breakout-MinAtar,QTD/QR-DQN,5,3538944.0,29.0
Breakout-MinAtar,QTD/QR-DQN,5,3670016.0,29.0
Breakout-MinAtar,QTD/QR-DQN,5,3801088.0,29.0
Breakout-MinAtar,QTD/QR-DQN,5,3932160.0,29.0
Breakout-MinAtar,QTD/QR-DQN,5,4063232.0,81.875
Breakout-MinAtar,QTD/QR-DQN,5,4194304.0,81.875
Breakout-MinAtar,QTD/QR-DQN,5,4325376.0,81.875
Breakout-MinAtar,QTD/QR-DQN,5,4456448.0,81.875
Breakout-MinAtar,QTD/QR-DQN,5,4587520.0,78.703125
Breakout-MinAtar,QTD/QR-DQN,5,4718592.0,78.703125
Breakout-MinAtar,QTD/QR-DQN,5,4849664.0,78.703125
Breakout-MinAtar,QTD/QR-DQN,5,4980736.0,78.703125
Breakout-MinAtar,QTD/QR-DQN,5,5111808.0,88.0
Breakout-MinAtar,QTD/QR-DQN,5,5242880.0,88.0
Breakout-MinAtar,QTD/QR-DQN,5,5373952.0,88.0
Breakout-MinAtar,QTD/QR-DQN,5,5505024.0,102.4609375
Breakout-MinAtar,QTD/QR-DQN,5,5636096.0,102.4609375
Breakout-MinAtar,QTD/QR-DQN,5,5767168.0,102.4609375
Breakout-MinAtar,QTD/QR-DQN,5,5898240.0,102.4609375
Breakout-MinAtar,QTD/QR-DQN,5,6029312.0,105.03125
Breakout-MinAtar,QTD/QR-DQN,5,6160384.0,105.03125
Breakout-MinAtar,QTD/QR-DQN,5,6291456.0,105.03125
Breakout-MinAtar,QTD/QR-DQN,5,6422528.0,105.03125
Breakout-MinAtar,QTD/QR-DQN,5,6553600.0,59.16556167602539
Breakout-MinAtar,QTD/QR-DQN,5,6684672.0,59.16556167602539
Breakout-MinAtar,QTD/QR-DQN,5,6815744.0,59.16556167602539
Breakout-MinAtar,QTD/QR-DQN,5,6946816.0,59.16556167602539
Breakout-MinAtar,QTD/QR-DQN,5,7077888.0,111.59375
Breakout-MinAtar,QTD/QR-DQN,5,7208960.0,111.59375
Breakout-MinAtar,QTD/QR-DQN,5,7340032.0,111.59375
Breakout-MinAtar,QTD/QR-DQN,5,7471104.0,111.59375
Breakout-MinAtar,QTD/QR-DQN,5,7602176.0,111.6171875
Breakout-MinAtar,QTD/QR-DQN,5,7733248.0,111.6171875
Breakout-MinAtar,QTD/QR-DQN,5,7864320.0,111.6171875
Breakout-MinAtar,QTD/QR-DQN,5,7995392.0,111.5
Breakout-MinAtar,QTD/QR-DQN,5,8126464.0,111.5
Breakout-MinAtar,QTD/QR-DQN,5,8257536.0,111.5
Breakout-MinAtar,QTD/QR-DQN,5,8388608.0,111.5
Breakout-MinAtar,QTD/QR-DQN,5,8519680.0,111.5703125
Breakout-MinAtar,QTD/QR-DQN,5,8650752.0,111.5703125
Breakout-MinAtar,QTD/QR-DQN,5,8781824.0,111.5703125
Breakout-MinAtar,QTD/QR-DQN,5,8912896.0,111.5703125
Breakout-MinAtar,QTD/QR-DQN,5,9043968.0,111.359375
Breakout-MinAtar,QTD/QR-DQN,5,9175040.0,111.359375
Breakout-MinAtar,QTD/QR-DQN,5,9306112.0,111.359375
Breakout-MinAtar,QTD/QR-DQN,5,9437184.0,111.359375
Breakout-MinAtar,QTD/QR-DQN,5,9568256.0,111.4765625
Breakout-MinAtar,QTD/QR-DQN,5,9699328.0,111.4765625
Breakout-MinAtar,QTD/QR-DQN,5,9830400.0,111.4765625
Breakout-MinAtar,QTD/QR-DQN,5,9961472.0,111.4765625
Freeway-MinAtar,CTD/C51,1,131072.0,0.0
Freeway-MinAtar,CTD/C51,1,262144.0,0.0
Freeway-MinAtar,CTD/C51,1,393216.0,0.0
Freeway-MinAtar,CTD/C51,1,524288.0,15.4921875
Freeway-MinAtar,CTD/C51,1,655360.0,15.4921875
Freeway-MinAtar,CTD/C51,1,786432.0,15.4921875
Freeway-MinAtar,CTD/C51,1,917504.0,15.4921875
Freeway-MinAtar,CTD/C51,1,1048576.0,0.0
Freeway-MinAtar,CTD/C51,1,1179648.0,0.0
Freeway-MinAtar,CTD/C51,1,1310720.0,0.0
Freeway-MinAtar,CTD/C51,1,1441792.0,0.0
Freeway-MinAtar,CTD/C51,1,1572864.0,0.0
Freeway-MinAtar,CTD/C51,1,1703936.0,0.0
Freeway-MinAtar,CTD/C51,1,1835008.0,0.0
Freeway-MinAtar,CTD/C51,1,1966080.0,0.0
Freeway-MinAtar,CTD/C51,1,2097152.0,0.0546875
Freeway-MinAtar,CTD/C51,1,2228224.0,0.0546875
Freeway-MinAtar,CTD/C51,1,2359296.0,0.0546875
Freeway-MinAtar,CTD/C51,1,2490368.0,0.0546875
Freeway-MinAtar,CTD/C51,1,2621440.0,1.3046875
Freeway-MinAtar,CTD/C51,1,2752512.0,1.3046875
Freeway-MinAtar,CTD/C51,1,2883584.0,1.3046875
Freeway-MinAtar,CTD/C51,1,3014656.0,3.4296875
Freeway-MinAtar,CTD/C51,1,3145728.0,3.4296875
Freeway-MinAtar,CTD/C51,1,3276800.0,3.4296875
Freeway-MinAtar,CTD/C51,1,3407872.0,3.4296875
Freeway-MinAtar,CTD/C51,1,3538944.0,17.8828125
Freeway-MinAtar,CTD/C51,1,3670016.0,17.8828125
Freeway-MinAtar,CTD/C51,1,3801088.0,17.8828125
Freeway-MinAtar,CTD/C51,1,3932160.0,17.8828125
Freeway-MinAtar,CTD/C51,1,4063232.0,0.0859375
Freeway-MinAtar,CTD/C51,1,4194304.0,0.0859375
Freeway-MinAtar,CTD/C51,1,4325376.0,0.0859375
Freeway-MinAtar,CTD/C51,1,4456448.0,0.0859375
Freeway-MinAtar,CTD/C51,1,4587520.0,44.1875
Freeway-MinAtar,CTD/C51,1,4718592.0,44.1875
Freeway-MinAtar,CTD/C51,1,4849664.0,44.1875
Freeway-MinAtar,CTD/C51,1,4980736.0,44.1875
Freeway-MinAtar,CTD/C51,1,5111808.0,18.515625
Freeway-MinAtar,CTD/C51,1,5242880.0,18.515625
Freeway-MinAtar,CTD/C51,1,5373952.0,18.515625
Freeway-MinAtar,CTD/C51,1,5505024.0,15.40625
Freeway-MinAtar,CTD/C51,1,5636096.0,15.40625
Freeway-MinAtar,CTD/C51,1,5767168.0,15.40625
Freeway-MinAtar,CTD/C51,1,5898240.0,15.40625
Freeway-MinAtar,CTD/C51,1,6029312.0,0.0
Freeway-MinAtar,CTD/C51,1,6160384.0,0.0
Freeway-MinAtar,CTD/C51,1,6291456.0,0.0
Freeway-MinAtar,CTD/C51,1,6422528.0,0.0
Freeway-MinAtar,CTD/C51,1,6553600.0,11.1015625
Freeway-MinAtar,CTD/C51,1,6684672.0,11.1015625
Freeway-MinAtar,CTD/C51,1,6815744.0,11.1015625
Freeway-MinAtar,CTD/C51,1,6946816.0,11.1015625
Freeway-MinAtar,CTD/C51,1,7077888.0,58.921875
Freeway-MinAtar,CTD/C51,1,7208960.0,58.921875
Freeway-MinAtar,CTD/C51,1,7340032.0,58.921875
Freeway-MinAtar,CTD/C51,1,7471104.0,58.921875
Freeway-MinAtar,CTD/C51,1,7602176.0,60.21875
Freeway-MinAtar,CTD/C51,1,7733248.0,60.21875
Freeway-MinAtar,CTD/C51,1,7864320.0,60.21875
Freeway-MinAtar,CTD/C51,1,7995392.0,59.0703125
Freeway-MinAtar,CTD/C51,1,8126464.0,59.0703125
Freeway-MinAtar,CTD/C51,1,8257536.0,59.0703125
Freeway-MinAtar,CTD/C51,1,8388608.0,59.0703125
Freeway-MinAtar,CTD/C51,1,8519680.0,62.5625
Freeway-MinAtar,CTD/C51,1,8650752.0,62.5625
Freeway-MinAtar,CTD/C51,1,8781824.0,62.5625
Freeway-MinAtar,CTD/C51,1,8912896.0,62.5625
Freeway-MinAtar,CTD/C51,1,9043968.0,60.75
Freeway-MinAtar,CTD/C51,1,9175040.0,60.75
Freeway-MinAtar,CTD/C51,1,9306112.0,60.75
Freeway-MinAtar,CTD/C51,1,9437184.0,60.75
Freeway-MinAtar,CTD/C51,1,9568256.0,62.03125
Freeway-MinAtar,CTD/C51,1,9699328.0,62.03125
Freeway-MinAtar,CTD/C51,1,9830400.0,62.03125
Freeway-MinAtar,CTD/C51,1,9961472.0,62.03125
Freeway-MinAtar,CTD/C51,2,131072.0,0.0
Freeway-MinAtar,CTD/C51,2,262144.0,0.0
Freeway-MinAtar,CTD/C51,2,393216.0,0.0
Freeway-MinAtar,CTD/C51,2,524288.0,16.2890625
Freeway-MinAtar,CTD/C51,2,655360.0,16.2890625
Freeway-MinAtar,CTD/C51,2,786432.0,16.2890625
Freeway-MinAtar,CTD/C51,2,917504.0,16.2890625
Freeway-MinAtar,CTD/C51,2,1048576.0,0.0
Freeway-MinAtar,CTD/C51,2,1179648.0,0.0
Freeway-MinAtar,CTD/C51,2,1310720.0,0.0
Freeway-MinAtar,CTD/C51,2,1441792.0,0.0
Freeway-MinAtar,CTD/C51,2,1572864.0,0.0
Freeway-MinAtar,CTD/C51,2,1703936.0,0.0
Freeway-MinAtar,CTD/C51,2,1835008.0,0.0
Freeway-MinAtar,CTD/C51,2,1966080.0,0.0
Freeway-MinAtar,CTD/C51,2,2097152.0,13.71875
Freeway-MinAtar,CTD/C51,2,2228224.0,13.71875
Freeway-MinAtar,CTD/C51,2,2359296.0,13.71875
Freeway-MinAtar,CTD/C51,2,2490368.0,13.71875
Freeway-MinAtar,CTD/C51,2,2621440.0,0.0
Freeway-MinAtar,CTD/C51,2,2752512.0,0.0
Freeway-MinAtar,CTD/C51,2,2883584.0,0.0
Freeway-MinAtar,CTD/C51,2,3014656.0,47.0
Freeway-MinAtar,CTD/C51,2,3145728.0,47.0
Freeway-MinAtar,CTD/C51,2,3276800.0,47.0
Freeway-MinAtar,CTD/C51,2,3407872.0,47.0
Freeway-MinAtar,CTD/C51,2,3538944.0,19.8203125
Freeway-MinAtar,CTD/C51,2,3670016.0,19.8203125
Freeway-MinAtar,CTD/C51,2,3801088.0,19.8203125
Freeway-MinAtar,CTD/C51,2,3932160.0,19.8203125
Freeway-MinAtar,CTD/C51,2,4063232.0,22.5234375
Freeway-MinAtar,CTD/C51,2,4194304.0,22.5234375
Freeway-MinAtar,CTD/C51,2,4325376.0,22.5234375
Freeway-MinAtar,CTD/C51,2,4456448.0,22.5234375
Freeway-MinAtar,CTD/C51,2,4587520.0,0.140625
Freeway-MinAtar,CTD/C51,2,4718592.0,0.140625
Freeway-MinAtar,CTD/C51,2,4849664.0,0.140625
Freeway-MinAtar,CTD/C51,2,4980736.0,0.140625
Freeway-MinAtar,CTD/C51,2,5111808.0,0.0
Freeway-MinAtar,CTD/C51,2,5242880.0,0.0
Freeway-MinAtar,CTD/C51,2,5373952.0,0.0
Freeway-MinAtar,CTD/C51,2,5505024.0,42.4609375
Freeway-MinAtar,CTD/C51,2,5636096.0,42.4609375
Freeway-MinAtar,CTD/C51,2,5767168.0,42.4609375
Freeway-MinAtar,CTD/C51,2,5898240.0,42.4609375
Freeway-MinAtar,CTD/C51,2,6029312.0,0.0
Freeway-MinAtar,CTD/C51,2,6160384.0,0.0
Freeway-MinAtar,CTD/C51,2,6291456.0,0.0
Freeway-MinAtar,CTD/C51,2,6422528.0,0.0
Freeway-MinAtar,CTD/C51,2,6553600.0,18.1875
Freeway-MinAtar,CTD/C51,2,6684672.0,18.1875
Freeway-MinAtar,CTD/C51,2,6815744.0,18.1875
Freeway-MinAtar,CTD/C51,2,6946816.0,18.1875
Freeway-MinAtar,CTD/C51,2,7077888.0,30.328125
Freeway-MinAtar,CTD/C51,2,7208960.0,30.328125
Freeway-MinAtar,CTD/C51,2,7340032.0,30.328125
Freeway-MinAtar,CTD/C51,2,7471104.0,30.328125
Freeway-MinAtar,CTD/C51,2,7602176.0,58.6328125
Freeway-MinAtar,CTD/C51,2,7733248.0,58.6328125
Freeway-MinAtar,CTD/C51,2,7864320.0,58.6328125
Freeway-MinAtar,CTD/C51,2,7995392.0,61.5234375
Freeway-MinAtar,CTD/C51,2,8126464.0,61.5234375
Freeway-MinAtar,CTD/C51,2,8257536.0,61.5234375
Freeway-MinAtar,CTD/C51,2,8388608.0,61.5234375
Freeway-MinAtar,CTD/C51,2,8519680.0,60.0390625
Freeway-MinAtar,CTD/C51,2,8650752.0,60.0390625
Freeway-MinAtar,CTD/C51,2,8781824.0,60.0390625
Freeway-MinAtar,CTD/C51,2,8912896.0,60.0390625
Freeway-MinAtar,CTD/C51,2,9043968.0,61.6953125
Freeway-MinAtar,CTD/C51,2,9175040.0,61.6953125
Freeway-MinAtar,CTD/C51,2,9306112.0,61.6953125
Freeway-MinAtar,CTD/C51,2,9437184.0,61.6953125
Freeway-MinAtar,CTD/C51,2,9568256.0,60.9453125
Freeway-MinAtar,CTD/C51,2,9699328.0,60.9453125
Freeway-MinAtar,CTD/C51,2,9830400.0,60.9453125
Freeway-MinAtar,CTD/C51,2,9961472.0,60.9453125
Freeway-MinAtar,CTD/C51,3,131072.0,0.0
Freeway-MinAtar,CTD/C51,3,262144.0,0.0
Freeway-MinAtar,CTD/C51,3,393216.0,0.0
Freeway-MinAtar,CTD/C51,3,524288.0,0.0
Freeway-MinAtar,CTD/C51,3,655360.0,0.0
Freeway-MinAtar,CTD/C51,3,786432.0,0.0
Freeway-MinAtar,CTD/C51,3,917504.0,0.0
Freeway-MinAtar,CTD/C51,3,1048576.0,0.0
Freeway-MinAtar,CTD/C51,3,1179648.0,0.0
Freeway-MinAtar,CTD/C51,3,1310720.0,0.0
Freeway-MinAtar,CTD/C51,3,1441792.0,0.0
Freeway-MinAtar,CTD/C51,3,1572864.0,1.9609375
Freeway-MinAtar,CTD/C51,3,1703936.0,1.9609375
Freeway-MinAtar,CTD/C51,3,1835008.0,1.9609375
Freeway-MinAtar,CTD/C51,3,1966080.0,1.9609375
Freeway-MinAtar,CTD/C51,3,2097152.0,0.3671875
Freeway-MinAtar,CTD/C51,3,2228224.0,0.3671875
Freeway-MinAtar,CTD/C51,3,2359296.0,0.3671875
Freeway-MinAtar,CTD/C51,3,2490368.0,0.3671875
Freeway-MinAtar,CTD/C51,3,2621440.0,15.859375
Freeway-MinAtar,CTD/C51,3,2752512.0,15.859375
Freeway-MinAtar,CTD/C51,3,2883584.0,15.859375
Freeway-MinAtar,CTD/C51,3,3014656.0,16.140625
Freeway-MinAtar,CTD/C51,3,3145728.0,16.140625
Freeway-MinAtar,CTD/C51,3,3276800.0,16.140625
Freeway-MinAtar,CTD/C51,3,3407872.0,16.140625
Freeway-MinAtar,CTD/C51,3,3538944.0,21.21875
Freeway-MinAtar,CTD/C51,3,3670016.0,21.21875
Freeway-MinAtar,CTD/C51,3,3801088.0,21.21875
Freeway-MinAtar,CTD/C51,3,3932160.0,21.21875
Freeway-MinAtar,CTD/C51,3,4063232.0,6.7421875
Freeway-MinAtar,CTD/C51,3,4194304.0,6.7421875
Freeway-MinAtar,CTD/C51,3,4325376.0,6.7421875
Freeway-MinAtar,CTD/C51,3,4456448.0,6.7421875
Freeway-MinAtar,CTD/C51,3,4587520.0,16.828125
Freeway-MinAtar,CTD/C51,3,4718592.0,16.828125
Freeway-MinAtar,CTD/C51,3,4849664.0,16.828125
Freeway-MinAtar,CTD/C51,3,4980736.0,16.828125
Freeway-MinAtar,CTD/C51,3,5111808.0,15.0078125
Freeway-MinAtar,CTD/C51,3,5242880.0,15.0078125
Freeway-MinAtar,CTD/C51,3,5373952.0,15.0078125
Freeway-MinAtar,CTD/C51,3,5505024.0,17.4140625
Freeway-MinAtar,CTD/C51,3,5636096.0,17.4140625
Freeway-MinAtar,CTD/C51,3,5767168.0,17.4140625
Freeway-MinAtar,CTD/C51,3,5898240.0,17.4140625
Freeway-MinAtar,CTD/C51,3,6029312.0,20.6953125
Freeway-MinAtar,CTD/C51,3,6160384.0,20.6953125
Freeway-MinAtar,CTD/C51,3,6291456.0,20.6953125
Freeway-MinAtar,CTD/C51,3,6422528.0,20.6953125
Freeway-MinAtar,CTD/C51,3,6553600.0,0.203125
Freeway-MinAtar,CTD/C51,3,6684672.0,0.203125
Freeway-MinAtar,CTD/C51,3,6815744.0,0.203125
Freeway-MinAtar,CTD/C51,3,6946816.0,0.203125
Freeway-MinAtar,CTD/C51,3,7077888.0,0.0
Freeway-MinAtar,CTD/C51,3,7208960.0,0.0
Freeway-MinAtar,CTD/C51,3,7340032.0,0.0
Freeway-MinAtar,CTD/C51,3,7471104.0,0.0
Freeway-MinAtar,CTD/C51,3,7602176.0,0.0
Freeway-MinAtar,CTD/C51,3,7733248.0,0.0
Freeway-MinAtar,CTD/C51,3,7864320.0,0.0
Freeway-MinAtar,CTD/C51,3,7995392.0,39.015625
Freeway-MinAtar,CTD/C51,3,8126464.0,39.015625
Freeway-MinAtar,CTD/C51,3,8257536.0,39.015625
Freeway-MinAtar,CTD/C51,3,8388608.0,39.015625
Freeway-MinAtar,CTD/C51,3,8519680.0,0.0
Freeway-MinAtar,CTD/C51,3,8650752.0,0.0
Freeway-MinAtar,CTD/C51,3,8781824.0,0.0
Freeway-MinAtar,CTD/C51,3,8912896.0,0.0
Freeway-MinAtar,CTD/C51,3,9043968.0,29.1015625
Freeway-MinAtar,CTD/C51,3,9175040.0,29.1015625
Freeway-MinAtar,CTD/C51,3,9306112.0,29.1015625
Freeway-MinAtar,CTD/C51,3,9437184.0,29.1015625
Freeway-MinAtar,CTD/C51,3,9568256.0,41.6875
Freeway-MinAtar,CTD/C51,3,9699328.0,41.6875
Freeway-MinAtar,CTD/C51,3,9830400.0,41.6875
Freeway-MinAtar,CTD/C51,3,9961472.0,41.6875
Freeway-MinAtar,CTD/C51,4,131072.0,0.0
Freeway-MinAtar,CTD/C51,4,262144.0,0.0
Freeway-MinAtar,CTD/C51,4,393216.0,0.0
Freeway-MinAtar,CTD/C51,4,524288.0,17.4921875
Freeway-MinAtar,CTD/C51,4,655360.0,17.4921875
Freeway-MinAtar,CTD/C51,4,786432.0,17.4921875
Freeway-MinAtar,CTD/C51,4,917504.0,17.4921875
Freeway-MinAtar,CTD/C51,4,1048576.0,0.0
Freeway-MinAtar,CTD/C51,4,1179648.0,0.0
Freeway-MinAtar,CTD/C51,4,1310720.0,0.0
Freeway-MinAtar,CTD/C51,4,1441792.0,0.0
Freeway-MinAtar,CTD/C51,4,1572864.0,0.0
Freeway-MinAtar,CTD/C51,4,1703936.0,0.0
Freeway-MinAtar,CTD/C51,4,1835008.0,0.0
Freeway-MinAtar,CTD/C51,4,1966080.0,0.0
Freeway-MinAtar,CTD/C51,4,2097152.0,0.4609375
Freeway-MinAtar,CTD/C51,4,2228224.0,0.4609375
Freeway-MinAtar,CTD/C51,4,2359296.0,0.4609375
Freeway-MinAtar,CTD/C51,4,2490368.0,0.4609375
Freeway-MinAtar,CTD/C51,4,2621440.0,32.140625
Freeway-MinAtar,CTD/C51,4,2752512.0,32.140625
Freeway-MinAtar,CTD/C51,4,2883584.0,32.140625
Freeway-MinAtar,CTD/C51,4,3014656.0,21.34375
Freeway-MinAtar,CTD/C51,4,3145728.0,21.34375
Freeway-MinAtar,CTD/C51,4,3276800.0,21.34375
Freeway-MinAtar,CTD/C51,4,3407872.0,21.34375
Freeway-MinAtar,CTD/C51,4,3538944.0,51.6796875
Freeway-MinAtar,CTD/C51,4,3670016.0,51.6796875
Freeway-MinAtar,CTD/C51,4,3801088.0,51.6796875
Freeway-MinAtar,CTD/C51,4,3932160.0,51.6796875
Freeway-MinAtar,CTD/C51,4,4063232.0,0.0
Freeway-MinAtar,CTD/C51,4,4194304.0,0.0
Freeway-MinAtar,CTD/C51,4,4325376.0,0.0
Freeway-MinAtar,CTD/C51,4,4456448.0,0.0
Freeway-MinAtar,CTD/C51,4,4587520.0,0.0
Freeway-MinAtar,CTD/C51,4,4718592.0,0.0
Freeway-MinAtar,CTD/C51,4,4849664.0,0.0
Freeway-MinAtar,CTD/C51,4,4980736.0,0.0
Freeway-MinAtar,CTD/C51,4,5111808.0,0.0
Freeway-MinAtar,CTD/C51,4,5242880.0,0.0
Freeway-MinAtar,CTD/C51,4,5373952.0,0.0
Freeway-MinAtar,CTD/C51,4,5505024.0,0.0
Freeway-MinAtar,CTD/C51,4,5636096.0,0.0
Freeway-MinAtar,CTD/C51,4,5767168.0,0.0
Freeway-MinAtar,CTD/C51,4,5898240.0,0.0
Freeway-MinAtar,CTD/C51,4,6029312.0,0.0
Freeway-MinAtar,CTD/C51,4,6160384.0,0.0
Freeway-MinAtar,CTD/C51,4,6291456.0,0.0
Freeway-MinAtar,CTD/C51,4,6422528.0,0.0
Freeway-MinAtar,CTD/C51,4,6553600.0,0.0
Freeway-MinAtar,CTD/C51,4,6684672.0,0.0
Freeway-MinAtar,CTD/C51,4,6815744.0,0.0
Freeway-MinAtar,CTD/C51,4,6946816.0,0.0
Freeway-MinAtar,CTD/C51,4,7077888.0,0.0
Freeway-MinAtar,CTD/C51,4,7208960.0,0.0
Freeway-MinAtar,CTD/C51,4,7340032.0,0.0
Freeway-MinAtar,CTD/C51,4,7471104.0,0.0
Freeway-MinAtar,CTD/C51,4,7602176.0,0.0
Freeway-MinAtar,CTD/C51,4,7733248.0,0.0
Freeway-MinAtar,CTD/C51,4,7864320.0,0.0
Freeway-MinAtar,CTD/C51,4,7995392.0,0.0
Freeway-MinAtar,CTD/C51,4,8126464.0,0.0
Freeway-MinAtar,CTD/C51,4,8257536.0,0.0
Freeway-MinAtar,CTD/C51,4,8388608.0,0.0
Freeway-MinAtar,CTD/C51,4,8519680.0,0.0078125
Freeway-MinAtar,CTD/C51,4,8650752.0,0.0078125
Freeway-MinAtar,CTD/C51,4,8781824.0,0.0078125
Freeway-MinAtar,CTD/C51,4,8912896.0,0.0078125
Freeway-MinAtar,CTD/C51,4,9043968.0,3.171875
Freeway-MinAtar,CTD/C51,4,9175040.0,3.171875
Freeway-MinAtar,CTD/C51,4,9306112.0,3.171875
Freeway-MinAtar,CTD/C51,4,9437184.0,3.171875
Freeway-MinAtar,CTD/C51,4,9568256.0,0.0
Freeway-MinAtar,CTD/C51,4,9699328.0,0.0
Freeway-MinAtar,CTD/C51,4,9830400.0,0.0
Freeway-MinAtar,CTD/C51,4,9961472.0,0.0
Freeway-MinAtar,CTD/C51,5,131072.0,0.0
Freeway-MinAtar,CTD/C51,5,262144.0,0.0
Freeway-MinAtar,CTD/C51,5,393216.0,0.0
Freeway-MinAtar,CTD/C51,5,524288.0,0.0
Freeway-MinAtar,CTD/C51,5,655360.0,0.0
Freeway-MinAtar,CTD/C51,5,786432.0,0.0
Freeway-MinAtar,CTD/C51,5,917504.0,0.0
Freeway-MinAtar,CTD/C51,5,1048576.0,0.0
Freeway-MinAtar,CTD/C51,5,1179648.0,0.0
Freeway-MinAtar,CTD/C51,5,1310720.0,0.0
Freeway-MinAtar,CTD/C51,5,1441792.0,0.0
Freeway-MinAtar,CTD/C51,5,1572864.0,15.8828125
Freeway-MinAtar,CTD/C51,5,1703936.0,15.8828125
Freeway-MinAtar,CTD/C51,5,1835008.0,15.8828125
Freeway-MinAtar,CTD/C51,5,1966080.0,15.8828125
Freeway-MinAtar,CTD/C51,5,2097152.0,0.0
Freeway-MinAtar,CTD/C51,5,2228224.0,0.0
Freeway-MinAtar,CTD/C51,5,2359296.0,0.0
Freeway-MinAtar,CTD/C51,5,2490368.0,0.0
Freeway-MinAtar,CTD/C51,5,2621440.0,15.546875
Freeway-MinAtar,CTD/C51,5,2752512.0,15.546875
Freeway-MinAtar,CTD/C51,5,2883584.0,15.546875
Freeway-MinAtar,CTD/C51,5,3014656.0,17.4609375
Freeway-MinAtar,CTD/C51,5,3145728.0,17.4609375
Freeway-MinAtar,CTD/C51,5,3276800.0,17.4609375
Freeway-MinAtar,CTD/C51,5,3407872.0,17.4609375
Freeway-MinAtar,CTD/C51,5,3538944.0,26.7109375
Freeway-MinAtar,CTD/C51,5,3670016.0,26.7109375
Freeway-MinAtar,CTD/C51,5,3801088.0,26.7109375
Freeway-MinAtar,CTD/C51,5,3932160.0,26.7109375
Freeway-MinAtar,CTD/C51,5,4063232.0,1.0078125
Freeway-MinAtar,CTD/C51,5,4194304.0,1.0078125
Freeway-MinAtar,CTD/C51,5,4325376.0,1.0078125
Freeway-MinAtar,CTD/C51,5,4456448.0,1.0078125
Freeway-MinAtar,CTD/C51,5,4587520.0,4.8671875
Freeway-MinAtar,CTD/C51,5,4718592.0,4.8671875
Freeway-MinAtar,CTD/C51,5,4849664.0,4.8671875
Freeway-MinAtar,CTD/C51,5,4980736.0,4.8671875
Freeway-MinAtar,CTD/C51,5,5111808.0,17.40625
Freeway-MinAtar,CTD/C51,5,5242880.0,17.40625
Freeway-MinAtar,CTD/C51,5,5373952.0,17.40625
Freeway-MinAtar,CTD/C51,5,5505024.0,24.40625
Freeway-MinAtar,CTD/C51,5,5636096.0,24.40625
Freeway-MinAtar,CTD/C51,5,5767168.0,24.40625
Freeway-MinAtar,CTD/C51,5,5898240.0,24.40625
Freeway-MinAtar,CTD/C51,5,6029312.0,18.4453125
Freeway-MinAtar,CTD/C51,5,6160384.0,18.4453125
Freeway-MinAtar,CTD/C51,5,6291456.0,18.4453125
Freeway-MinAtar,CTD/C51,5,6422528.0,18.4453125
Freeway-MinAtar,CTD/C51,5,6553600.0,34.625
Freeway-MinAtar,CTD/C51,5,6684672.0,34.625
Freeway-MinAtar,CTD/C51,5,6815744.0,34.625
Freeway-MinAtar,CTD/C51,5,6946816.0,34.625
Freeway-MinAtar,CTD/C51,5,7077888.0,19.390625
Freeway-MinAtar,CTD/C51,5,7208960.0,19.390625
Freeway-MinAtar,CTD/C51,5,7340032.0,19.390625
Freeway-MinAtar,CTD/C51,5,7471104.0,19.390625
Freeway-MinAtar,CTD/C51,5,7602176.0,1.8828125
Freeway-MinAtar,CTD/C51,5,7733248.0,1.8828125
Freeway-MinAtar,CTD/C51,5,7864320.0,1.8828125
Freeway-MinAtar,CTD/C51,5,7995392.0,0.0
Freeway-MinAtar,CTD/C51,5,8126464.0,0.0
Freeway-MinAtar,CTD/C51,5,8257536.0,0.0
Freeway-MinAtar,CTD/C51,5,8388608.0,0.0
Freeway-MinAtar,CTD/C51,5,8519680.0,1.7578125
Freeway-MinAtar,CTD/C51,5,8650752.0,1.7578125
Freeway-MinAtar,CTD/C51,5,8781824.0,1.7578125
Freeway-MinAtar,CTD/C51,5,8912896.0,1.7578125
Freeway-MinAtar,CTD/C51,5,9043968.0,50.375
Freeway-MinAtar,CTD/C51,5,9175040.0,50.375
Freeway-MinAtar,CTD/C51,5,9306112.0,50.375
Freeway-MinAtar,CTD/C51,5,9437184.0,50.375
Freeway-MinAtar,CTD/C51,5,9568256.0,58.9921875
Freeway-MinAtar,CTD/C51,5,9699328.0,58.9921875
Freeway-MinAtar,CTD/C51,5,9830400.0,58.9921875
Freeway-MinAtar,CTD/C51,5,9961472.0,58.9921875
Freeway-MinAtar,IQN,1,131072.0,0.0
Freeway-MinAtar,IQN,1,262144.0,0.0
Freeway-MinAtar,IQN,1,393216.0,0.0
Freeway-MinAtar,IQN,1,524288.0,0.0
Freeway-MinAtar,IQN,1,655360.0,0.0
Freeway-MinAtar,IQN,1,786432.0,0.0
Freeway-MinAtar,IQN,1,917504.0,0.0
Freeway-MinAtar,IQN,1,1048576.0,0.0390625
Freeway-MinAtar,IQN,1,1179648.0,0.0390625
Freeway-MinAtar,IQN,1,1310720.0,0.0390625
Freeway-MinAtar,IQN,1,1441792.0,0.0390625
Freeway-MinAtar,IQN,1,1572864.0,20.6953125
Freeway-MinAtar,IQN,1,1703936.0,20.6953125
Freeway-MinAtar,IQN,1,1835008.0,20.6953125
Freeway-MinAtar,IQN,1,1966080.0,20.6953125
Freeway-MinAtar,IQN,1,2097152.0,45.1328125
Freeway-MinAtar,IQN,1,2228224.0,45.1328125
Freeway-MinAtar,IQN,1,2359296.0,45.1328125
Freeway-MinAtar,IQN,1,2490368.0,45.1328125
Freeway-MinAtar,IQN,1,2621440.0,30.3671875
Freeway-MinAtar,IQN,1,2752512.0,30.3671875
Freeway-MinAtar,IQN,1,2883584.0,30.3671875
Freeway-MinAtar,IQN,1,3014656.0,61.2265625
Freeway-MinAtar,IQN,1,3145728.0,61.2265625
Freeway-MinAtar,IQN,1,3276800.0,61.2265625
Freeway-MinAtar,IQN,1,3407872.0,61.2265625
Freeway-MinAtar,IQN,1,3538944.0,61.9921875
Freeway-MinAtar,IQN,1,3670016.0,61.9921875
Freeway-MinAtar,IQN,1,3801088.0,61.9921875
Freeway-MinAtar,IQN,1,3932160.0,61.9921875
Freeway-MinAtar,IQN,1,4063232.0,59.6640625
Freeway-MinAtar,IQN,1,4194304.0,59.6640625
Freeway-MinAtar,IQN,1,4325376.0,59.6640625
Freeway-MinAtar,IQN,1,4456448.0,59.6640625
Freeway-MinAtar,IQN,1,4587520.0,60.46875
Freeway-MinAtar,IQN,1,4718592.0,60.46875
Freeway-MinAtar,IQN,1,4849664.0,60.46875
Freeway-MinAtar,IQN,1,4980736.0,60.46875
Freeway-MinAtar,IQN,1,5111808.0,62.78125
Freeway-MinAtar,IQN,1,5242880.0,62.78125
Freeway-MinAtar,IQN,1,5373952.0,62.78125
Freeway-MinAtar,IQN,1,5505024.0,61.6796875
Freeway-MinAtar,IQN,1,5636096.0,61.6796875
Freeway-MinAtar,IQN,1,5767168.0,61.6796875
Freeway-MinAtar,IQN,1,5898240.0,61.6796875
Freeway-MinAtar,IQN,1,6029312.0,64.9921875
Freeway-MinAtar,IQN,1,6160384.0,64.9921875
Freeway-MinAtar,IQN,1,6291456.0,64.9921875
Freeway-MinAtar,IQN,1,6422528.0,64.9921875
Freeway-MinAtar,IQN,1,6553600.0,64.59375
Freeway-MinAtar,IQN,1,6684672.0,64.59375
Freeway-MinAtar,IQN,1,6815744.0,64.59375
Freeway-MinAtar,IQN,1,6946816.0,64.59375
Freeway-MinAtar,IQN,1,7077888.0,63.7109375
Freeway-MinAtar,IQN,1,7208960.0,63.7109375
Freeway-MinAtar,IQN,1,7340032.0,63.7109375
Freeway-MinAtar,IQN,1,7471104.0,63.7109375
Freeway-MinAtar,IQN,1,7602176.0,61.5234375
Freeway-MinAtar,IQN,1,7733248.0,61.5234375
Freeway-MinAtar,IQN,1,7864320.0,61.5234375
Freeway-MinAtar,IQN,1,7995392.0,64.46875
Freeway-MinAtar,IQN,1,8126464.0,64.46875
Freeway-MinAtar,IQN,1,8257536.0,64.46875
Freeway-MinAtar,IQN,1,8388608.0,64.46875
Freeway-MinAtar,IQN,1,8519680.0,64.3984375
Freeway-MinAtar,IQN,1,8650752.0,64.3984375
Freeway-MinAtar,IQN,1,8781824.0,64.3984375
Freeway-MinAtar,IQN,1,8912896.0,64.3984375
Freeway-MinAtar,IQN,1,9043968.0,64.484375
Freeway-MinAtar,IQN,1,9175040.0,64.484375
Freeway-MinAtar,IQN,1,9306112.0,64.484375
Freeway-MinAtar,IQN,1,9437184.0,64.484375
Freeway-MinAtar,IQN,1,9568256.0,64.9296875
Freeway-MinAtar,IQN,1,9699328.0,64.9296875
Freeway-MinAtar,IQN,1,9830400.0,64.9296875
Freeway-MinAtar,IQN,1,9961472.0,64.9296875
Freeway-MinAtar,IQN,2,131072.0,0.0
Freeway-MinAtar,IQN,2,262144.0,0.0
Freeway-MinAtar,IQN,2,393216.0,0.0
Freeway-MinAtar,IQN,2,524288.0,18.0546875
Freeway-MinAtar,IQN,2,655360.0,18.0546875
Freeway-MinAtar,IQN,2,786432.0,18.0546875
Freeway-MinAtar,IQN,2,917504.0,18.0546875
Freeway-MinAtar,IQN,2,1048576.0,16.9140625
Freeway-MinAtar,IQN,2,1179648.0,16.9140625
Freeway-MinAtar,IQN,2,1310720.0,16.9140625
Freeway-MinAtar,IQN,2,1441792.0,16.9140625
Freeway-MinAtar,IQN,2,1572864.0,17.21875
Freeway-MinAtar,IQN,2,1703936.0,17.21875
Freeway-MinAtar,IQN,2,1835008.0,17.21875
Freeway-MinAtar,IQN,2,1966080.0,17.21875
Freeway-MinAtar,IQN,2,2097152.0,0.0
Freeway-MinAtar,IQN,2,2228224.0,0.0
Freeway-MinAtar,IQN,2,2359296.0,0.0
Freeway-MinAtar,IQN,2,2490368.0,0.0
Freeway-MinAtar,IQN,2,2621440.0,44.7890625
Freeway-MinAtar,IQN,2,2752512.0,44.7890625
Freeway-MinAtar,IQN,2,2883584.0,44.7890625
Freeway-MinAtar,IQN,2,3014656.0,60.6640625
Freeway-MinAtar,IQN,2,3145728.0,60.6640625
Freeway-MinAtar,IQN,2,3276800.0,60.6640625
Freeway-MinAtar,IQN,2,3407872.0,60.6640625
Freeway-MinAtar,IQN,2,3538944.0,49.9296875
Freeway-MinAtar,IQN,2,3670016.0,49.9296875
Freeway-MinAtar,IQN,2,3801088.0,49.9296875
Freeway-MinAtar,IQN,2,3932160.0,49.9296875
Freeway-MinAtar,IQN,2,4063232.0,59.703125
Freeway-MinAtar,IQN,2,4194304.0,59.703125
Freeway-MinAtar,IQN,2,4325376.0,59.703125
Freeway-MinAtar,IQN,2,4456448.0,59.703125
Freeway-MinAtar,IQN,2,4587520.0,61.34375
Freeway-MinAtar,IQN,2,4718592.0,61.34375
Freeway-MinAtar,IQN,2,4849664.0,61.34375
Freeway-MinAtar,IQN,2,4980736.0,61.34375
Freeway-MinAtar,IQN,2,5111808.0,61.0
Freeway-MinAtar,IQN,2,5242880.0,61.0
Freeway-MinAtar,IQN,2,5373952.0,61.0
Freeway-MinAtar,IQN,2,5505024.0,61.875
Freeway-MinAtar,IQN,2,5636096.0,61.875
Freeway-MinAtar,IQN,2,5767168.0,61.875
Freeway-MinAtar,IQN,2,5898240.0,61.875
Freeway-MinAtar,IQN,2,6029312.0,62.671875
Freeway-MinAtar,IQN,2,6160384.0,62.671875
Freeway-MinAtar,IQN,2,6291456.0,62.671875
Freeway-MinAtar,IQN,2,6422528.0,62.671875
Freeway-MinAtar,IQN,2,6553600.0,63.2109375
Freeway-MinAtar,IQN,2,6684672.0,63.2109375
Freeway-MinAtar,IQN,2,6815744.0,63.2109375
Freeway-MinAtar,IQN,2,6946816.0,63.2109375
Freeway-MinAtar,IQN,2,7077888.0,57.5859375
Freeway-MinAtar,IQN,2,7208960.0,57.5859375
Freeway-MinAtar,IQN,2,7340032.0,57.5859375
Freeway-MinAtar,IQN,2,7471104.0,57.5859375
Freeway-MinAtar,IQN,2,7602176.0,63.765625
Freeway-MinAtar,IQN,2,7733248.0,63.765625
Freeway-MinAtar,IQN,2,7864320.0,63.765625
Freeway-MinAtar,IQN,2,7995392.0,64.1640625
Freeway-MinAtar,IQN,2,8126464.0,64.1640625
Freeway-MinAtar,IQN,2,8257536.0,64.1640625
Freeway-MinAtar,IQN,2,8388608.0,64.1640625
Freeway-MinAtar,IQN,2,8519680.0,64.65625
Freeway-MinAtar,IQN,2,8650752.0,64.65625
Freeway-MinAtar,IQN,2,8781824.0,64.65625
Freeway-MinAtar,IQN,2,8912896.0,64.65625
Freeway-MinAtar,IQN,2,9043968.0,61.796875
Freeway-MinAtar,IQN,2,9175040.0,61.796875
Freeway-MinAtar,IQN,2,9306112.0,61.796875
Freeway-MinAtar,IQN,2,9437184.0,61.796875
Freeway-MinAtar,IQN,2,9568256.0,64.796875
Freeway-MinAtar,IQN,2,9699328.0,64.796875
Freeway-MinAtar,IQN,2,9830400.0,64.796875
Freeway-MinAtar,IQN,2,9961472.0,64.796875
Freeway-MinAtar,IQN,3,131072.0,0.0
Freeway-MinAtar,IQN,3,262144.0,0.0
Freeway-MinAtar,IQN,3,393216.0,0.0
Freeway-MinAtar,IQN,3,524288.0,0.7109375
Freeway-MinAtar,IQN,3,655360.0,0.7109375
Freeway-MinAtar,IQN,3,786432.0,0.7109375
Freeway-MinAtar,IQN,3,917504.0,0.7109375
Freeway-MinAtar,IQN,3,1048576.0,18.4140625
Freeway-MinAtar,IQN,3,1179648.0,18.4140625
Freeway-MinAtar,IQN,3,1310720.0,18.4140625
Freeway-MinAtar,IQN,3,1441792.0,18.4140625
Freeway-MinAtar,IQN,3,1572864.0,27.3046875
Freeway-MinAtar,IQN,3,1703936.0,27.3046875
Freeway-MinAtar,IQN,3,1835008.0,27.3046875
Freeway-MinAtar,IQN,3,1966080.0,27.3046875
Freeway-MinAtar,IQN,3,2097152.0,58.7421875
Freeway-MinAtar,IQN,3,2228224.0,58.7421875
Freeway-MinAtar,IQN,3,2359296.0,58.7421875
Freeway-MinAtar,IQN,3,2490368.0,58.7421875
Freeway-MinAtar,IQN,3,2621440.0,56.6875
Freeway-MinAtar,IQN,3,2752512.0,56.6875
Freeway-MinAtar,IQN,3,2883584.0,56.6875
Freeway-MinAtar,IQN,3,3014656.0,56.40625
Freeway-MinAtar,IQN,3,3145728.0,56.40625
Freeway-MinAtar,IQN,3,3276800.0,56.40625
Freeway-MinAtar,IQN,3,3407872.0,56.40625
Freeway-MinAtar,IQN,3,3538944.0,62.75
Freeway-MinAtar,IQN,3,3670016.0,62.75
Freeway-MinAtar,IQN,3,3801088.0,62.75
Freeway-MinAtar,IQN,3,3932160.0,62.75
Freeway-MinAtar,IQN,3,4063232.0,56.65625
Freeway-MinAtar,IQN,3,4194304.0,56.65625
Freeway-MinAtar,IQN,3,4325376.0,56.65625
Freeway-MinAtar,IQN,3,4456448.0,56.65625
Freeway-MinAtar,IQN,3,4587520.0,62.4453125
Freeway-MinAtar,IQN,3,4718592.0,62.4453125
Freeway-MinAtar,IQN,3,4849664.0,62.4453125
Freeway-MinAtar,IQN,3,4980736.0,62.4453125
Freeway-MinAtar,IQN,3,5111808.0,64.75
Freeway-MinAtar,IQN,3,5242880.0,64.75
Freeway-MinAtar,IQN,3,5373952.0,64.75
Freeway-MinAtar,IQN,3,5505024.0,64.3125
Freeway-MinAtar,IQN,3,5636096.0,64.3125
Freeway-MinAtar,IQN,3,5767168.0,64.3125
Freeway-MinAtar,IQN,3,5898240.0,64.3125
Freeway-MinAtar,IQN,3,6029312.0,58.1171875
Freeway-MinAtar,IQN,3,6160384.0,58.1171875
Freeway-MinAtar,IQN,3,6291456.0,58.1171875
Freeway-MinAtar,IQN,3,6422528.0,58.1171875
Freeway-MinAtar,IQN,3,6553600.0,63.65625
Freeway-MinAtar,IQN,3,6684672.0,63.65625
Freeway-MinAtar,IQN,3,6815744.0,63.65625
Freeway-MinAtar,IQN,3,6946816.0,63.65625
Freeway-MinAtar,IQN,3,7077888.0,63.0859375
Freeway-MinAtar,IQN,3,7208960.0,63.0859375
Freeway-MinAtar,IQN,3,7340032.0,63.0859375
Freeway-MinAtar,IQN,3,7471104.0,63.0859375
Freeway-MinAtar,IQN,3,7602176.0,65.0
Freeway-MinAtar,IQN,3,7733248.0,65.0
Freeway-MinAtar,IQN,3,7864320.0,65.0
Freeway-MinAtar,IQN,3,7995392.0,62.515625
Freeway-MinAtar,IQN,3,8126464.0,62.515625
Freeway-MinAtar,IQN,3,8257536.0,62.515625
Freeway-MinAtar,IQN,3,8388608.0,62.515625
Freeway-MinAtar,IQN,3,8519680.0,65.59375
Freeway-MinAtar,IQN,3,8650752.0,65.59375
Freeway-MinAtar,IQN,3,8781824.0,65.59375
Freeway-MinAtar,IQN,3,8912896.0,65.59375
Freeway-MinAtar,IQN,3,9043968.0,63.921875
Freeway-MinAtar,IQN,3,9175040.0,63.921875
Freeway-MinAtar,IQN,3,9306112.0,63.921875
Freeway-MinAtar,IQN,3,9437184.0,63.921875
Freeway-MinAtar,IQN,3,9568256.0,65.234375
Freeway-MinAtar,IQN,3,9699328.0,65.234375
Freeway-MinAtar,IQN,3,9830400.0,65.234375
Freeway-MinAtar,IQN,3,9961472.0,65.234375
Freeway-MinAtar,IQN,4,131072.0,0.0
Freeway-MinAtar,IQN,4,262144.0,0.0
Freeway-MinAtar,IQN,4,393216.0,0.0
Freeway-MinAtar,IQN,4,524288.0,0.328125
Freeway-MinAtar,IQN,4,655360.0,0.328125
Freeway-MinAtar,IQN,4,786432.0,0.328125
Freeway-MinAtar,IQN,4,917504.0,0.328125
Freeway-MinAtar,IQN,4,1048576.0,0.0
Freeway-MinAtar,IQN,4,1179648.0,0.0
Freeway-MinAtar,IQN,4,1310720.0,0.0
Freeway-MinAtar,IQN,4,1441792.0,0.0
Freeway-MinAtar,IQN,4,1572864.0,0.0
Freeway-MinAtar,IQN,4,1703936.0,0.0
Freeway-MinAtar,IQN,4,1835008.0,0.0
Freeway-MinAtar,IQN,4,1966080.0,0.0
Freeway-MinAtar,IQN,4,2097152.0,0.21875
Freeway-MinAtar,IQN,4,2228224.0,0.21875
Freeway-MinAtar,IQN,4,2359296.0,0.21875
Freeway-MinAtar,IQN,4,2490368.0,0.21875
Freeway-MinAtar,IQN,4,2621440.0,0.0
Freeway-MinAtar,IQN,4,2752512.0,0.0
Freeway-MinAtar,IQN,4,2883584.0,0.0
Freeway-MinAtar,IQN,4,3014656.0,57.9765625
Freeway-MinAtar,IQN,4,3145728.0,57.9765625
Freeway-MinAtar,IQN,4,3276800.0,57.9765625
Freeway-MinAtar,IQN,4,3407872.0,57.9765625
Freeway-MinAtar,IQN,4,3538944.0,33.7890625
Freeway-MinAtar,IQN,4,3670016.0,33.7890625
Freeway-MinAtar,IQN,4,3801088.0,33.7890625
Freeway-MinAtar,IQN,4,3932160.0,33.7890625
Freeway-MinAtar,IQN,4,4063232.0,62.0859375
Freeway-MinAtar,IQN,4,4194304.0,62.0859375
Freeway-MinAtar,IQN,4,4325376.0,62.0859375
Freeway-MinAtar,IQN,4,4456448.0,62.0859375
Freeway-MinAtar,IQN,4,4587520.0,43.09375
Freeway-MinAtar,IQN,4,4718592.0,43.09375
Freeway-MinAtar,IQN,4,4849664.0,43.09375
Freeway-MinAtar,IQN,4,4980736.0,43.09375
Freeway-MinAtar,IQN,4,5111808.0,64.9921875
Freeway-MinAtar,IQN,4,5242880.0,64.9921875
Freeway-MinAtar,IQN,4,5373952.0,64.9921875
Freeway-MinAtar,IQN,4,5505024.0,60.4921875
Freeway-MinAtar,IQN,4,5636096.0,60.4921875
Freeway-MinAtar,IQN,4,5767168.0,60.4921875
Freeway-MinAtar,IQN,4,5898240.0,60.4921875
Freeway-MinAtar,IQN,4,6029312.0,64.5234375
Freeway-MinAtar,IQN,4,6160384.0,64.5234375
Freeway-MinAtar,IQN,4,6291456.0,64.5234375
Freeway-MinAtar,IQN,4,6422528.0,64.5234375
Freeway-MinAtar,IQN,4,6553600.0,64.0859375
Freeway-MinAtar,IQN,4,6684672.0,64.0859375
Freeway-MinAtar,IQN,4,6815744.0,64.0859375
Freeway-MinAtar,IQN,4,6946816.0,64.0859375
Freeway-MinAtar,IQN,4,7077888.0,63.6640625
Freeway-MinAtar,IQN,4,7208960.0,63.6640625
Freeway-MinAtar,IQN,4,7340032.0,63.6640625
Freeway-MinAtar,IQN,4,7471104.0,63.6640625
Freeway-MinAtar,IQN,4,7602176.0,65.0078125
Freeway-MinAtar,IQN,4,7733248.0,65.0078125
Freeway-MinAtar,IQN,4,7864320.0,65.0078125
Freeway-MinAtar,IQN,4,7995392.0,62.8046875
Freeway-MinAtar,IQN,4,8126464.0,62.8046875
Freeway-MinAtar,IQN,4,8257536.0,62.8046875
Freeway-MinAtar,IQN,4,8388608.0,62.8046875
Freeway-MinAtar,IQN,4,8519680.0,64.2265625
Freeway-MinAtar,IQN,4,8650752.0,64.2265625
Freeway-MinAtar,IQN,4,8781824.0,64.2265625
Freeway-MinAtar,IQN,4,8912896.0,64.2265625
Freeway-MinAtar,IQN,4,9043968.0,62.7421875
Freeway-MinAtar,IQN,4,9175040.0,62.7421875
Freeway-MinAtar,IQN,4,9306112.0,62.7421875
Freeway-MinAtar,IQN,4,9437184.0,62.7421875
Freeway-MinAtar,IQN,4,9568256.0,64.234375
Freeway-MinAtar,IQN,4,9699328.0,64.234375
Freeway-MinAtar,IQN,4,9830400.0,64.234375
Freeway-MinAtar,IQN,4,9961472.0,64.234375
Freeway-MinAtar,IQN,5,131072.0,0.0
Freeway-MinAtar,IQN,5,262144.0,0.0
Freeway-MinAtar,IQN,5,393216.0,0.0
Freeway-MinAtar,IQN,5,524288.0,0.0
Freeway-MinAtar,IQN,5,655360.0,0.0
Freeway-MinAtar,IQN,5,786432.0,0.0
Freeway-MinAtar,IQN,5,917504.0,0.0
Freeway-MinAtar,IQN,5,1048576.0,0.0
Freeway-MinAtar,IQN,5,1179648.0,0.0
Freeway-MinAtar,IQN,5,1310720.0,0.0
Freeway-MinAtar,IQN,5,1441792.0,0.0
Freeway-MinAtar,IQN,5,1572864.0,22.9921875
Freeway-MinAtar,IQN,5,1703936.0,22.9921875
Freeway-MinAtar,IQN,5,1835008.0,22.9921875
Freeway-MinAtar,IQN,5,1966080.0,22.9921875
Freeway-MinAtar,IQN,5,2097152.0,39.6953125
Freeway-MinAtar,IQN,5,2228224.0,39.6953125
Freeway-MinAtar,IQN,5,2359296.0,39.6953125
Freeway-MinAtar,IQN,5,2490368.0,39.6953125
Freeway-MinAtar,IQN,5,2621440.0,43.4921875
Freeway-MinAtar,IQN,5,2752512.0,43.4921875
Freeway-MinAtar,IQN,5,2883584.0,43.4921875
Freeway-MinAtar,IQN,5,3014656.0,55.796875
Freeway-MinAtar,IQN,5,3145728.0,55.796875
Freeway-MinAtar,IQN,5,3276800.0,55.796875
Freeway-MinAtar,IQN,5,3407872.0,55.796875
Freeway-MinAtar,IQN,5,3538944.0,59.734375
Freeway-MinAtar,IQN,5,3670016.0,59.734375
Freeway-MinAtar,IQN,5,3801088.0,59.734375
Freeway-MinAtar,IQN,5,3932160.0,59.734375
Freeway-MinAtar,IQN,5,4063232.0,55.796875
Freeway-MinAtar,IQN,5,4194304.0,55.796875
Freeway-MinAtar,IQN,5,4325376.0,55.796875
Freeway-MinAtar,IQN,5,4456448.0,55.796875
Freeway-MinAtar,IQN,5,4587520.0,58.453125
Freeway-MinAtar,IQN,5,4718592.0,58.453125
Freeway-MinAtar,IQN,5,4849664.0,58.453125
Freeway-MinAtar,IQN,5,4980736.0,58.453125
Freeway-MinAtar,IQN,5,5111808.0,60.453125
Freeway-MinAtar,IQN,5,5242880.0,60.453125
Freeway-MinAtar,IQN,5,5373952.0,60.453125
Freeway-MinAtar,IQN,5,5505024.0,61.7109375
Freeway-MinAtar,IQN,5,5636096.0,61.7109375
Freeway-MinAtar,IQN,5,5767168.0,61.7109375
Freeway-MinAtar,IQN,5,5898240.0,61.7109375
Freeway-MinAtar,IQN,5,6029312.0,61.6875
Freeway-MinAtar,IQN,5,6160384.0,61.6875
Freeway-MinAtar,IQN,5,6291456.0,61.6875
Freeway-MinAtar,IQN,5,6422528.0,61.6875
Freeway-MinAtar,IQN,5,6553600.0,65.2734375
Freeway-MinAtar,IQN,5,6684672.0,65.2734375
Freeway-MinAtar,IQN,5,6815744.0,65.2734375
Freeway-MinAtar,IQN,5,6946816.0,65.2734375
Freeway-MinAtar,IQN,5,7077888.0,58.1953125
Freeway-MinAtar,IQN,5,7208960.0,58.1953125
Freeway-MinAtar,IQN,5,7340032.0,58.1953125
Freeway-MinAtar,IQN,5,7471104.0,58.1953125
Freeway-MinAtar,IQN,5,7602176.0,64.625
Freeway-MinAtar,IQN,5,7733248.0,64.625
Freeway-MinAtar,IQN,5,7864320.0,64.625
Freeway-MinAtar,IQN,5,7995392.0,65.0546875
Freeway-MinAtar,IQN,5,8126464.0,65.0546875
Freeway-MinAtar,IQN,5,8257536.0,65.0546875
Freeway-MinAtar,IQN,5,8388608.0,65.0546875
Freeway-MinAtar,IQN,5,8519680.0,64.546875
Freeway-MinAtar,IQN,5,8650752.0,64.546875
Freeway-MinAtar,IQN,5,8781824.0,64.546875
Freeway-MinAtar,IQN,5,8912896.0,64.546875
Freeway-MinAtar,IQN,5,9043968.0,63.078125
Freeway-MinAtar,IQN,5,9175040.0,63.078125
Freeway-MinAtar,IQN,5,9306112.0,63.078125
Freeway-MinAtar,IQN,5,9437184.0,63.078125
Freeway-MinAtar,IQN,5,9568256.0,64.7578125
Freeway-MinAtar,IQN,5,9699328.0,64.7578125
Freeway-MinAtar,IQN,5,9830400.0,64.7578125
Freeway-MinAtar,IQN,5,9961472.0,64.7578125
Freeway-MinAtar,QTD/QR-DQN,1,131072.0,0.0
Freeway-MinAtar,QTD/QR-DQN,1,262144.0,0.0
Freeway-MinAtar,QTD/QR-DQN,1,393216.0,0.0
Freeway-MinAtar,QTD/QR-DQN,1,524288.0,12.15625
Freeway-MinAtar,QTD/QR-DQN,1,655360.0,12.15625
Freeway-MinAtar,QTD/QR-DQN,1,786432.0,12.15625
Freeway-MinAtar,QTD/QR-DQN,1,917504.0,12.15625
Freeway-MinAtar,QTD/QR-DQN,1,1048576.0,55.6875
Freeway-MinAtar,QTD/QR-DQN,1,1179648.0,55.6875
Freeway-MinAtar,QTD/QR-DQN,1,1310720.0,55.6875
Freeway-MinAtar,QTD/QR-DQN,1,1441792.0,55.6875
Freeway-MinAtar,QTD/QR-DQN,1,1572864.0,9.8984375
Freeway-MinAtar,QTD/QR-DQN,1,1703936.0,9.8984375
Freeway-MinAtar,QTD/QR-DQN,1,1835008.0,9.8984375
Freeway-MinAtar,QTD/QR-DQN,1,1966080.0,9.8984375
Freeway-MinAtar,QTD/QR-DQN,1,2097152.0,38.0859375
Freeway-MinAtar,QTD/QR-DQN,1,2228224.0,38.0859375
Freeway-MinAtar,QTD/QR-DQN,1,2359296.0,38.0859375
Freeway-MinAtar,QTD/QR-DQN,1,2490368.0,38.0859375
Freeway-MinAtar,QTD/QR-DQN,1,2621440.0,61.9765625
Freeway-MinAtar,QTD/QR-DQN,1,2752512.0,61.9765625
Freeway-MinAtar,QTD/QR-DQN,1,2883584.0,61.9765625
Freeway-MinAtar,QTD/QR-DQN,1,3014656.0,43.6484375
Freeway-MinAtar,QTD/QR-DQN,1,3145728.0,43.6484375
Freeway-MinAtar,QTD/QR-DQN,1,3276800.0,43.6484375
Freeway-MinAtar,QTD/QR-DQN,1,3407872.0,43.6484375
Freeway-MinAtar,QTD/QR-DQN,1,3538944.0,63.703125
Freeway-MinAtar,QTD/QR-DQN,1,3670016.0,63.703125
Freeway-MinAtar,QTD/QR-DQN,1,3801088.0,63.703125
Freeway-MinAtar,QTD/QR-DQN,1,3932160.0,63.703125
Freeway-MinAtar,QTD/QR-DQN,1,4063232.0,59.2109375
Freeway-MinAtar,QTD/QR-DQN,1,4194304.0,59.2109375
Freeway-MinAtar,QTD/QR-DQN,1,4325376.0,59.2109375
Freeway-MinAtar,QTD/QR-DQN,1,4456448.0,59.2109375
Freeway-MinAtar,QTD/QR-DQN,1,4587520.0,53.28125
Freeway-MinAtar,QTD/QR-DQN,1,4718592.0,53.28125
Freeway-MinAtar,QTD/QR-DQN,1,4849664.0,53.28125
Freeway-MinAtar,QTD/QR-DQN,1,4980736.0,53.28125
Freeway-MinAtar,QTD/QR-DQN,1,5111808.0,64.6015625
Freeway-MinAtar,QTD/QR-DQN,1,5242880.0,64.6015625
Freeway-MinAtar,QTD/QR-DQN,1,5373952.0,64.6015625
Freeway-MinAtar,QTD/QR-DQN,1,5505024.0,63.7890625
Freeway-MinAtar,QTD/QR-DQN,1,5636096.0,63.7890625
Freeway-MinAtar,QTD/QR-DQN,1,5767168.0,63.7890625
Freeway-MinAtar,QTD/QR-DQN,1,5898240.0,63.7890625
Freeway-MinAtar,QTD/QR-DQN,1,6029312.0,63.4609375
Freeway-MinAtar,QTD/QR-DQN,1,6160384.0,63.4609375
Freeway-MinAtar,QTD/QR-DQN,1,6291456.0,63.4609375
Freeway-MinAtar,QTD/QR-DQN,1,6422528.0,63.4609375
Freeway-MinAtar,QTD/QR-DQN,1,6553600.0,62.9765625
Freeway-MinAtar,QTD/QR-DQN,1,6684672.0,62.9765625
Freeway-MinAtar,QTD/QR-DQN,1,6815744.0,62.9765625
Freeway-MinAtar,QTD/QR-DQN,1,6946816.0,62.9765625
Freeway-MinAtar,QTD/QR-DQN,1,7077888.0,65.625
Freeway-MinAtar,QTD/QR-DQN,1,7208960.0,65.625
Freeway-MinAtar,QTD/QR-DQN,1,7340032.0,65.625
Freeway-MinAtar,QTD/QR-DQN,1,7471104.0,65.625
Freeway-MinAtar,QTD/QR-DQN,1,7602176.0,64.796875
Freeway-MinAtar,QTD/QR-DQN,1,7733248.0,64.796875
Freeway-MinAtar,QTD/QR-DQN,1,7864320.0,64.796875
Freeway-MinAtar,QTD/QR-DQN,1,7995392.0,63.890625
Freeway-MinAtar,QTD/QR-DQN,1,8126464.0,63.890625
Freeway-MinAtar,QTD/QR-DQN,1,8257536.0,63.890625
Freeway-MinAtar,QTD/QR-DQN,1,8388608.0,63.890625
Freeway-MinAtar,QTD/QR-DQN,1,8519680.0,65.71875
Freeway-MinAtar,QTD/QR-DQN,1,8650752.0,65.71875
Freeway-MinAtar,QTD/QR-DQN,1,8781824.0,65.71875
Freeway-MinAtar,QTD/QR-DQN,1,8912896.0,65.71875
Freeway-MinAtar,QTD/QR-DQN,1,9043968.0,62.4375
Freeway-MinAtar,QTD/QR-DQN,1,9175040.0,62.4375
Freeway-MinAtar,QTD/QR-DQN,1,9306112.0,62.4375
Freeway-MinAtar,QTD/QR-DQN,1,9437184.0,62.4375
Freeway-MinAtar,QTD/QR-DQN,1,9568256.0,64.390625
Freeway-MinAtar,QTD/QR-DQN,1,9699328.0,64.390625
Freeway-MinAtar,QTD/QR-DQN,1,9830400.0,64.390625
Freeway-MinAtar,QTD/QR-DQN,1,9961472.0,64.390625
Freeway-MinAtar,QTD/QR-DQN,2,131072.0,0.0
Freeway-MinAtar,QTD/QR-DQN,2,262144.0,0.0
Freeway-MinAtar,QTD/QR-DQN,2,393216.0,0.0
Freeway-MinAtar,QTD/QR-DQN,2,524288.0,1.34375
Freeway-MinAtar,QTD/QR-DQN,2,655360.0,1.34375
Freeway-MinAtar,QTD/QR-DQN,2,786432.0,1.34375
Freeway-MinAtar,QTD/QR-DQN,2,917504.0,1.34375
Freeway-MinAtar,QTD/QR-DQN,2,1048576.0,45.953125
Freeway-MinAtar,QTD/QR-DQN,2,1179648.0,45.953125
Freeway-MinAtar,QTD/QR-DQN,2,1310720.0,45.953125
Freeway-MinAtar,QTD/QR-DQN,2,1441792.0,45.953125
Freeway-MinAtar,QTD/QR-DQN,2,1572864.0,59.140625
Freeway-MinAtar,QTD/QR-DQN,2,1703936.0,59.140625
Freeway-MinAtar,QTD/QR-DQN,2,1835008.0,59.140625
Freeway-MinAtar,QTD/QR-DQN,2,1966080.0,59.140625
Freeway-MinAtar,QTD/QR-DQN,2,2097152.0,63.234375
Freeway-MinAtar,QTD/QR-DQN,2,2228224.0,63.234375
Freeway-MinAtar,QTD/QR-DQN,2,2359296.0,63.234375
Freeway-MinAtar,QTD/QR-DQN,2,2490368.0,63.234375
Freeway-MinAtar,QTD/QR-DQN,2,2621440.0,61.34375
Freeway-MinAtar,QTD/QR-DQN,2,2752512.0,61.34375
Freeway-MinAtar,QTD/QR-DQN,2,2883584.0,61.34375
Freeway-MinAtar,QTD/QR-DQN,2,3014656.0,62.3828125
Freeway-MinAtar,QTD/QR-DQN,2,3145728.0,62.3828125
Freeway-MinAtar,QTD/QR-DQN,2,3276800.0,62.3828125
Freeway-MinAtar,QTD/QR-DQN,2,3407872.0,62.3828125
Freeway-MinAtar,QTD/QR-DQN,2,3538944.0,61.09375
Freeway-MinAtar,QTD/QR-DQN,2,3670016.0,61.09375
Freeway-MinAtar,QTD/QR-DQN,2,3801088.0,61.09375
Freeway-MinAtar,QTD/QR-DQN,2,3932160.0,61.09375
Freeway-MinAtar,QTD/QR-DQN,2,4063232.0,63.140625
Freeway-MinAtar,QTD/QR-DQN,2,4194304.0,63.140625
Freeway-MinAtar,QTD/QR-DQN,2,4325376.0,63.140625
Freeway-MinAtar,QTD/QR-DQN,2,4456448.0,63.140625
Freeway-MinAtar,QTD/QR-DQN,2,4587520.0,52.234375
Freeway-MinAtar,QTD/QR-DQN,2,4718592.0,52.234375
Freeway-MinAtar,QTD/QR-DQN,2,4849664.0,52.234375
Freeway-MinAtar,QTD/QR-DQN,2,4980736.0,52.234375
Freeway-MinAtar,QTD/QR-DQN,2,5111808.0,64.640625
Freeway-MinAtar,QTD/QR-DQN,2,5242880.0,64.640625
Freeway-MinAtar,QTD/QR-DQN,2,5373952.0,64.640625
Freeway-MinAtar,QTD/QR-DQN,2,5505024.0,55.3515625
Freeway-MinAtar,QTD/QR-DQN,2,5636096.0,55.3515625
Freeway-MinAtar,QTD/QR-DQN,2,5767168.0,55.3515625
Freeway-MinAtar,QTD/QR-DQN,2,5898240.0,55.3515625
Freeway-MinAtar,QTD/QR-DQN,2,6029312.0,62.6640625
Freeway-MinAtar,QTD/QR-DQN,2,6160384.0,62.6640625
Freeway-MinAtar,QTD/QR-DQN,2,6291456.0,62.6640625
Freeway-MinAtar,QTD/QR-DQN,2,6422528.0,62.6640625
Freeway-MinAtar,QTD/QR-DQN,2,6553600.0,54.7265625
Freeway-MinAtar,QTD/QR-DQN,2,6684672.0,54.7265625
Freeway-MinAtar,QTD/QR-DQN,2,6815744.0,54.7265625
Freeway-MinAtar,QTD/QR-DQN,2,6946816.0,54.7265625
Freeway-MinAtar,QTD/QR-DQN,2,7077888.0,64.5390625
Freeway-MinAtar,QTD/QR-DQN,2,7208960.0,64.5390625
Freeway-MinAtar,QTD/QR-DQN,2,7340032.0,64.5390625
Freeway-MinAtar,QTD/QR-DQN,2,7471104.0,64.5390625
Freeway-MinAtar,QTD/QR-DQN,2,7602176.0,65.4140625
Freeway-MinAtar,QTD/QR-DQN,2,7733248.0,65.4140625
Freeway-MinAtar,QTD/QR-DQN,2,7864320.0,65.4140625
Freeway-MinAtar,QTD/QR-DQN,2,7995392.0,64.796875
Freeway-MinAtar,QTD/QR-DQN,2,8126464.0,64.796875
Freeway-MinAtar,QTD/QR-DQN,2,8257536.0,64.796875
Freeway-MinAtar,QTD/QR-DQN,2,8388608.0,64.796875
Freeway-MinAtar,QTD/QR-DQN,2,8519680.0,65.4296875
Freeway-MinAtar,QTD/QR-DQN,2,8650752.0,65.4296875
Freeway-MinAtar,QTD/QR-DQN,2,8781824.0,65.4296875
Freeway-MinAtar,QTD/QR-DQN,2,8912896.0,65.4296875
Freeway-MinAtar,QTD/QR-DQN,2,9043968.0,62.15625
Freeway-MinAtar,QTD/QR-DQN,2,9175040.0,62.15625
Freeway-MinAtar,QTD/QR-DQN,2,9306112.0,62.15625
Freeway-MinAtar,QTD/QR-DQN,2,9437184.0,62.15625
Freeway-MinAtar,QTD/QR-DQN,2,9568256.0,65.1171875
Freeway-MinAtar,QTD/QR-DQN,2,9699328.0,65.1171875
Freeway-MinAtar,QTD/QR-DQN,2,9830400.0,65.1171875
Freeway-MinAtar,QTD/QR-DQN,2,9961472.0,65.1171875
Freeway-MinAtar,QTD/QR-DQN,3,131072.0,0.0
Freeway-MinAtar,QTD/QR-DQN,3,262144.0,0.0
Freeway-MinAtar,QTD/QR-DQN,3,393216.0,0.0
Freeway-MinAtar,QTD/QR-DQN,3,524288.0,8.0703125
Freeway-MinAtar,QTD/QR-DQN,3,655360.0,8.0703125
Freeway-MinAtar,QTD/QR-DQN,3,786432.0,8.0703125
Freeway-MinAtar,QTD/QR-DQN,3,917504.0,8.0703125
Freeway-MinAtar,QTD/QR-DQN,3,1048576.0,39.8046875
Freeway-MinAtar,QTD/QR-DQN,3,1179648.0,39.8046875
Freeway-MinAtar,QTD/QR-DQN,3,1310720.0,39.8046875
Freeway-MinAtar,QTD/QR-DQN,3,1441792.0,39.8046875
Freeway-MinAtar,QTD/QR-DQN,3,1572864.0,61.4453125
Freeway-MinAtar,QTD/QR-DQN,3,1703936.0,61.4453125
Freeway-MinAtar,QTD/QR-DQN,3,1835008.0,61.4453125
Freeway-MinAtar,QTD/QR-DQN,3,1966080.0,61.4453125
Freeway-MinAtar,QTD/QR-DQN,3,2097152.0,0.0
Freeway-MinAtar,QTD/QR-DQN,3,2228224.0,0.0
Freeway-MinAtar,QTD/QR-DQN,3,2359296.0,0.0
Freeway-MinAtar,QTD/QR-DQN,3,2490368.0,0.0
Freeway-MinAtar,QTD/QR-DQN,3,2621440.0,0.0
Freeway-MinAtar,QTD/QR-DQN,3,2752512.0,0.0
Freeway-MinAtar,QTD/QR-DQN,3,2883584.0,0.0
Freeway-MinAtar,QTD/QR-DQN,3,3014656.0,54.9375
Freeway-MinAtar,QTD/QR-DQN,3,3145728.0,54.9375
Freeway-MinAtar,QTD/QR-DQN,3,3276800.0,54.9375
Freeway-MinAtar,QTD/QR-DQN,3,3407872.0,54.9375
Freeway-MinAtar,QTD/QR-DQN,3,3538944.0,59.453125
Freeway-MinAtar,QTD/QR-DQN,3,3670016.0,59.453125
Freeway-MinAtar,QTD/QR-DQN,3,3801088.0,59.453125
Freeway-MinAtar,QTD/QR-DQN,3,3932160.0,59.453125
Freeway-MinAtar,QTD/QR-DQN,3,4063232.0,63.265625
Freeway-MinAtar,QTD/QR-DQN,3,4194304.0,63.265625
Freeway-MinAtar,QTD/QR-DQN,3,4325376.0,63.265625
Freeway-MinAtar,QTD/QR-DQN,3,4456448.0,63.265625
Freeway-MinAtar,QTD/QR-DQN,3,4587520.0,38.734375
Freeway-MinAtar,QTD/QR-DQN,3,4718592.0,38.734375
Freeway-MinAtar,QTD/QR-DQN,3,4849664.0,38.734375
Freeway-MinAtar,QTD/QR-DQN,3,4980736.0,38.734375
Freeway-MinAtar,QTD/QR-DQN,3,5111808.0,61.71875
Freeway-MinAtar,QTD/QR-DQN,3,5242880.0,61.71875
Freeway-MinAtar,QTD/QR-DQN,3,5373952.0,61.71875
Freeway-MinAtar,QTD/QR-DQN,3,5505024.0,60.1015625
Freeway-MinAtar,QTD/QR-DQN,3,5636096.0,60.1015625
Freeway-MinAtar,QTD/QR-DQN,3,5767168.0,60.1015625
Freeway-MinAtar,QTD/QR-DQN,3,5898240.0,60.1015625
Freeway-MinAtar,QTD/QR-DQN,3,6029312.0,56.3046875
Freeway-MinAtar,QTD/QR-DQN,3,6160384.0,56.3046875
Freeway-MinAtar,QTD/QR-DQN,3,6291456.0,56.3046875
Freeway-MinAtar,QTD/QR-DQN,3,6422528.0,56.3046875
Freeway-MinAtar,QTD/QR-DQN,3,6553600.0,62.8515625
Freeway-MinAtar,QTD/QR-DQN,3,6684672.0,62.8515625
Freeway-MinAtar,QTD/QR-DQN,3,6815744.0,62.8515625
Freeway-MinAtar,QTD/QR-DQN,3,6946816.0,62.8515625
Freeway-MinAtar,QTD/QR-DQN,3,7077888.0,60.953125
Freeway-MinAtar,QTD/QR-DQN,3,7208960.0,60.953125
Freeway-MinAtar,QTD/QR-DQN,3,7340032.0,60.953125
Freeway-MinAtar,QTD/QR-DQN,3,7471104.0,60.953125
Freeway-MinAtar,QTD/QR-DQN,3,7602176.0,58.5625
Freeway-MinAtar,QTD/QR-DQN,3,7733248.0,58.5625
Freeway-MinAtar,QTD/QR-DQN,3,7864320.0,58.5625
Freeway-MinAtar,QTD/QR-DQN,3,7995392.0,62.671875
Freeway-MinAtar,QTD/QR-DQN,3,8126464.0,62.671875
Freeway-MinAtar,QTD/QR-DQN,3,8257536.0,62.671875
Freeway-MinAtar,QTD/QR-DQN,3,8388608.0,62.671875
Freeway-MinAtar,QTD/QR-DQN,3,8519680.0,64.15625
Freeway-MinAtar,QTD/QR-DQN,3,8650752.0,64.15625
Freeway-MinAtar,QTD/QR-DQN,3,8781824.0,64.15625
Freeway-MinAtar,QTD/QR-DQN,3,8912896.0,64.15625
Freeway-MinAtar,QTD/QR-DQN,3,9043968.0,59.3515625
Freeway-MinAtar,QTD/QR-DQN,3,9175040.0,59.3515625
Freeway-MinAtar,QTD/QR-DQN,3,9306112.0,59.3515625
Freeway-MinAtar,QTD/QR-DQN,3,9437184.0,59.3515625
Freeway-MinAtar,QTD/QR-DQN,3,9568256.0,64.4609375
Freeway-MinAtar,QTD/QR-DQN,3,9699328.0,64.4609375
Freeway-MinAtar,QTD/QR-DQN,3,9830400.0,64.4609375
Freeway-MinAtar,QTD/QR-DQN,3,9961472.0,64.4609375
Freeway-MinAtar,QTD/QR-DQN,4,131072.0,0.0
Freeway-MinAtar,QTD/QR-DQN,4,262144.0,0.0
Freeway-MinAtar,QTD/QR-DQN,4,393216.0,0.0
Freeway-MinAtar,QTD/QR-DQN,4,524288.0,12.8671875
Freeway-MinAtar,QTD/QR-DQN,4,655360.0,12.8671875
Freeway-MinAtar,QTD/QR-DQN,4,786432.0,12.8671875
Freeway-MinAtar,QTD/QR-DQN,4,917504.0,12.8671875
Freeway-MinAtar,QTD/QR-DQN,4,1048576.0,18.875
Freeway-MinAtar,QTD/QR-DQN,4,1179648.0,18.875
Freeway-MinAtar,QTD/QR-DQN,4,1310720.0,18.875
Freeway-MinAtar,QTD/QR-DQN,4,1441792.0,18.875
Freeway-MinAtar,QTD/QR-DQN,4,1572864.0,55.5546875
Freeway-MinAtar,QTD/QR-DQN,4,1703936.0,55.5546875
Freeway-MinAtar,QTD/QR-DQN,4,1835008.0,55.5546875
Freeway-MinAtar,QTD/QR-DQN,4,1966080.0,55.5546875
Freeway-MinAtar,QTD/QR-DQN,4,2097152.0,63.1640625
Freeway-MinAtar,QTD/QR-DQN,4,2228224.0,63.1640625
Freeway-MinAtar,QTD/QR-DQN,4,2359296.0,63.1640625
Freeway-MinAtar,QTD/QR-DQN,4,2490368.0,63.1640625
Freeway-MinAtar,QTD/QR-DQN,4,2621440.0,54.859375
Freeway-MinAtar,QTD/QR-DQN,4,2752512.0,54.859375
Freeway-MinAtar,QTD/QR-DQN,4,2883584.0,54.859375
Freeway-MinAtar,QTD/QR-DQN,4,3014656.0,8.1953125
Freeway-MinAtar,QTD/QR-DQN,4,3145728.0,8.1953125
Freeway-MinAtar,QTD/QR-DQN,4,3276800.0,8.1953125
Freeway-MinAtar,QTD/QR-DQN,4,3407872.0,8.1953125
Freeway-MinAtar,QTD/QR-DQN,4,3538944.0,63.640625
Freeway-MinAtar,QTD/QR-DQN,4,3670016.0,63.640625
Freeway-MinAtar,QTD/QR-DQN,4,3801088.0,63.640625
Freeway-MinAtar,QTD/QR-DQN,4,3932160.0,63.640625
Freeway-MinAtar,QTD/QR-DQN,4,4063232.0,59.1015625
Freeway-MinAtar,QTD/QR-DQN,4,4194304.0,59.1015625
Freeway-MinAtar,QTD/QR-DQN,4,4325376.0,59.1015625
Freeway-MinAtar,QTD/QR-DQN,4,4456448.0,59.1015625
Freeway-MinAtar,QTD/QR-DQN,4,4587520.0,49.1640625
Freeway-MinAtar,QTD/QR-DQN,4,4718592.0,49.1640625
Freeway-MinAtar,QTD/QR-DQN,4,4849664.0,49.1640625
Freeway-MinAtar,QTD/QR-DQN,4,4980736.0,49.1640625
Freeway-MinAtar,QTD/QR-DQN,4,5111808.0,62.640625
Freeway-MinAtar,QTD/QR-DQN,4,5242880.0,62.640625
Freeway-MinAtar,QTD/QR-DQN,4,5373952.0,62.640625
Freeway-MinAtar,QTD/QR-DQN,4,5505024.0,62.6328125
Freeway-MinAtar,QTD/QR-DQN,4,5636096.0,62.6328125
Freeway-MinAtar,QTD/QR-DQN,4,5767168.0,62.6328125
Freeway-MinAtar,QTD/QR-DQN,4,5898240.0,62.6328125
Freeway-MinAtar,QTD/QR-DQN,4,6029312.0,63.390625
Freeway-MinAtar,QTD/QR-DQN,4,6160384.0,63.390625
Freeway-MinAtar,QTD/QR-DQN,4,6291456.0,63.390625
Freeway-MinAtar,QTD/QR-DQN,4,6422528.0,63.390625
Freeway-MinAtar,QTD/QR-DQN,4,6553600.0,62.484375
Freeway-MinAtar,QTD/QR-DQN,4,6684672.0,62.484375
Freeway-MinAtar,QTD/QR-DQN,4,6815744.0,62.484375
Freeway-MinAtar,QTD/QR-DQN,4,6946816.0,62.484375
Freeway-MinAtar,QTD/QR-DQN,4,7077888.0,63.9296875
Freeway-MinAtar,QTD/QR-DQN,4,7208960.0,63.9296875
Freeway-MinAtar,QTD/QR-DQN,4,7340032.0,63.9296875
Freeway-MinAtar,QTD/QR-DQN,4,7471104.0,63.9296875
Freeway-MinAtar,QTD/QR-DQN,4,7602176.0,61.1015625
Freeway-MinAtar,QTD/QR-DQN,4,7733248.0,61.1015625
Freeway-MinAtar,QTD/QR-DQN,4,7864320.0,61.1015625
Freeway-MinAtar,QTD/QR-DQN,4,7995392.0,63.4375
Freeway-MinAtar,QTD/QR-DQN,4,8126464.0,63.4375
Freeway-MinAtar,QTD/QR-DQN,4,8257536.0,63.4375
Freeway-MinAtar,QTD/QR-DQN,4,8388608.0,63.4375
Freeway-MinAtar,QTD/QR-DQN,4,8519680.0,64.734375
Freeway-MinAtar,QTD/QR-DQN,4,8650752.0,64.734375
Freeway-MinAtar,QTD/QR-DQN,4,8781824.0,64.734375
Freeway-MinAtar,QTD/QR-DQN,4,8912896.0,64.734375
Freeway-MinAtar,QTD/QR-DQN,4,9043968.0,62.5546875
Freeway-MinAtar,QTD/QR-DQN,4,9175040.0,62.5546875
Freeway-MinAtar,QTD/QR-DQN,4,9306112.0,62.5546875
Freeway-MinAtar,QTD/QR-DQN,4,9437184.0,62.5546875
Freeway-MinAtar,QTD/QR-DQN,4,9568256.0,64.0078125
Freeway-MinAtar,QTD/QR-DQN,4,9699328.0,64.0078125
Freeway-MinAtar,QTD/QR-DQN,4,9830400.0,64.0078125
Freeway-MinAtar,QTD/QR-DQN,4,9961472.0,64.0078125
Freeway-MinAtar,QTD/QR-DQN,5,131072.0,0.0
Freeway-MinAtar,QTD/QR-DQN,5,262144.0,0.0
Freeway-MinAtar,QTD/QR-DQN,5,393216.0,0.0
Freeway-MinAtar,QTD/QR-DQN,5,524288.0,15.4140625
Freeway-MinAtar,QTD/QR-DQN,5,655360.0,15.4140625
Freeway-MinAtar,QTD/QR-DQN,5,786432.0,15.4140625
Freeway-MinAtar,QTD/QR-DQN,5,917504.0,15.4140625
Freeway-MinAtar,QTD/QR-DQN,5,1048576.0,44.15625
Freeway-MinAtar,QTD/QR-DQN,5,1179648.0,44.15625
Freeway-MinAtar,QTD/QR-DQN,5,1310720.0,44.15625
Freeway-MinAtar,QTD/QR-DQN,5,1441792.0,44.15625
Freeway-MinAtar,QTD/QR-DQN,5,1572864.0,42.265625
Freeway-MinAtar,QTD/QR-DQN,5,1703936.0,42.265625
Freeway-MinAtar,QTD/QR-DQN,5,1835008.0,42.265625
Freeway-MinAtar,QTD/QR-DQN,5,1966080.0,42.265625
Freeway-MinAtar,QTD/QR-DQN,5,2097152.0,39.1796875
Freeway-MinAtar,QTD/QR-DQN,5,2228224.0,39.1796875
Freeway-MinAtar,QTD/QR-DQN,5,2359296.0,39.1796875
Freeway-MinAtar,QTD/QR-DQN,5,2490368.0,39.1796875
Freeway-MinAtar,QTD/QR-DQN,5,2621440.0,53.859375
Freeway-MinAtar,QTD/QR-DQN,5,2752512.0,53.859375
Freeway-MinAtar,QTD/QR-DQN,5,2883584.0,53.859375
Freeway-MinAtar,QTD/QR-DQN,5,3014656.0,47.7578125
Freeway-MinAtar,QTD/QR-DQN,5,3145728.0,47.7578125
Freeway-MinAtar,QTD/QR-DQN,5,3276800.0,47.7578125
Freeway-MinAtar,QTD/QR-DQN,5,3407872.0,47.7578125
Freeway-MinAtar,QTD/QR-DQN,5,3538944.0,60.5
Freeway-MinAtar,QTD/QR-DQN,5,3670016.0,60.5
Freeway-MinAtar,QTD/QR-DQN,5,3801088.0,60.5
Freeway-MinAtar,QTD/QR-DQN,5,3932160.0,60.5
Freeway-MinAtar,QTD/QR-DQN,5,4063232.0,60.671875
Freeway-MinAtar,QTD/QR-DQN,5,4194304.0,60.671875
Freeway-MinAtar,QTD/QR-DQN,5,4325376.0,60.671875
Freeway-MinAtar,QTD/QR-DQN,5,4456448.0,60.671875
Freeway-MinAtar,QTD/QR-DQN,5,4587520.0,50.6015625
Freeway-MinAtar,QTD/QR-DQN,5,4718592.0,50.6015625
Freeway-MinAtar,QTD/QR-DQN,5,4849664.0,50.6015625
Freeway-MinAtar,QTD/QR-DQN,5,4980736.0,50.6015625
Freeway-MinAtar,QTD/QR-DQN,5,5111808.0,61.59375
Freeway-MinAtar,QTD/QR-DQN,5,5242880.0,61.59375
Freeway-MinAtar,QTD/QR-DQN,5,5373952.0,61.59375
Freeway-MinAtar,QTD/QR-DQN,5,5505024.0,62.8203125
Freeway-MinAtar,QTD/QR-DQN,5,5636096.0,62.8203125
Freeway-MinAtar,QTD/QR-DQN,5,5767168.0,62.8203125
Freeway-MinAtar,QTD/QR-DQN,5,5898240.0,62.8203125
Freeway-MinAtar,QTD/QR-DQN,5,6029312.0,60.5234375
Freeway-MinAtar,QTD/QR-DQN,5,6160384.0,60.5234375
Freeway-MinAtar,QTD/QR-DQN,5,6291456.0,60.5234375
Freeway-MinAtar,QTD/QR-DQN,5,6422528.0,60.5234375
Freeway-MinAtar,QTD/QR-DQN,5,6553600.0,64.078125
Freeway-MinAtar,QTD/QR-DQN,5,6684672.0,64.078125
Freeway-MinAtar,QTD/QR-DQN,5,6815744.0,64.078125
Freeway-MinAtar,QTD/QR-DQN,5,6946816.0,64.078125
Freeway-MinAtar,QTD/QR-DQN,5,7077888.0,63.78125
Freeway-MinAtar,QTD/QR-DQN,5,7208960.0,63.78125
Freeway-MinAtar,QTD/QR-DQN,5,7340032.0,63.78125
Freeway-MinAtar,QTD/QR-DQN,5,7471104.0,63.78125
Freeway-MinAtar,QTD/QR-DQN,5,7602176.0,62.4140625
Freeway-MinAtar,QTD/QR-DQN,5,7733248.0,62.4140625
Freeway-MinAtar,QTD/QR-DQN,5,7864320.0,62.4140625
Freeway-MinAtar,QTD/QR-DQN,5,7995392.0,65.4375
Freeway-MinAtar,QTD/QR-DQN,5,8126464.0,65.4375
Freeway-MinAtar,QTD/QR-DQN,5,8257536.0,65.4375
Freeway-MinAtar,QTD/QR-DQN,5,8388608.0,65.4375
Freeway-MinAtar,QTD/QR-DQN,5,8519680.0,63.9375
Freeway-MinAtar,QTD/QR-DQN,5,8650752.0,63.9375
Freeway-MinAtar,QTD/QR-DQN,5,8781824.0,63.9375
Freeway-MinAtar,QTD/QR-DQN,5,8912896.0,63.9375
Freeway-MinAtar,QTD/QR-DQN,5,9043968.0,58.6953125
Freeway-MinAtar,QTD/QR-DQN,5,9175040.0,58.6953125
Freeway-MinAtar,QTD/QR-DQN,5,9306112.0,58.6953125
Freeway-MinAtar,QTD/QR-DQN,5,9437184.0,58.6953125
Freeway-MinAtar,QTD/QR-DQN,5,9568256.0,64.6953125
Freeway-MinAtar,QTD/QR-DQN,5,9699328.0,64.6953125
Freeway-MinAtar,QTD/QR-DQN,5,9830400.0,64.6953125
Freeway-MinAtar,QTD/QR-DQN,5,9961472.0,64.6953125
SpaceInvaders-MinAtar,CTD/C51,1,131072.0,0.0
SpaceInvaders-MinAtar,CTD/C51,1,262144.0,0.0
SpaceInvaders-MinAtar,CTD/C51,1,393216.0,0.0
SpaceInvaders-MinAtar,CTD/C51,1,524288.0,21.0
SpaceInvaders-MinAtar,CTD/C51,1,655360.0,21.0
SpaceInvaders-MinAtar,CTD/C51,1,786432.0,21.0
SpaceInvaders-MinAtar,CTD/C51,1,917504.0,21.0
SpaceInvaders-MinAtar,CTD/C51,1,1048576.0,93.0
SpaceInvaders-MinAtar,CTD/C51,1,1179648.0,93.0
SpaceInvaders-MinAtar,CTD/C51,1,1310720.0,93.0
SpaceInvaders-MinAtar,CTD/C51,1,1441792.0,93.0
SpaceInvaders-MinAtar,CTD/C51,1,1572864.0,26.0
SpaceInvaders-MinAtar,CTD/C51,1,1703936.0,26.0
SpaceInvaders-MinAtar,CTD/C51,1,1835008.0,26.0
SpaceInvaders-MinAtar,CTD/C51,1,1966080.0,26.0
SpaceInvaders-MinAtar,CTD/C51,1,2097152.0,74.0
SpaceInvaders-MinAtar,CTD/C51,1,2228224.0,74.0
SpaceInvaders-MinAtar,CTD/C51,1,2359296.0,74.0
SpaceInvaders-MinAtar,CTD/C51,1,2490368.0,74.0
SpaceInvaders-MinAtar,CTD/C51,1,2621440.0,116.0
SpaceInvaders-MinAtar,CTD/C51,1,2752512.0,116.0
SpaceInvaders-MinAtar,CTD/C51,1,2883584.0,116.0
SpaceInvaders-MinAtar,CTD/C51,1,3014656.0,75.0
SpaceInvaders-MinAtar,CTD/C51,1,3145728.0,75.0
SpaceInvaders-MinAtar,CTD/C51,1,3276800.0,75.0
SpaceInvaders-MinAtar,CTD/C51,1,3407872.0,75.0
SpaceInvaders-MinAtar,CTD/C51,1,3538944.0,52.0
SpaceInvaders-MinAtar,CTD/C51,1,3670016.0,52.0
SpaceInvaders-MinAtar,CTD/C51,1,3801088.0,52.0
SpaceInvaders-MinAtar,CTD/C51,1,3932160.0,52.0
SpaceInvaders-MinAtar,CTD/C51,1,4063232.0,126.0
SpaceInvaders-MinAtar,CTD/C51,1,4194304.0,126.0
SpaceInvaders-MinAtar,CTD/C51,1,4325376.0,126.0
SpaceInvaders-MinAtar,CTD/C51,1,4456448.0,126.0
SpaceInvaders-MinAtar,CTD/C51,1,4587520.0,126.0
SpaceInvaders-MinAtar,CTD/C51,1,4718592.0,126.0
SpaceInvaders-MinAtar,CTD/C51,1,4849664.0,126.0
SpaceInvaders-MinAtar,CTD/C51,1,4980736.0,126.0
SpaceInvaders-MinAtar,CTD/C51,1,5111808.0,144.0
SpaceInvaders-MinAtar,CTD/C51,1,5242880.0,144.0
SpaceInvaders-MinAtar,CTD/C51,1,5373952.0,144.0
SpaceInvaders-MinAtar,CTD/C51,1,5505024.0,124.0
SpaceInvaders-MinAtar,CTD/C51,1,5636096.0,124.0
SpaceInvaders-MinAtar,CTD/C51,1,5767168.0,124.0
SpaceInvaders-MinAtar,CTD/C51,1,5898240.0,124.0
SpaceInvaders-MinAtar,CTD/C51,1,6029312.0,141.0
SpaceInvaders-MinAtar,CTD/C51,1,6160384.0,141.0
SpaceInvaders-MinAtar,CTD/C51,1,6291456.0,141.0
SpaceInvaders-MinAtar,CTD/C51,1,6422528.0,141.0
SpaceInvaders-MinAtar,CTD/C51,1,6553600.0,122.0
SpaceInvaders-MinAtar,CTD/C51,1,6684672.0,122.0
SpaceInvaders-MinAtar,CTD/C51,1,6815744.0,122.0
SpaceInvaders-MinAtar,CTD/C51,1,6946816.0,122.0
SpaceInvaders-MinAtar,CTD/C51,1,7077888.0,50.0
SpaceInvaders-MinAtar,CTD/C51,1,7208960.0,50.0
SpaceInvaders-MinAtar,CTD/C51,1,7340032.0,50.0
SpaceInvaders-MinAtar,CTD/C51,1,7471104.0,50.0
SpaceInvaders-MinAtar,CTD/C51,1,7602176.0,140.0
SpaceInvaders-MinAtar,CTD/C51,1,7733248.0,140.0
SpaceInvaders-MinAtar,CTD/C51,1,7864320.0,140.0
SpaceInvaders-MinAtar,CTD/C51,1,7995392.0,145.0
SpaceInvaders-MinAtar,CTD/C51,1,8126464.0,145.0
SpaceInvaders-MinAtar,CTD/C51,1,8257536.0,145.0
SpaceInvaders-MinAtar,CTD/C51,1,8388608.0,145.0
SpaceInvaders-MinAtar,CTD/C51,1,8519680.0,136.0
SpaceInvaders-MinAtar,CTD/C51,1,8650752.0,136.0
SpaceInvaders-MinAtar,CTD/C51,1,8781824.0,136.0
SpaceInvaders-MinAtar,CTD/C51,1,8912896.0,136.0
SpaceInvaders-MinAtar,CTD/C51,1,9043968.0,145.0
SpaceInvaders-MinAtar,CTD/C51,1,9175040.0,145.0
SpaceInvaders-MinAtar,CTD/C51,1,9306112.0,145.0
SpaceInvaders-MinAtar,CTD/C51,1,9437184.0,145.0
SpaceInvaders-MinAtar,CTD/C51,1,9568256.0,147.0
SpaceInvaders-MinAtar,CTD/C51,1,9699328.0,147.0
SpaceInvaders-MinAtar,CTD/C51,1,9830400.0,147.0
SpaceInvaders-MinAtar,CTD/C51,1,9961472.0,147.0
SpaceInvaders-MinAtar,CTD/C51,2,131072.0,0.0
SpaceInvaders-MinAtar,CTD/C51,2,262144.0,0.0
SpaceInvaders-MinAtar,CTD/C51,2,393216.0,0.0
SpaceInvaders-MinAtar,CTD/C51,2,524288.0,26.0
SpaceInvaders-MinAtar,CTD/C51,2,655360.0,26.0
SpaceInvaders-MinAtar,CTD/C51,2,786432.0,26.0
SpaceInvaders-MinAtar,CTD/C51,2,917504.0,26.0
SpaceInvaders-MinAtar,CTD/C51,2,1048576.0,50.0
SpaceInvaders-MinAtar,CTD/C51,2,1179648.0,50.0
SpaceInvaders-MinAtar,CTD/C51,2,1310720.0,50.0
SpaceInvaders-MinAtar,CTD/C51,2,1441792.0,50.0
SpaceInvaders-MinAtar,CTD/C51,2,1572864.0,98.0
SpaceInvaders-MinAtar,CTD/C51,2,1703936.0,98.0
SpaceInvaders-MinAtar,CTD/C51,2,1835008.0,98.0
SpaceInvaders-MinAtar,CTD/C51,2,1966080.0,98.0
SpaceInvaders-MinAtar,CTD/C51,2,2097152.0,25.0
SpaceInvaders-MinAtar,CTD/C51,2,2228224.0,25.0
SpaceInvaders-MinAtar,CTD/C51,2,2359296.0,25.0
SpaceInvaders-MinAtar,CTD/C51,2,2490368.0,25.0
SpaceInvaders-MinAtar,CTD/C51,2,2621440.0,28.0
SpaceInvaders-MinAtar,CTD/C51,2,2752512.0,28.0
SpaceInvaders-MinAtar,CTD/C51,2,2883584.0,28.0
SpaceInvaders-MinAtar,CTD/C51,2,3014656.0,146.0
SpaceInvaders-MinAtar,CTD/C51,2,3145728.0,146.0
SpaceInvaders-MinAtar,CTD/C51,2,3276800.0,146.0
SpaceInvaders-MinAtar,CTD/C51,2,3407872.0,146.0
SpaceInvaders-MinAtar,CTD/C51,2,3538944.0,136.0
SpaceInvaders-MinAtar,CTD/C51,2,3670016.0,136.0
SpaceInvaders-MinAtar,CTD/C51,2,3801088.0,136.0
SpaceInvaders-MinAtar,CTD/C51,2,3932160.0,136.0
SpaceInvaders-MinAtar,CTD/C51,2,4063232.0,121.0
SpaceInvaders-MinAtar,CTD/C51,2,4194304.0,121.0
SpaceInvaders-MinAtar,CTD/C51,2,4325376.0,121.0
SpaceInvaders-MinAtar,CTD/C51,2,4456448.0,121.0
SpaceInvaders-MinAtar,CTD/C51,2,4587520.0,26.0
SpaceInvaders-MinAtar,CTD/C51,2,4718592.0,26.0
SpaceInvaders-MinAtar,CTD/C51,2,4849664.0,26.0
SpaceInvaders-MinAtar,CTD/C51,2,4980736.0,26.0
SpaceInvaders-MinAtar,CTD/C51,2,5111808.0,132.0
SpaceInvaders-MinAtar,CTD/C51,2,5242880.0,132.0
SpaceInvaders-MinAtar,CTD/C51,2,5373952.0,132.0
SpaceInvaders-MinAtar,CTD/C51,2,5505024.0,135.0
SpaceInvaders-MinAtar,CTD/C51,2,5636096.0,135.0
SpaceInvaders-MinAtar,CTD/C51,2,5767168.0,135.0
SpaceInvaders-MinAtar,CTD/C51,2,5898240.0,135.0
SpaceInvaders-MinAtar,CTD/C51,2,6029312.0,142.0
SpaceInvaders-MinAtar,CTD/C51,2,6160384.0,142.0
SpaceInvaders-MinAtar,CTD/C51,2,6291456.0,142.0
SpaceInvaders-MinAtar,CTD/C51,2,6422528.0,142.0
SpaceInvaders-MinAtar,CTD/C51,2,6553600.0,138.0
SpaceInvaders-MinAtar,CTD/C51,2,6684672.0,138.0
SpaceInvaders-MinAtar,CTD/C51,2,6815744.0,138.0
SpaceInvaders-MinAtar,CTD/C51,2,6946816.0,138.0
SpaceInvaders-MinAtar,CTD/C51,2,7077888.0,100.0
SpaceInvaders-MinAtar,CTD/C51,2,7208960.0,100.0
SpaceInvaders-MinAtar,CTD/C51,2,7340032.0,100.0
SpaceInvaders-MinAtar,CTD/C51,2,7471104.0,100.0
SpaceInvaders-MinAtar,CTD/C51,2,7602176.0,26.0
SpaceInvaders-MinAtar,CTD/C51,2,7733248.0,26.0
SpaceInvaders-MinAtar,CTD/C51,2,7864320.0,26.0
SpaceInvaders-MinAtar,CTD/C51,2,7995392.0,143.0
SpaceInvaders-MinAtar,CTD/C51,2,8126464.0,143.0
SpaceInvaders-MinAtar,CTD/C51,2,8257536.0,143.0
SpaceInvaders-MinAtar,CTD/C51,2,8388608.0,143.0
SpaceInvaders-MinAtar,CTD/C51,2,8519680.0,138.0
SpaceInvaders-MinAtar,CTD/C51,2,8650752.0,138.0
SpaceInvaders-MinAtar,CTD/C51,2,8781824.0,138.0
SpaceInvaders-MinAtar,CTD/C51,2,8912896.0,138.0
SpaceInvaders-MinAtar,CTD/C51,2,9043968.0,143.0
SpaceInvaders-MinAtar,CTD/C51,2,9175040.0,143.0
SpaceInvaders-MinAtar,CTD/C51,2,9306112.0,143.0
SpaceInvaders-MinAtar,CTD/C51,2,9437184.0,143.0
SpaceInvaders-MinAtar,CTD/C51,2,9568256.0,154.0
SpaceInvaders-MinAtar,CTD/C51,2,9699328.0,154.0
SpaceInvaders-MinAtar,CTD/C51,2,9830400.0,154.0
SpaceInvaders-MinAtar,CTD/C51,2,9961472.0,154.0
SpaceInvaders-MinAtar,CTD/C51,3,131072.0,0.0
SpaceInvaders-MinAtar,CTD/C51,3,262144.0,0.0
SpaceInvaders-MinAtar,CTD/C51,3,393216.0,0.0
SpaceInvaders-MinAtar,CTD/C51,3,524288.0,20.0
SpaceInvaders-MinAtar,CTD/C51,3,655360.0,20.0
SpaceInvaders-MinAtar,CTD/C51,3,786432.0,20.0
SpaceInvaders-MinAtar,CTD/C51,3,917504.0,20.0
SpaceInvaders-MinAtar,CTD/C51,3,1048576.0,27.0
SpaceInvaders-MinAtar,CTD/C51,3,1179648.0,27.0
SpaceInvaders-MinAtar,CTD/C51,3,1310720.0,27.0
SpaceInvaders-MinAtar,CTD/C51,3,1441792.0,27.0
SpaceInvaders-MinAtar,CTD/C51,3,1572864.0,10.0
SpaceInvaders-MinAtar,CTD/C51,3,1703936.0,10.0
SpaceInvaders-MinAtar,CTD/C51,3,1835008.0,10.0
SpaceInvaders-MinAtar,CTD/C51,3,1966080.0,10.0
SpaceInvaders-MinAtar,CTD/C51,3,2097152.0,123.0
SpaceInvaders-MinAtar,CTD/C51,3,2228224.0,123.0
SpaceInvaders-MinAtar,CTD/C51,3,2359296.0,123.0
SpaceInvaders-MinAtar,CTD/C51,3,2490368.0,123.0
SpaceInvaders-MinAtar,CTD/C51,3,2621440.0,27.0
SpaceInvaders-MinAtar,CTD/C51,3,2752512.0,27.0
SpaceInvaders-MinAtar,CTD/C51,3,2883584.0,27.0
SpaceInvaders-MinAtar,CTD/C51,3,3014656.0,123.0
SpaceInvaders-MinAtar,CTD/C51,3,3145728.0,123.0
SpaceInvaders-MinAtar,CTD/C51,3,3276800.0,123.0
SpaceInvaders-MinAtar,CTD/C51,3,3407872.0,123.0
SpaceInvaders-MinAtar,CTD/C51,3,3538944.0,127.0
SpaceInvaders-MinAtar,CTD/C51,3,3670016.0,127.0
SpaceInvaders-MinAtar,CTD/C51,3,3801088.0,127.0
SpaceInvaders-MinAtar,CTD/C51,3,3932160.0,127.0
SpaceInvaders-MinAtar,CTD/C51,3,4063232.0,127.0
SpaceInvaders-MinAtar,CTD/C51,3,4194304.0,127.0
SpaceInvaders-MinAtar,CTD/C51,3,4325376.0,127.0
SpaceInvaders-MinAtar,CTD/C51,3,4456448.0,127.0
SpaceInvaders-MinAtar,CTD/C51,3,4587520.0,133.0
SpaceInvaders-MinAtar,CTD/C51,3,4718592.0,133.0
SpaceInvaders-MinAtar,CTD/C51,3,4849664.0,133.0
SpaceInvaders-MinAtar,CTD/C51,3,4980736.0,133.0
SpaceInvaders-MinAtar,CTD/C51,3,5111808.0,141.0
SpaceInvaders-MinAtar,CTD/C51,3,5242880.0,141.0
SpaceInvaders-MinAtar,CTD/C51,3,5373952.0,141.0
SpaceInvaders-MinAtar,CTD/C51,3,5505024.0,27.0
SpaceInvaders-MinAtar,CTD/C51,3,5636096.0,27.0
SpaceInvaders-MinAtar,CTD/C51,3,5767168.0,27.0
SpaceInvaders-MinAtar,CTD/C51,3,5898240.0,27.0
SpaceInvaders-MinAtar,CTD/C51,3,6029312.0,128.0
SpaceInvaders-MinAtar,CTD/C51,3,6160384.0,128.0
SpaceInvaders-MinAtar,CTD/C51,3,6291456.0,128.0
SpaceInvaders-MinAtar,CTD/C51,3,6422528.0,128.0
SpaceInvaders-MinAtar,CTD/C51,3,6553600.0,141.0
SpaceInvaders-MinAtar,CTD/C51,3,6684672.0,141.0
SpaceInvaders-MinAtar,CTD/C51,3,6815744.0,141.0
SpaceInvaders-MinAtar,CTD/C51,3,6946816.0,141.0
SpaceInvaders-MinAtar,CTD/C51,3,7077888.0,28.0
SpaceInvaders-MinAtar,CTD/C51,3,7208960.0,28.0
SpaceInvaders-MinAtar,CTD/C51,3,7340032.0,28.0
SpaceInvaders-MinAtar,CTD/C51,3,7471104.0,28.0
SpaceInvaders-MinAtar,CTD/C51,3,7602176.0,125.0
SpaceInvaders-MinAtar,CTD/C51,3,7733248.0,125.0
SpaceInvaders-MinAtar,CTD/C51,3,7864320.0,125.0
SpaceInvaders-MinAtar,CTD/C51,3,7995392.0,147.0
SpaceInvaders-MinAtar,CTD/C51,3,8126464.0,147.0
SpaceInvaders-MinAtar,CTD/C51,3,8257536.0,147.0
SpaceInvaders-MinAtar,CTD/C51,3,8388608.0,147.0
SpaceInvaders-MinAtar,CTD/C51,3,8519680.0,144.0
SpaceInvaders-MinAtar,CTD/C51,3,8650752.0,144.0
SpaceInvaders-MinAtar,CTD/C51,3,8781824.0,144.0
SpaceInvaders-MinAtar,CTD/C51,3,8912896.0,144.0
SpaceInvaders-MinAtar,CTD/C51,3,9043968.0,147.0
SpaceInvaders-MinAtar,CTD/C51,3,9175040.0,147.0
SpaceInvaders-MinAtar,CTD/C51,3,9306112.0,147.0
SpaceInvaders-MinAtar,CTD/C51,3,9437184.0,147.0
SpaceInvaders-MinAtar,CTD/C51,3,9568256.0,124.0
SpaceInvaders-MinAtar,CTD/C51,3,9699328.0,124.0
SpaceInvaders-MinAtar,CTD/C51,3,9830400.0,124.0
SpaceInvaders-MinAtar,CTD/C51,3,9961472.0,124.0
SpaceInvaders-MinAtar,CTD/C51,4,131072.0,0.0
SpaceInvaders-MinAtar,CTD/C51,4,262144.0,0.0
SpaceInvaders-MinAtar,CTD/C51,4,393216.0,0.0
SpaceInvaders-MinAtar,CTD/C51,4,524288.0,26.0
SpaceInvaders-MinAtar,CTD/C51,4,655360.0,26.0
SpaceInvaders-MinAtar,CTD/C51,4,786432.0,26.0
SpaceInvaders-MinAtar,CTD/C51,4,917504.0,26.0
SpaceInvaders-MinAtar,CTD/C51,4,1048576.0,50.0
SpaceInvaders-MinAtar,CTD/C51,4,1179648.0,50.0
SpaceInvaders-MinAtar,CTD/C51,4,1310720.0,50.0
SpaceInvaders-MinAtar,CTD/C51,4,1441792.0,50.0
SpaceInvaders-MinAtar,CTD/C51,4,1572864.0,50.0
SpaceInvaders-MinAtar,CTD/C51,4,1703936.0,50.0
SpaceInvaders-MinAtar,CTD/C51,4,1835008.0,50.0
SpaceInvaders-MinAtar,CTD/C51,4,1966080.0,50.0
SpaceInvaders-MinAtar,CTD/C51,4,2097152.0,126.0
SpaceInvaders-MinAtar,CTD/C51,4,2228224.0,126.0
SpaceInvaders-MinAtar,CTD/C51,4,2359296.0,126.0
SpaceInvaders-MinAtar,CTD/C51,4,2490368.0,126.0
SpaceInvaders-MinAtar,CTD/C51,4,2621440.0,118.0
SpaceInvaders-MinAtar,CTD/C51,4,2752512.0,118.0
SpaceInvaders-MinAtar,CTD/C51,4,2883584.0,118.0
SpaceInvaders-MinAtar,CTD/C51,4,3014656.0,122.0
SpaceInvaders-MinAtar,CTD/C51,4,3145728.0,122.0
SpaceInvaders-MinAtar,CTD/C51,4,3276800.0,122.0
SpaceInvaders-MinAtar,CTD/C51,4,3407872.0,122.0
SpaceInvaders-MinAtar,CTD/C51,4,3538944.0,143.0
SpaceInvaders-MinAtar,CTD/C51,4,3670016.0,143.0
SpaceInvaders-MinAtar,CTD/C51,4,3801088.0,143.0
SpaceInvaders-MinAtar,CTD/C51,4,3932160.0,143.0
SpaceInvaders-MinAtar,CTD/C51,4,4063232.0,53.0
SpaceInvaders-MinAtar,CTD/C51,4,4194304.0,53.0
SpaceInvaders-MinAtar,CTD/C51,4,4325376.0,53.0
SpaceInvaders-MinAtar,CTD/C51,4,4456448.0,53.0
SpaceInvaders-MinAtar,CTD/C51,4,4587520.0,124.0
SpaceInvaders-MinAtar,CTD/C51,4,4718592.0,124.0
SpaceInvaders-MinAtar,CTD/C51,4,4849664.0,124.0
SpaceInvaders-MinAtar,CTD/C51,4,4980736.0,124.0
SpaceInvaders-MinAtar,CTD/C51,4,5111808.0,146.0
SpaceInvaders-MinAtar,CTD/C51,4,5242880.0,146.0
SpaceInvaders-MinAtar,CTD/C51,4,5373952.0,146.0
SpaceInvaders-MinAtar,CTD/C51,4,5505024.0,133.0
SpaceInvaders-MinAtar,CTD/C51,4,5636096.0,133.0
SpaceInvaders-MinAtar,CTD/C51,4,5767168.0,133.0
SpaceInvaders-MinAtar,CTD/C51,4,5898240.0,133.0
SpaceInvaders-MinAtar,CTD/C51,4,6029312.0,97.0
SpaceInvaders-MinAtar,CTD/C51,4,6160384.0,97.0
SpaceInvaders-MinAtar,CTD/C51,4,6291456.0,97.0
SpaceInvaders-MinAtar,CTD/C51,4,6422528.0,97.0
SpaceInvaders-MinAtar,CTD/C51,4,6553600.0,76.0
SpaceInvaders-MinAtar,CTD/C51,4,6684672.0,76.0
SpaceInvaders-MinAtar,CTD/C51,4,6815744.0,76.0
SpaceInvaders-MinAtar,CTD/C51,4,6946816.0,76.0
SpaceInvaders-MinAtar,CTD/C51,4,7077888.0,145.0
SpaceInvaders-MinAtar,CTD/C51,4,7208960.0,145.0
SpaceInvaders-MinAtar,CTD/C51,4,7340032.0,145.0
SpaceInvaders-MinAtar,CTD/C51,4,7471104.0,145.0
SpaceInvaders-MinAtar,CTD/C51,4,7602176.0,146.0
SpaceInvaders-MinAtar,CTD/C51,4,7733248.0,146.0
SpaceInvaders-MinAtar,CTD/C51,4,7864320.0,146.0
SpaceInvaders-MinAtar,CTD/C51,4,7995392.0,138.0
SpaceInvaders-MinAtar,CTD/C51,4,8126464.0,138.0
SpaceInvaders-MinAtar,CTD/C51,4,8257536.0,138.0
SpaceInvaders-MinAtar,CTD/C51,4,8388608.0,138.0
SpaceInvaders-MinAtar,CTD/C51,4,8519680.0,139.0
SpaceInvaders-MinAtar,CTD/C51,4,8650752.0,139.0
SpaceInvaders-MinAtar,CTD/C51,4,8781824.0,139.0
SpaceInvaders-MinAtar,CTD/C51,4,8912896.0,139.0
SpaceInvaders-MinAtar,CTD/C51,4,9043968.0,143.0
SpaceInvaders-MinAtar,CTD/C51,4,9175040.0,143.0
SpaceInvaders-MinAtar,CTD/C51,4,9306112.0,143.0
SpaceInvaders-MinAtar,CTD/C51,4,9437184.0,143.0
SpaceInvaders-MinAtar,CTD/C51,4,9568256.0,146.0
SpaceInvaders-MinAtar,CTD/C51,4,9699328.0,146.0
SpaceInvaders-MinAtar,CTD/C51,4,9830400.0,146.0
SpaceInvaders-MinAtar,CTD/C51,4,9961472.0,146.0
SpaceInvaders-MinAtar,CTD/C51,5,131072.0,0.0
SpaceInvaders-MinAtar,CTD/C51,5,262144.0,0.0
SpaceInvaders-MinAtar,CTD/C51,5,393216.0,0.0
SpaceInvaders-MinAtar,CTD/C51,5,524288.0,23.0
SpaceInvaders-MinAtar,CTD/C51,5,655360.0,23.0
SpaceInvaders-MinAtar,CTD/C51,5,786432.0,23.0
SpaceInvaders-MinAtar,CTD/C51,5,917504.0,23.0
SpaceInvaders-MinAtar,CTD/C51,5,1048576.0,25.0
SpaceInvaders-MinAtar,CTD/C51,5,1179648.0,25.0
SpaceInvaders-MinAtar,CTD/C51,5,1310720.0,25.0
SpaceInvaders-MinAtar,CTD/C51,5,1441792.0,25.0
SpaceInvaders-MinAtar,CTD/C51,5,1572864.0,123.0
SpaceInvaders-MinAtar,CTD/C51,5,1703936.0,123.0
SpaceInvaders-MinAtar,CTD/C51,5,1835008.0,123.0
SpaceInvaders-MinAtar,CTD/C51,5,1966080.0,123.0
SpaceInvaders-MinAtar,CTD/C51,5,2097152.0,122.0
SpaceInvaders-MinAtar,CTD/C51,5,2228224.0,122.0
SpaceInvaders-MinAtar,CTD/C51,5,2359296.0,122.0
SpaceInvaders-MinAtar,CTD/C51,5,2490368.0,122.0
SpaceInvaders-MinAtar,CTD/C51,5,2621440.0,26.0
SpaceInvaders-MinAtar,CTD/C51,5,2752512.0,26.0
SpaceInvaders-MinAtar,CTD/C51,5,2883584.0,26.0
SpaceInvaders-MinAtar,CTD/C51,5,3014656.0,51.0
SpaceInvaders-MinAtar,CTD/C51,5,3145728.0,51.0
SpaceInvaders-MinAtar,CTD/C51,5,3276800.0,51.0
SpaceInvaders-MinAtar,CTD/C51,5,3407872.0,51.0
SpaceInvaders-MinAtar,CTD/C51,5,3538944.0,75.0
SpaceInvaders-MinAtar,CTD/C51,5,3670016.0,75.0
SpaceInvaders-MinAtar,CTD/C51,5,3801088.0,75.0
SpaceInvaders-MinAtar,CTD/C51,5,3932160.0,75.0
SpaceInvaders-MinAtar,CTD/C51,5,4063232.0,98.0
SpaceInvaders-MinAtar,CTD/C51,5,4194304.0,98.0
SpaceInvaders-MinAtar,CTD/C51,5,4325376.0,98.0
SpaceInvaders-MinAtar,CTD/C51,5,4456448.0,98.0
SpaceInvaders-MinAtar,CTD/C51,5,4587520.0,127.0
SpaceInvaders-MinAtar,CTD/C51,5,4718592.0,127.0
SpaceInvaders-MinAtar,CTD/C51,5,4849664.0,127.0
SpaceInvaders-MinAtar,CTD/C51,5,4980736.0,127.0
SpaceInvaders-MinAtar,CTD/C51,5,5111808.0,145.0
SpaceInvaders-MinAtar,CTD/C51,5,5242880.0,145.0
SpaceInvaders-MinAtar,CTD/C51,5,5373952.0,145.0
SpaceInvaders-MinAtar,CTD/C51,5,5505024.0,125.0
SpaceInvaders-MinAtar,CTD/C51,5,5636096.0,125.0
SpaceInvaders-MinAtar,CTD/C51,5,5767168.0,125.0
SpaceInvaders-MinAtar,CTD/C51,5,5898240.0,125.0
SpaceInvaders-MinAtar,CTD/C51,5,6029312.0,141.0
SpaceInvaders-MinAtar,CTD/C51,5,6160384.0,141.0
SpaceInvaders-MinAtar,CTD/C51,5,6291456.0,141.0
SpaceInvaders-MinAtar,CTD/C51,5,6422528.0,141.0
SpaceInvaders-MinAtar,CTD/C51,5,6553600.0,139.0
SpaceInvaders-MinAtar,CTD/C51,5,6684672.0,139.0
SpaceInvaders-MinAtar,CTD/C51,5,6815744.0,139.0
SpaceInvaders-MinAtar,CTD/C51,5,6946816.0,139.0
SpaceInvaders-MinAtar,CTD/C51,5,7077888.0,145.0
SpaceInvaders-MinAtar,CTD/C51,5,7208960.0,145.0
SpaceInvaders-MinAtar,CTD/C51,5,7340032.0,145.0
SpaceInvaders-MinAtar,CTD/C51,5,7471104.0,145.0
SpaceInvaders-MinAtar,CTD/C51,5,7602176.0,27.0
SpaceInvaders-MinAtar,CTD/C51,5,7733248.0,27.0
SpaceInvaders-MinAtar,CTD/C51,5,7864320.0,27.0
SpaceInvaders-MinAtar,CTD/C51,5,7995392.0,147.0
SpaceInvaders-MinAtar,CTD/C51,5,8126464.0,147.0
SpaceInvaders-MinAtar,CTD/C51,5,8257536.0,147.0
SpaceInvaders-MinAtar,CTD/C51,5,8388608.0,147.0
SpaceInvaders-MinAtar,CTD/C51,5,8519680.0,145.0
SpaceInvaders-MinAtar,CTD/C51,5,8650752.0,145.0
SpaceInvaders-MinAtar,CTD/C51,5,8781824.0,145.0
SpaceInvaders-MinAtar,CTD/C51,5,8912896.0,145.0
SpaceInvaders-MinAtar,CTD/C51,5,9043968.0,145.0
SpaceInvaders-MinAtar,CTD/C51,5,9175040.0,145.0
SpaceInvaders-MinAtar,CTD/C51,5,9306112.0,145.0
SpaceInvaders-MinAtar,CTD/C51,5,9437184.0,145.0
SpaceInvaders-MinAtar,CTD/C51,5,9568256.0,145.0
SpaceInvaders-MinAtar,CTD/C51,5,9699328.0,145.0
SpaceInvaders-MinAtar,CTD/C51,5,9830400.0,145.0
SpaceInvaders-MinAtar,CTD/C51,5,9961472.0,145.0
SpaceInvaders-MinAtar,IQN,1,131072.0,0.0
SpaceInvaders-MinAtar,IQN,1,262144.0,0.0
SpaceInvaders-MinAtar,IQN,1,393216.0,0.0
SpaceInvaders-MinAtar,IQN,1,524288.0,27.0
SpaceInvaders-MinAtar,IQN,1,655360.0,27.0
SpaceInvaders-MinAtar,IQN,1,786432.0,27.0
SpaceInvaders-MinAtar,IQN,1,917504.0,27.0
SpaceInvaders-MinAtar,IQN,1,1048576.0,25.0
SpaceInvaders-MinAtar,IQN,1,1179648.0,25.0
SpaceInvaders-MinAtar,IQN,1,1310720.0,25.0
SpaceInvaders-MinAtar,IQN,1,1441792.0,25.0
SpaceInvaders-MinAtar,IQN,1,1572864.0,50.0
SpaceInvaders-MinAtar,IQN,1,1703936.0,50.0
SpaceInvaders-MinAtar,IQN,1,1835008.0,50.0
SpaceInvaders-MinAtar,IQN,1,1966080.0,50.0
SpaceInvaders-MinAtar,IQN,1,2097152.0,134.0
SpaceInvaders-MinAtar,IQN,1,2228224.0,134.0
SpaceInvaders-MinAtar,IQN,1,2359296.0,134.0
SpaceInvaders-MinAtar,IQN,1,2490368.0,134.0
SpaceInvaders-MinAtar,IQN,1,2621440.0,26.0
SpaceInvaders-MinAtar,IQN,1,2752512.0,26.0
SpaceInvaders-MinAtar,IQN,1,2883584.0,26.0
SpaceInvaders-MinAtar,IQN,1,3014656.0,76.0
SpaceInvaders-MinAtar,IQN,1,3145728.0,76.0
SpaceInvaders-MinAtar,IQN,1,3276800.0,76.0
SpaceInvaders-MinAtar,IQN,1,3407872.0,76.0
SpaceInvaders-MinAtar,IQN,1,3538944.0,122.0
SpaceInvaders-MinAtar,IQN,1,3670016.0,122.0
SpaceInvaders-MinAtar,IQN,1,3801088.0,122.0
SpaceInvaders-MinAtar,IQN,1,3932160.0,122.0
SpaceInvaders-MinAtar,IQN,1,4063232.0,98.0
SpaceInvaders-MinAtar,IQN,1,4194304.0,98.0
SpaceInvaders-MinAtar,IQN,1,4325376.0,98.0
SpaceInvaders-MinAtar,IQN,1,4456448.0,98.0
SpaceInvaders-MinAtar,IQN,1,4587520.0,75.0
SpaceInvaders-MinAtar,IQN,1,4718592.0,75.0
SpaceInvaders-MinAtar,IQN,1,4849664.0,75.0
SpaceInvaders-MinAtar,IQN,1,4980736.0,75.0
SpaceInvaders-MinAtar,IQN,1,5111808.0,148.0
SpaceInvaders-MinAtar,IQN,1,5242880.0,148.0
SpaceInvaders-MinAtar,IQN,1,5373952.0,148.0
SpaceInvaders-MinAtar,IQN,1,5505024.0,144.0
SpaceInvaders-MinAtar,IQN,1,5636096.0,144.0
SpaceInvaders-MinAtar,IQN,1,5767168.0,144.0
SpaceInvaders-MinAtar,IQN,1,5898240.0,144.0
SpaceInvaders-MinAtar,IQN,1,6029312.0,161.0
SpaceInvaders-MinAtar,IQN,1,6160384.0,161.0
SpaceInvaders-MinAtar,IQN,1,6291456.0,161.0
SpaceInvaders-MinAtar,IQN,1,6422528.0,161.0
SpaceInvaders-MinAtar,IQN,1,6553600.0,155.0
SpaceInvaders-MinAtar,IQN,1,6684672.0,155.0
SpaceInvaders-MinAtar,IQN,1,6815744.0,155.0
SpaceInvaders-MinAtar,IQN,1,6946816.0,155.0
SpaceInvaders-MinAtar,IQN,1,7077888.0,148.0
SpaceInvaders-MinAtar,IQN,1,7208960.0,148.0
SpaceInvaders-MinAtar,IQN,1,7340032.0,148.0
SpaceInvaders-MinAtar,IQN,1,7471104.0,148.0
SpaceInvaders-MinAtar,IQN,1,7602176.0,146.0
SpaceInvaders-MinAtar,IQN,1,7733248.0,146.0
SpaceInvaders-MinAtar,IQN,1,7864320.0,146.0
SpaceInvaders-MinAtar,IQN,1,7995392.0,149.0
SpaceInvaders-MinAtar,IQN,1,8126464.0,149.0
SpaceInvaders-MinAtar,IQN,1,8257536.0,149.0
SpaceInvaders-MinAtar,IQN,1,8388608.0,149.0
SpaceInvaders-MinAtar,IQN,1,8519680.0,157.0
SpaceInvaders-MinAtar,IQN,1,8650752.0,157.0
SpaceInvaders-MinAtar,IQN,1,8781824.0,157.0
SpaceInvaders-MinAtar,IQN,1,8912896.0,157.0
SpaceInvaders-MinAtar,IQN,1,9043968.0,153.0
SpaceInvaders-MinAtar,IQN,1,9175040.0,153.0
SpaceInvaders-MinAtar,IQN,1,9306112.0,153.0
SpaceInvaders-MinAtar,IQN,1,9437184.0,153.0
SpaceInvaders-MinAtar,IQN,1,9568256.0,152.0
SpaceInvaders-MinAtar,IQN,1,9699328.0,152.0
SpaceInvaders-MinAtar,IQN,1,9830400.0,152.0
SpaceInvaders-MinAtar,IQN,1,9961472.0,152.0
SpaceInvaders-MinAtar,IQN,2,131072.0,0.0
SpaceInvaders-MinAtar,IQN,2,262144.0,0.0
SpaceInvaders-MinAtar,IQN,2,393216.0,0.0
SpaceInvaders-MinAtar,IQN,2,524288.0,25.0
SpaceInvaders-MinAtar,IQN,2,655360.0,25.0
SpaceInvaders-MinAtar,IQN,2,786432.0,25.0
SpaceInvaders-MinAtar,IQN,2,917504.0,25.0
SpaceInvaders-MinAtar,IQN,2,1048576.0,28.0
SpaceInvaders-MinAtar,IQN,2,1179648.0,28.0
SpaceInvaders-MinAtar,IQN,2,1310720.0,28.0
SpaceInvaders-MinAtar,IQN,2,1441792.0,28.0
SpaceInvaders-MinAtar,IQN,2,1572864.0,106.0
SpaceInvaders-MinAtar,IQN,2,1703936.0,106.0
SpaceInvaders-MinAtar,IQN,2,1835008.0,106.0
SpaceInvaders-MinAtar,IQN,2,1966080.0,106.0
SpaceInvaders-MinAtar,IQN,2,2097152.0,18.0
SpaceInvaders-MinAtar,IQN,2,2228224.0,18.0
SpaceInvaders-MinAtar,IQN,2,2359296.0,18.0
SpaceInvaders-MinAtar,IQN,2,2490368.0,18.0
SpaceInvaders-MinAtar,IQN,2,2621440.0,121.0
SpaceInvaders-MinAtar,IQN,2,2752512.0,121.0
SpaceInvaders-MinAtar,IQN,2,2883584.0,121.0
SpaceInvaders-MinAtar,IQN,2,3014656.0,138.0
SpaceInvaders-MinAtar,IQN,2,3145728.0,138.0
SpaceInvaders-MinAtar,IQN,2,3276800.0,138.0
SpaceInvaders-MinAtar,IQN,2,3407872.0,138.0
SpaceInvaders-MinAtar,IQN,2,3538944.0,99.0
SpaceInvaders-MinAtar,IQN,2,3670016.0,99.0
SpaceInvaders-MinAtar,IQN,2,3801088.0,99.0
SpaceInvaders-MinAtar,IQN,2,3932160.0,99.0
SpaceInvaders-MinAtar,IQN,2,4063232.0,134.0
SpaceInvaders-MinAtar,IQN,2,4194304.0,134.0
SpaceInvaders-MinAtar,IQN,2,4325376.0,134.0
SpaceInvaders-MinAtar,IQN,2,4456448.0,134.0
SpaceInvaders-MinAtar,IQN,2,4587520.0,143.0
SpaceInvaders-MinAtar,IQN,2,4718592.0,143.0
SpaceInvaders-MinAtar,IQN,2,4849664.0,143.0
SpaceInvaders-MinAtar,IQN,2,4980736.0,143.0
SpaceInvaders-MinAtar,IQN,2,5111808.0,145.0
SpaceInvaders-MinAtar,IQN,2,5242880.0,145.0
SpaceInvaders-MinAtar,IQN,2,5373952.0,145.0
SpaceInvaders-MinAtar,IQN,2,5505024.0,122.0
SpaceInvaders-MinAtar,IQN,2,5636096.0,122.0
SpaceInvaders-MinAtar,IQN,2,5767168.0,122.0
SpaceInvaders-MinAtar,IQN,2,5898240.0,122.0
SpaceInvaders-MinAtar,IQN,2,6029312.0,28.0
SpaceInvaders-MinAtar,IQN,2,6160384.0,28.0
SpaceInvaders-MinAtar,IQN,2,6291456.0,28.0
SpaceInvaders-MinAtar,IQN,2,6422528.0,28.0
SpaceInvaders-MinAtar,IQN,2,6553600.0,160.0
SpaceInvaders-MinAtar,IQN,2,6684672.0,160.0
SpaceInvaders-MinAtar,IQN,2,6815744.0,160.0
SpaceInvaders-MinAtar,IQN,2,6946816.0,160.0
SpaceInvaders-MinAtar,IQN,2,7077888.0,157.0
SpaceInvaders-MinAtar,IQN,2,7208960.0,157.0
SpaceInvaders-MinAtar,IQN,2,7340032.0,157.0
SpaceInvaders-MinAtar,IQN,2,7471104.0,157.0
SpaceInvaders-MinAtar,IQN,2,7602176.0,151.0
SpaceInvaders-MinAtar,IQN,2,7733248.0,151.0
SpaceInvaders-MinAtar,IQN,2,7864320.0,151.0
SpaceInvaders-MinAtar,IQN,2,7995392.0,156.0
SpaceInvaders-MinAtar,IQN,2,8126464.0,156.0
SpaceInvaders-MinAtar,IQN,2,8257536.0,156.0
SpaceInvaders-MinAtar,IQN,2,8388608.0,156.0
SpaceInvaders-MinAtar,IQN,2,8519680.0,160.0
SpaceInvaders-MinAtar,IQN,2,8650752.0,160.0
SpaceInvaders-MinAtar,IQN,2,8781824.0,160.0
SpaceInvaders-MinAtar,IQN,2,8912896.0,160.0
SpaceInvaders-MinAtar,IQN,2,9043968.0,159.0
SpaceInvaders-MinAtar,IQN,2,9175040.0,159.0
SpaceInvaders-MinAtar,IQN,2,9306112.0,159.0
SpaceInvaders-MinAtar,IQN,2,9437184.0,159.0
SpaceInvaders-MinAtar,IQN,2,9568256.0,155.0
SpaceInvaders-MinAtar,IQN,2,9699328.0,155.0
SpaceInvaders-MinAtar,IQN,2,9830400.0,155.0
SpaceInvaders-MinAtar,IQN,2,9961472.0,155.0
SpaceInvaders-MinAtar,IQN,3,131072.0,0.0
SpaceInvaders-MinAtar,IQN,3,262144.0,0.0
SpaceInvaders-MinAtar,IQN,3,393216.0,0.0
SpaceInvaders-MinAtar,IQN,3,524288.0,51.0
SpaceInvaders-MinAtar,IQN,3,655360.0,51.0
SpaceInvaders-MinAtar,IQN,3,786432.0,51.0
SpaceInvaders-MinAtar,IQN,3,917504.0,51.0
SpaceInvaders-MinAtar,IQN,3,1048576.0,6.0
SpaceInvaders-MinAtar,IQN,3,1179648.0,6.0
SpaceInvaders-MinAtar,IQN,3,1310720.0,6.0
SpaceInvaders-MinAtar,IQN,3,1441792.0,6.0
SpaceInvaders-MinAtar,IQN,3,1572864.0,3.0
SpaceInvaders-MinAtar,IQN,3,1703936.0,3.0
SpaceInvaders-MinAtar,IQN,3,1835008.0,3.0
SpaceInvaders-MinAtar,IQN,3,1966080.0,3.0
SpaceInvaders-MinAtar,IQN,3,2097152.0,51.0
SpaceInvaders-MinAtar,IQN,3,2228224.0,51.0
SpaceInvaders-MinAtar,IQN,3,2359296.0,51.0
SpaceInvaders-MinAtar,IQN,3,2490368.0,51.0
SpaceInvaders-MinAtar,IQN,3,2621440.0,27.0
SpaceInvaders-MinAtar,IQN,3,2752512.0,27.0
SpaceInvaders-MinAtar,IQN,3,2883584.0,27.0
SpaceInvaders-MinAtar,IQN,3,3014656.0,99.0
SpaceInvaders-MinAtar,IQN,3,3145728.0,99.0
SpaceInvaders-MinAtar,IQN,3,3276800.0,99.0
SpaceInvaders-MinAtar,IQN,3,3407872.0,99.0
SpaceInvaders-MinAtar,IQN,3,3538944.0,124.0
SpaceInvaders-MinAtar,IQN,3,3670016.0,124.0
SpaceInvaders-MinAtar,IQN,3,3801088.0,124.0
SpaceInvaders-MinAtar,IQN,3,3932160.0,124.0
SpaceInvaders-MinAtar,IQN,3,4063232.0,143.0
SpaceInvaders-MinAtar,IQN,3,4194304.0,143.0
SpaceInvaders-MinAtar,IQN,3,4325376.0,143.0
SpaceInvaders-MinAtar,IQN,3,4456448.0,143.0
SpaceInvaders-MinAtar,IQN,3,4587520.0,143.0
SpaceInvaders-MinAtar,IQN,3,4718592.0,143.0
SpaceInvaders-MinAtar,IQN,3,4849664.0,143.0
SpaceInvaders-MinAtar,IQN,3,4980736.0,143.0
SpaceInvaders-MinAtar,IQN,3,5111808.0,148.0
SpaceInvaders-MinAtar,IQN,3,5242880.0,148.0
SpaceInvaders-MinAtar,IQN,3,5373952.0,148.0
SpaceInvaders-MinAtar,IQN,3,5505024.0,148.0
SpaceInvaders-MinAtar,IQN,3,5636096.0,148.0
SpaceInvaders-MinAtar,IQN,3,5767168.0,148.0
SpaceInvaders-MinAtar,IQN,3,5898240.0,148.0
SpaceInvaders-MinAtar,IQN,3,6029312.0,141.0
SpaceInvaders-MinAtar,IQN,3,6160384.0,141.0
SpaceInvaders-MinAtar,IQN,3,6291456.0,141.0
SpaceInvaders-MinAtar,IQN,3,6422528.0,141.0
SpaceInvaders-MinAtar,IQN,3,6553600.0,156.0
SpaceInvaders-MinAtar,IQN,3,6684672.0,156.0
SpaceInvaders-MinAtar,IQN,3,6815744.0,156.0
SpaceInvaders-MinAtar,IQN,3,6946816.0,156.0
SpaceInvaders-MinAtar,IQN,3,7077888.0,157.0
SpaceInvaders-MinAtar,IQN,3,7208960.0,157.0
SpaceInvaders-MinAtar,IQN,3,7340032.0,157.0
SpaceInvaders-MinAtar,IQN,3,7471104.0,157.0
SpaceInvaders-MinAtar,IQN,3,7602176.0,154.0
SpaceInvaders-MinAtar,IQN,3,7733248.0,154.0
SpaceInvaders-MinAtar,IQN,3,7864320.0,154.0
SpaceInvaders-MinAtar,IQN,3,7995392.0,153.0
SpaceInvaders-MinAtar,IQN,3,8126464.0,153.0
SpaceInvaders-MinAtar,IQN,3,8257536.0,153.0
SpaceInvaders-MinAtar,IQN,3,8388608.0,153.0
SpaceInvaders-MinAtar,IQN,3,8519680.0,151.0
SpaceInvaders-MinAtar,IQN,3,8650752.0,151.0
SpaceInvaders-MinAtar,IQN,3,8781824.0,151.0
SpaceInvaders-MinAtar,IQN,3,8912896.0,151.0
SpaceInvaders-MinAtar,IQN,3,9043968.0,158.0
SpaceInvaders-MinAtar,IQN,3,9175040.0,158.0
SpaceInvaders-MinAtar,IQN,3,9306112.0,158.0
SpaceInvaders-MinAtar,IQN,3,9437184.0,158.0
SpaceInvaders-MinAtar,IQN,3,9568256.0,161.0
SpaceInvaders-MinAtar,IQN,3,9699328.0,161.0
SpaceInvaders-MinAtar,IQN,3,9830400.0,161.0
SpaceInvaders-MinAtar,IQN,3,9961472.0,161.0
SpaceInvaders-MinAtar,IQN,4,131072.0,0.0
SpaceInvaders-MinAtar,IQN,4,262144.0,0.0
SpaceInvaders-MinAtar,IQN,4,393216.0,0.0
SpaceInvaders-MinAtar,IQN,4,524288.0,51.0
SpaceInvaders-MinAtar,IQN,4,655360.0,51.0
SpaceInvaders-MinAtar,IQN,4,786432.0,51.0
SpaceInvaders-MinAtar,IQN,4,917504.0,51.0
SpaceInvaders-MinAtar,IQN,4,1048576.0,27.0
SpaceInvaders-MinAtar,IQN,4,1179648.0,27.0
SpaceInvaders-MinAtar,IQN,4,1310720.0,27.0
SpaceInvaders-MinAtar,IQN,4,1441792.0,27.0
SpaceInvaders-MinAtar,IQN,4,1572864.0,124.0
SpaceInvaders-MinAtar,IQN,4,1703936.0,124.0
SpaceInvaders-MinAtar,IQN,4,1835008.0,124.0
SpaceInvaders-MinAtar,IQN,4,1966080.0,124.0
SpaceInvaders-MinAtar,IQN,4,2097152.0,74.0
SpaceInvaders-MinAtar,IQN,4,2228224.0,74.0
SpaceInvaders-MinAtar,IQN,4,2359296.0,74.0
SpaceInvaders-MinAtar,IQN,4,2490368.0,74.0
SpaceInvaders-MinAtar,IQN,4,2621440.0,145.0
SpaceInvaders-MinAtar,IQN,4,2752512.0,145.0
SpaceInvaders-MinAtar,IQN,4,2883584.0,145.0
SpaceInvaders-MinAtar,IQN,4,3014656.0,144.0
SpaceInvaders-MinAtar,IQN,4,3145728.0,144.0
SpaceInvaders-MinAtar,IQN,4,3276800.0,144.0
SpaceInvaders-MinAtar,IQN,4,3407872.0,144.0
SpaceInvaders-MinAtar,IQN,4,3538944.0,122.0
SpaceInvaders-MinAtar,IQN,4,3670016.0,122.0
SpaceInvaders-MinAtar,IQN,4,3801088.0,122.0
SpaceInvaders-MinAtar,IQN,4,3932160.0,122.0
SpaceInvaders-MinAtar,IQN,4,4063232.0,148.0
SpaceInvaders-MinAtar,IQN,4,4194304.0,148.0
SpaceInvaders-MinAtar,IQN,4,4325376.0,148.0
SpaceInvaders-MinAtar,IQN,4,4456448.0,148.0
SpaceInvaders-MinAtar,IQN,4,4587520.0,138.0
SpaceInvaders-MinAtar,IQN,4,4718592.0,138.0
SpaceInvaders-MinAtar,IQN,4,4849664.0,138.0
SpaceInvaders-MinAtar,IQN,4,4980736.0,138.0
SpaceInvaders-MinAtar,IQN,4,5111808.0,130.0
SpaceInvaders-MinAtar,IQN,4,5242880.0,130.0
SpaceInvaders-MinAtar,IQN,4,5373952.0,130.0
SpaceInvaders-MinAtar,IQN,4,5505024.0,124.0
SpaceInvaders-MinAtar,IQN,4,5636096.0,124.0
SpaceInvaders-MinAtar,IQN,4,5767168.0,124.0
SpaceInvaders-MinAtar,IQN,4,5898240.0,124.0
SpaceInvaders-MinAtar,IQN,4,6029312.0,157.0
SpaceInvaders-MinAtar,IQN,4,6160384.0,157.0
SpaceInvaders-MinAtar,IQN,4,6291456.0,157.0
SpaceInvaders-MinAtar,IQN,4,6422528.0,157.0
SpaceInvaders-MinAtar,IQN,4,6553600.0,145.0
SpaceInvaders-MinAtar,IQN,4,6684672.0,145.0
SpaceInvaders-MinAtar,IQN,4,6815744.0,145.0
SpaceInvaders-MinAtar,IQN,4,6946816.0,145.0
SpaceInvaders-MinAtar,IQN,4,7077888.0,150.0
SpaceInvaders-MinAtar,IQN,4,7208960.0,150.0
SpaceInvaders-MinAtar,IQN,4,7340032.0,150.0
SpaceInvaders-MinAtar,IQN,4,7471104.0,150.0
SpaceInvaders-MinAtar,IQN,4,7602176.0,149.0
SpaceInvaders-MinAtar,IQN,4,7733248.0,149.0
SpaceInvaders-MinAtar,IQN,4,7864320.0,149.0
SpaceInvaders-MinAtar,IQN,4,7995392.0,145.0
SpaceInvaders-MinAtar,IQN,4,8126464.0,145.0
SpaceInvaders-MinAtar,IQN,4,8257536.0,145.0
SpaceInvaders-MinAtar,IQN,4,8388608.0,145.0
SpaceInvaders-MinAtar,IQN,4,8519680.0,154.0
SpaceInvaders-MinAtar,IQN,4,8650752.0,154.0
SpaceInvaders-MinAtar,IQN,4,8781824.0,154.0
SpaceInvaders-MinAtar,IQN,4,8912896.0,154.0
SpaceInvaders-MinAtar,IQN,4,9043968.0,153.0
SpaceInvaders-MinAtar,IQN,4,9175040.0,153.0
SpaceInvaders-MinAtar,IQN,4,9306112.0,153.0
SpaceInvaders-MinAtar,IQN,4,9437184.0,153.0
SpaceInvaders-MinAtar,IQN,4,9568256.0,154.0
SpaceInvaders-MinAtar,IQN,4,9699328.0,154.0
SpaceInvaders-MinAtar,IQN,4,9830400.0,154.0
SpaceInvaders-MinAtar,IQN,4,9961472.0,154.0
SpaceInvaders-MinAtar,IQN,5,131072.0,0.0
SpaceInvaders-MinAtar,IQN,5,262144.0,0.0
SpaceInvaders-MinAtar,IQN,5,393216.0,0.0
SpaceInvaders-MinAtar,IQN,5,524288.0,25.0
SpaceInvaders-MinAtar,IQN,5,655360.0,25.0
SpaceInvaders-MinAtar,IQN,5,786432.0,25.0
SpaceInvaders-MinAtar,IQN,5,917504.0,25.0
SpaceInvaders-MinAtar,IQN,5,1048576.0,51.0
SpaceInvaders-MinAtar,IQN,5,1179648.0,51.0
SpaceInvaders-MinAtar,IQN,5,1310720.0,51.0
SpaceInvaders-MinAtar,IQN,5,1441792.0,51.0
SpaceInvaders-MinAtar,IQN,5,1572864.0,1.0
SpaceInvaders-MinAtar,IQN,5,1703936.0,1.0
SpaceInvaders-MinAtar,IQN,5,1835008.0,1.0
SpaceInvaders-MinAtar,IQN,5,1966080.0,1.0
SpaceInvaders-MinAtar,IQN,5,2097152.0,75.0
SpaceInvaders-MinAtar,IQN,5,2228224.0,75.0
SpaceInvaders-MinAtar,IQN,5,2359296.0,75.0
SpaceInvaders-MinAtar,IQN,5,2490368.0,75.0
SpaceInvaders-MinAtar,IQN,5,2621440.0,128.0
SpaceInvaders-MinAtar,IQN,5,2752512.0,128.0
SpaceInvaders-MinAtar,IQN,5,2883584.0,128.0
SpaceInvaders-MinAtar,IQN,5,3014656.0,142.0
SpaceInvaders-MinAtar,IQN,5,3145728.0,142.0
SpaceInvaders-MinAtar,IQN,5,3276800.0,142.0
SpaceInvaders-MinAtar,IQN,5,3407872.0,142.0
SpaceInvaders-MinAtar,IQN,5,3538944.0,139.0
SpaceInvaders-MinAtar,IQN,5,3670016.0,139.0
SpaceInvaders-MinAtar,IQN,5,3801088.0,139.0
SpaceInvaders-MinAtar,IQN,5,3932160.0,139.0
SpaceInvaders-MinAtar,IQN,5,4063232.0,26.0
SpaceInvaders-MinAtar,IQN,5,4194304.0,26.0
SpaceInvaders-MinAtar,IQN,5,4325376.0,26.0
SpaceInvaders-MinAtar,IQN,5,4456448.0,26.0
SpaceInvaders-MinAtar,IQN,5,4587520.0,143.0
SpaceInvaders-MinAtar,IQN,5,4718592.0,143.0
SpaceInvaders-MinAtar,IQN,5,4849664.0,143.0
SpaceInvaders-MinAtar,IQN,5,4980736.0,143.0
SpaceInvaders-MinAtar,IQN,5,5111808.0,139.0
SpaceInvaders-MinAtar,IQN,5,5242880.0,139.0
SpaceInvaders-MinAtar,IQN,5,5373952.0,139.0
SpaceInvaders-MinAtar,IQN,5,5505024.0,146.0
SpaceInvaders-MinAtar,IQN,5,5636096.0,146.0
SpaceInvaders-MinAtar,IQN,5,5767168.0,146.0
SpaceInvaders-MinAtar,IQN,5,5898240.0,146.0
SpaceInvaders-MinAtar,IQN,5,6029312.0,148.0
SpaceInvaders-MinAtar,IQN,5,6160384.0,148.0
SpaceInvaders-MinAtar,IQN,5,6291456.0,148.0
SpaceInvaders-MinAtar,IQN,5,6422528.0,148.0
SpaceInvaders-MinAtar,IQN,5,6553600.0,147.0
SpaceInvaders-MinAtar,IQN,5,6684672.0,147.0
SpaceInvaders-MinAtar,IQN,5,6815744.0,147.0
SpaceInvaders-MinAtar,IQN,5,6946816.0,147.0
SpaceInvaders-MinAtar,IQN,5,7077888.0,138.0
SpaceInvaders-MinAtar,IQN,5,7208960.0,138.0
SpaceInvaders-MinAtar,IQN,5,7340032.0,138.0
SpaceInvaders-MinAtar,IQN,5,7471104.0,138.0
SpaceInvaders-MinAtar,IQN,5,7602176.0,146.0
SpaceInvaders-MinAtar,IQN,5,7733248.0,146.0
SpaceInvaders-MinAtar,IQN,5,7864320.0,146.0
SpaceInvaders-MinAtar,IQN,5,7995392.0,148.0
SpaceInvaders-MinAtar,IQN,5,8126464.0,148.0
SpaceInvaders-MinAtar,IQN,5,8257536.0,148.0
SpaceInvaders-MinAtar,IQN,5,8388608.0,148.0
SpaceInvaders-MinAtar,IQN,5,8519680.0,145.0
SpaceInvaders-MinAtar,IQN,5,8650752.0,145.0
SpaceInvaders-MinAtar,IQN,5,8781824.0,145.0
SpaceInvaders-MinAtar,IQN,5,8912896.0,145.0
SpaceInvaders-MinAtar,IQN,5,9043968.0,152.0
SpaceInvaders-MinAtar,IQN,5,9175040.0,152.0
SpaceInvaders-MinAtar,IQN,5,9306112.0,152.0
SpaceInvaders-MinAtar,IQN,5,9437184.0,152.0
SpaceInvaders-MinAtar,IQN,5,9568256.0,142.0
SpaceInvaders-MinAtar,IQN,5,9699328.0,142.0
SpaceInvaders-MinAtar,IQN,5,9830400.0,142.0
SpaceInvaders-MinAtar,IQN,5,9961472.0,142.0
SpaceInvaders-MinAtar,QTD/QR-DQN,1,131072.0,0.0
SpaceInvaders-MinAtar,QTD/QR-DQN,1,262144.0,0.0
SpaceInvaders-MinAtar,QTD/QR-DQN,1,393216.0,0.0
SpaceInvaders-MinAtar,QTD/QR-DQN,1,524288.0,23.0
SpaceInvaders-MinAtar,QTD/QR-DQN,1,655360.0,23.0
SpaceInvaders-MinAtar,QTD/QR-DQN,1,786432.0,23.0
SpaceInvaders-MinAtar,QTD/QR-DQN,1,917504.0,23.0
SpaceInvaders-MinAtar,QTD/QR-DQN,1,1048576.0,51.0
SpaceInvaders-MinAtar,QTD/QR-DQN,1,1179648.0,51.0
SpaceInvaders-MinAtar,QTD/QR-DQN,1,1310720.0,51.0
SpaceInvaders-MinAtar,QTD/QR-DQN,1,1441792.0,51.0
SpaceInvaders-MinAtar,QTD/QR-DQN,1,1572864.0,24.0
SpaceInvaders-MinAtar,QTD/QR-DQN,1,1703936.0,24.0
SpaceInvaders-MinAtar,QTD/QR-DQN,1,1835008.0,24.0
SpaceInvaders-MinAtar,QTD/QR-DQN,1,1966080.0,24.0
SpaceInvaders-MinAtar,QTD/QR-DQN,1,2097152.0,27.0
SpaceInvaders-MinAtar,QTD/QR-DQN,1,2228224.0,27.0
SpaceInvaders-MinAtar,QTD/QR-DQN,1,2359296.0,27.0
SpaceInvaders-MinAtar,QTD/QR-DQN,1,2490368.0,27.0
SpaceInvaders-MinAtar,QTD/QR-DQN,1,2621440.0,140.0
SpaceInvaders-MinAtar,QTD/QR-DQN,1,2752512.0,140.0
SpaceInvaders-MinAtar,QTD/QR-DQN,1,2883584.0,140.0
SpaceInvaders-MinAtar,QTD/QR-DQN,1,3014656.0,145.0
SpaceInvaders-MinAtar,QTD/QR-DQN,1,3145728.0,145.0
SpaceInvaders-MinAtar,QTD/QR-DQN,1,3276800.0,145.0
SpaceInvaders-MinAtar,QTD/QR-DQN,1,3407872.0,145.0
SpaceInvaders-MinAtar,QTD/QR-DQN,1,3538944.0,100.0
SpaceInvaders-MinAtar,QTD/QR-DQN,1,3670016.0,100.0
SpaceInvaders-MinAtar,QTD/QR-DQN,1,3801088.0,100.0
SpaceInvaders-MinAtar,QTD/QR-DQN,1,3932160.0,100.0
SpaceInvaders-MinAtar,QTD/QR-DQN,1,4063232.0,146.0
SpaceInvaders-MinAtar,QTD/QR-DQN,1,4194304.0,146.0
SpaceInvaders-MinAtar,QTD/QR-DQN,1,4325376.0,146.0
SpaceInvaders-MinAtar,QTD/QR-DQN,1,4456448.0,146.0
SpaceInvaders-MinAtar,QTD/QR-DQN,1,4587520.0,150.0
SpaceInvaders-MinAtar,QTD/QR-DQN,1,4718592.0,150.0
SpaceInvaders-MinAtar,QTD/QR-DQN,1,4849664.0,150.0
SpaceInvaders-MinAtar,QTD/QR-DQN,1,4980736.0,150.0
SpaceInvaders-MinAtar,QTD/QR-DQN,1,5111808.0,142.0
SpaceInvaders-MinAtar,QTD/QR-DQN,1,5242880.0,142.0
SpaceInvaders-MinAtar,QTD/QR-DQN,1,5373952.0,142.0
SpaceInvaders-MinAtar,QTD/QR-DQN,1,5505024.0,146.0
SpaceInvaders-MinAtar,QTD/QR-DQN,1,5636096.0,146.0
SpaceInvaders-MinAtar,QTD/QR-DQN,1,5767168.0,146.0
SpaceInvaders-MinAtar,QTD/QR-DQN,1,5898240.0,146.0
SpaceInvaders-MinAtar,QTD/QR-DQN,1,6029312.0,150.0
SpaceInvaders-MinAtar,QTD/QR-DQN,1,6160384.0,150.0
SpaceInvaders-MinAtar,QTD/QR-DQN,1,6291456.0,150.0
SpaceInvaders-MinAtar,QTD/QR-DQN,1,6422528.0,150.0
SpaceInvaders-MinAtar,QTD/QR-DQN,1,6553600.0,143.0
SpaceInvaders-MinAtar,QTD/QR-DQN,1,6684672.0,143.0
SpaceInvaders-MinAtar,QTD/QR-DQN,1,6815744.0,143.0
SpaceInvaders-MinAtar,QTD/QR-DQN,1,6946816.0,143.0
SpaceInvaders-MinAtar,QTD/QR-DQN,1,7077888.0,161.0
SpaceInvaders-MinAtar,QTD/QR-DQN,1,7208960.0,161.0
SpaceInvaders-MinAtar,QTD/QR-DQN,1,7340032.0,161.0
SpaceInvaders-MinAtar,QTD/QR-DQN,1,7471104.0,161.0
SpaceInvaders-MinAtar,QTD/QR-DQN,1,7602176.0,151.0
SpaceInvaders-MinAtar,QTD/QR-DQN,1,7733248.0,151.0
SpaceInvaders-MinAtar,QTD/QR-DQN,1,7864320.0,151.0
SpaceInvaders-MinAtar,QTD/QR-DQN,1,7995392.0,153.0
SpaceInvaders-MinAtar,QTD/QR-DQN,1,8126464.0,153.0
SpaceInvaders-MinAtar,QTD/QR-DQN,1,8257536.0,153.0
SpaceInvaders-MinAtar,QTD/QR-DQN,1,8388608.0,153.0
SpaceInvaders-MinAtar,QTD/QR-DQN,1,8519680.0,149.0
SpaceInvaders-MinAtar,QTD/QR-DQN,1,8650752.0,149.0
SpaceInvaders-MinAtar,QTD/QR-DQN,1,8781824.0,149.0
SpaceInvaders-MinAtar,QTD/QR-DQN,1,8912896.0,149.0
SpaceInvaders-MinAtar,QTD/QR-DQN,1,9043968.0,169.0
SpaceInvaders-MinAtar,QTD/QR-DQN,1,9175040.0,169.0
SpaceInvaders-MinAtar,QTD/QR-DQN,1,9306112.0,169.0
SpaceInvaders-MinAtar,QTD/QR-DQN,1,9437184.0,169.0
SpaceInvaders-MinAtar,QTD/QR-DQN,1,9568256.0,161.0
SpaceInvaders-MinAtar,QTD/QR-DQN,1,9699328.0,161.0
SpaceInvaders-MinAtar,QTD/QR-DQN,1,9830400.0,161.0
SpaceInvaders-MinAtar,QTD/QR-DQN,1,9961472.0,161.0
SpaceInvaders-MinAtar,QTD/QR-DQN,2,131072.0,0.0
SpaceInvaders-MinAtar,QTD/QR-DQN,2,262144.0,0.0
SpaceInvaders-MinAtar,QTD/QR-DQN,2,393216.0,0.0
SpaceInvaders-MinAtar,QTD/QR-DQN,2,524288.0,75.0
SpaceInvaders-MinAtar,QTD/QR-DQN,2,655360.0,75.0
SpaceInvaders-MinAtar,QTD/QR-DQN,2,786432.0,75.0
SpaceInvaders-MinAtar,QTD/QR-DQN,2,917504.0,75.0
SpaceInvaders-MinAtar,QTD/QR-DQN,2,1048576.0,22.0
SpaceInvaders-MinAtar,QTD/QR-DQN,2,1179648.0,22.0
SpaceInvaders-MinAtar,QTD/QR-DQN,2,1310720.0,22.0
SpaceInvaders-MinAtar,QTD/QR-DQN,2,1441792.0,22.0
SpaceInvaders-MinAtar,QTD/QR-DQN,2,1572864.0,26.0
SpaceInvaders-MinAtar,QTD/QR-DQN,2,1703936.0,26.0
SpaceInvaders-MinAtar,QTD/QR-DQN,2,1835008.0,26.0
SpaceInvaders-MinAtar,QTD/QR-DQN,2,1966080.0,26.0
SpaceInvaders-MinAtar,QTD/QR-DQN,2,2097152.0,50.0
SpaceInvaders-MinAtar,QTD/QR-DQN,2,2228224.0,50.0
SpaceInvaders-MinAtar,QTD/QR-DQN,2,2359296.0,50.0
SpaceInvaders-MinAtar,QTD/QR-DQN,2,2490368.0,50.0
SpaceInvaders-MinAtar,QTD/QR-DQN,2,2621440.0,75.0
SpaceInvaders-MinAtar,QTD/QR-DQN,2,2752512.0,75.0
SpaceInvaders-MinAtar,QTD/QR-DQN,2,2883584.0,75.0
SpaceInvaders-MinAtar,QTD/QR-DQN,2,3014656.0,126.0
SpaceInvaders-MinAtar,QTD/QR-DQN,2,3145728.0,126.0
SpaceInvaders-MinAtar,QTD/QR-DQN,2,3276800.0,126.0
SpaceInvaders-MinAtar,QTD/QR-DQN,2,3407872.0,126.0
SpaceInvaders-MinAtar,QTD/QR-DQN,2,3538944.0,145.0
SpaceInvaders-MinAtar,QTD/QR-DQN,2,3670016.0,145.0
SpaceInvaders-MinAtar,QTD/QR-DQN,2,3801088.0,145.0
SpaceInvaders-MinAtar,QTD/QR-DQN,2,3932160.0,145.0
SpaceInvaders-MinAtar,QTD/QR-DQN,2,4063232.0,153.0
SpaceInvaders-MinAtar,QTD/QR-DQN,2,4194304.0,153.0
SpaceInvaders-MinAtar,QTD/QR-DQN,2,4325376.0,153.0
SpaceInvaders-MinAtar,QTD/QR-DQN,2,4456448.0,153.0
SpaceInvaders-MinAtar,QTD/QR-DQN,2,4587520.0,139.0
SpaceInvaders-MinAtar,QTD/QR-DQN,2,4718592.0,139.0
SpaceInvaders-MinAtar,QTD/QR-DQN,2,4849664.0,139.0
SpaceInvaders-MinAtar,QTD/QR-DQN,2,4980736.0,139.0
SpaceInvaders-MinAtar,QTD/QR-DQN,2,5111808.0,147.0
SpaceInvaders-MinAtar,QTD/QR-DQN,2,5242880.0,147.0
SpaceInvaders-MinAtar,QTD/QR-DQN,2,5373952.0,147.0
SpaceInvaders-MinAtar,QTD/QR-DQN,2,5505024.0,75.0
SpaceInvaders-MinAtar,QTD/QR-DQN,2,5636096.0,75.0
SpaceInvaders-MinAtar,QTD/QR-DQN,2,5767168.0,75.0
SpaceInvaders-MinAtar,QTD/QR-DQN,2,5898240.0,75.0
SpaceInvaders-MinAtar,QTD/QR-DQN,2,6029312.0,150.0
SpaceInvaders-MinAtar,QTD/QR-DQN,2,6160384.0,150.0
SpaceInvaders-MinAtar,QTD/QR-DQN,2,6291456.0,150.0
SpaceInvaders-MinAtar,QTD/QR-DQN,2,6422528.0,150.0
SpaceInvaders-MinAtar,QTD/QR-DQN,2,6553600.0,51.0
SpaceInvaders-MinAtar,QTD/QR-DQN,2,6684672.0,51.0
SpaceInvaders-MinAtar,QTD/QR-DQN,2,6815744.0,51.0
SpaceInvaders-MinAtar,QTD/QR-DQN,2,6946816.0,51.0
SpaceInvaders-MinAtar,QTD/QR-DQN,2,7077888.0,149.0
SpaceInvaders-MinAtar,QTD/QR-DQN,2,7208960.0,149.0
SpaceInvaders-MinAtar,QTD/QR-DQN,2,7340032.0,149.0
SpaceInvaders-MinAtar,QTD/QR-DQN,2,7471104.0,149.0
SpaceInvaders-MinAtar,QTD/QR-DQN,2,7602176.0,156.0
SpaceInvaders-MinAtar,QTD/QR-DQN,2,7733248.0,156.0
SpaceInvaders-MinAtar,QTD/QR-DQN,2,7864320.0,156.0
SpaceInvaders-MinAtar,QTD/QR-DQN,2,7995392.0,152.0
SpaceInvaders-MinAtar,QTD/QR-DQN,2,8126464.0,152.0
SpaceInvaders-MinAtar,QTD/QR-DQN,2,8257536.0,152.0
SpaceInvaders-MinAtar,QTD/QR-DQN,2,8388608.0,152.0
SpaceInvaders-MinAtar,QTD/QR-DQN,2,8519680.0,163.0
SpaceInvaders-MinAtar,QTD/QR-DQN,2,8650752.0,163.0
SpaceInvaders-MinAtar,QTD/QR-DQN,2,8781824.0,163.0
SpaceInvaders-MinAtar,QTD/QR-DQN,2,8912896.0,163.0
SpaceInvaders-MinAtar,QTD/QR-DQN,2,9043968.0,159.0
SpaceInvaders-MinAtar,QTD/QR-DQN,2,9175040.0,159.0
SpaceInvaders-MinAtar,QTD/QR-DQN,2,9306112.0,159.0
SpaceInvaders-MinAtar,QTD/QR-DQN,2,9437184.0,159.0
SpaceInvaders-MinAtar,QTD/QR-DQN,2,9568256.0,160.0
SpaceInvaders-MinAtar,QTD/QR-DQN,2,9699328.0,160.0
SpaceInvaders-MinAtar,QTD/QR-DQN,2,9830400.0,160.0
SpaceInvaders-MinAtar,QTD/QR-DQN,2,9961472.0,160.0
SpaceInvaders-MinAtar,QTD/QR-DQN,3,131072.0,0.0
SpaceInvaders-MinAtar,QTD/QR-DQN,3,262144.0,0.0
SpaceInvaders-MinAtar,QTD/QR-DQN,3,393216.0,0.0
SpaceInvaders-MinAtar,QTD/QR-DQN,3,524288.0,27.0
SpaceInvaders-MinAtar,QTD/QR-DQN,3,655360.0,27.0
SpaceInvaders-MinAtar,QTD/QR-DQN,3,786432.0,27.0
SpaceInvaders-MinAtar,QTD/QR-DQN,3,917504.0,27.0
SpaceInvaders-MinAtar,QTD/QR-DQN,3,1048576.0,26.0
SpaceInvaders-MinAtar,QTD/QR-DQN,3,1179648.0,26.0
SpaceInvaders-MinAtar,QTD/QR-DQN,3,1310720.0,26.0
SpaceInvaders-MinAtar,QTD/QR-DQN,3,1441792.0,26.0
SpaceInvaders-MinAtar,QTD/QR-DQN,3,1572864.0,123.0
SpaceInvaders-MinAtar,QTD/QR-DQN,3,1703936.0,123.0
SpaceInvaders-MinAtar,QTD/QR-DQN,3,1835008.0,123.0
SpaceInvaders-MinAtar,QTD/QR-DQN,3,1966080.0,123.0
SpaceInvaders-MinAtar,QTD/QR-DQN,3,2097152.0,23.0
SpaceInvaders-MinAtar,QTD/QR-DQN,3,2228224.0,23.0
SpaceInvaders-MinAtar,QTD/QR-DQN,3,2359296.0,23.0
SpaceInvaders-MinAtar,QTD/QR-DQN,3,2490368.0,23.0
SpaceInvaders-MinAtar,QTD/QR-DQN,3,2621440.0,130.0
SpaceInvaders-MinAtar,QTD/QR-DQN,3,2752512.0,130.0
SpaceInvaders-MinAtar,QTD/QR-DQN,3,2883584.0,130.0
SpaceInvaders-MinAtar,QTD/QR-DQN,3,3014656.0,75.0
SpaceInvaders-MinAtar,QTD/QR-DQN,3,3145728.0,75.0
SpaceInvaders-MinAtar,QTD/QR-DQN,3,3276800.0,75.0
SpaceInvaders-MinAtar,QTD/QR-DQN,3,3407872.0,75.0
SpaceInvaders-MinAtar,QTD/QR-DQN,3,3538944.0,142.0
SpaceInvaders-MinAtar,QTD/QR-DQN,3,3670016.0,142.0
SpaceInvaders-MinAtar,QTD/QR-DQN,3,3801088.0,142.0
SpaceInvaders-MinAtar,QTD/QR-DQN,3,3932160.0,142.0
SpaceInvaders-MinAtar,QTD/QR-DQN,3,4063232.0,147.0
SpaceInvaders-MinAtar,QTD/QR-DQN,3,4194304.0,147.0
SpaceInvaders-MinAtar,QTD/QR-DQN,3,4325376.0,147.0
SpaceInvaders-MinAtar,QTD/QR-DQN,3,4456448.0,147.0
SpaceInvaders-MinAtar,QTD/QR-DQN,3,4587520.0,142.0
SpaceInvaders-MinAtar,QTD/QR-DQN,3,4718592.0,142.0
SpaceInvaders-MinAtar,QTD/QR-DQN,3,4849664.0,142.0
SpaceInvaders-MinAtar,QTD/QR-DQN,3,4980736.0,142.0
SpaceInvaders-MinAtar,QTD/QR-DQN,3,5111808.0,144.0
SpaceInvaders-MinAtar,QTD/QR-DQN,3,5242880.0,144.0
SpaceInvaders-MinAtar,QTD/QR-DQN,3,5373952.0,144.0
SpaceInvaders-MinAtar,QTD/QR-DQN,3,5505024.0,149.0
SpaceInvaders-MinAtar,QTD/QR-DQN,3,5636096.0,149.0
SpaceInvaders-MinAtar,QTD/QR-DQN,3,5767168.0,149.0
SpaceInvaders-MinAtar,QTD/QR-DQN,3,5898240.0,149.0
SpaceInvaders-MinAtar,QTD/QR-DQN,3,6029312.0,148.0
SpaceInvaders-MinAtar,QTD/QR-DQN,3,6160384.0,148.0
SpaceInvaders-MinAtar,QTD/QR-DQN,3,6291456.0,148.0
SpaceInvaders-MinAtar,QTD/QR-DQN,3,6422528.0,148.0
SpaceInvaders-MinAtar,QTD/QR-DQN,3,6553600.0,144.0
SpaceInvaders-MinAtar,QTD/QR-DQN,3,6684672.0,144.0
SpaceInvaders-MinAtar,QTD/QR-DQN,3,6815744.0,144.0
SpaceInvaders-MinAtar,QTD/QR-DQN,3,6946816.0,144.0
SpaceInvaders-MinAtar,QTD/QR-DQN,3,7077888.0,168.0
SpaceInvaders-MinAtar,QTD/QR-DQN,3,7208960.0,168.0
SpaceInvaders-MinAtar,QTD/QR-DQN,3,7340032.0,168.0
SpaceInvaders-MinAtar,QTD/QR-DQN,3,7471104.0,168.0
SpaceInvaders-MinAtar,QTD/QR-DQN,3,7602176.0,147.0
SpaceInvaders-MinAtar,QTD/QR-DQN,3,7733248.0,147.0
SpaceInvaders-MinAtar,QTD/QR-DQN,3,7864320.0,147.0
SpaceInvaders-MinAtar,QTD/QR-DQN,3,7995392.0,163.0
SpaceInvaders-MinAtar,QTD/QR-DQN,3,8126464.0,163.0
SpaceInvaders-MinAtar,QTD/QR-DQN,3,8257536.0,163.0
SpaceInvaders-MinAtar,QTD/QR-DQN,3,8388608.0,163.0
SpaceInvaders-MinAtar,QTD/QR-DQN,3,8519680.0,52.0
SpaceInvaders-MinAtar,QTD/QR-DQN,3,8650752.0,52.0
SpaceInvaders-MinAtar,QTD/QR-DQN,3,8781824.0,52.0
SpaceInvaders-MinAtar,QTD/QR-DQN,3,8912896.0,52.0
SpaceInvaders-MinAtar,QTD/QR-DQN,3,9043968.0,164.0
SpaceInvaders-MinAtar,QTD/QR-DQN,3,9175040.0,164.0
SpaceInvaders-MinAtar,QTD/QR-DQN,3,9306112.0,164.0
SpaceInvaders-MinAtar,QTD/QR-DQN,3,9437184.0,164.0
SpaceInvaders-MinAtar,QTD/QR-DQN,3,9568256.0,144.0
SpaceInvaders-MinAtar,QTD/QR-DQN,3,9699328.0,144.0
SpaceInvaders-MinAtar,QTD/QR-DQN,3,9830400.0,144.0
SpaceInvaders-MinAtar,QTD/QR-DQN,3,9961472.0,144.0
SpaceInvaders-MinAtar,QTD/QR-DQN,4,131072.0,0.0
SpaceInvaders-MinAtar,QTD/QR-DQN,4,262144.0,0.0
SpaceInvaders-MinAtar,QTD/QR-DQN,4,393216.0,0.0
SpaceInvaders-MinAtar,QTD/QR-DQN,4,524288.0,50.0
SpaceInvaders-MinAtar,QTD/QR-DQN,4,655360.0,50.0
SpaceInvaders-MinAtar,QTD/QR-DQN,4,786432.0,50.0
SpaceInvaders-MinAtar,QTD/QR-DQN,4,917504.0,50.0
SpaceInvaders-MinAtar,QTD/QR-DQN,4,1048576.0,15.0
SpaceInvaders-MinAtar,QTD/QR-DQN,4,1179648.0,15.0
SpaceInvaders-MinAtar,QTD/QR-DQN,4,1310720.0,15.0
SpaceInvaders-MinAtar,QTD/QR-DQN,4,1441792.0,15.0
SpaceInvaders-MinAtar,QTD/QR-DQN,4,1572864.0,76.0
SpaceInvaders-MinAtar,QTD/QR-DQN,4,1703936.0,76.0
SpaceInvaders-MinAtar,QTD/QR-DQN,4,1835008.0,76.0
SpaceInvaders-MinAtar,QTD/QR-DQN,4,1966080.0,76.0
SpaceInvaders-MinAtar,QTD/QR-DQN,4,2097152.0,99.0
SpaceInvaders-MinAtar,QTD/QR-DQN,4,2228224.0,99.0
SpaceInvaders-MinAtar,QTD/QR-DQN,4,2359296.0,99.0
SpaceInvaders-MinAtar,QTD/QR-DQN,4,2490368.0,99.0
SpaceInvaders-MinAtar,QTD/QR-DQN,4,2621440.0,123.0
SpaceInvaders-MinAtar,QTD/QR-DQN,4,2752512.0,123.0
SpaceInvaders-MinAtar,QTD/QR-DQN,4,2883584.0,123.0
SpaceInvaders-MinAtar,QTD/QR-DQN,4,3014656.0,140.0
SpaceInvaders-MinAtar,QTD/QR-DQN,4,3145728.0,140.0
SpaceInvaders-MinAtar,QTD/QR-DQN,4,3276800.0,140.0
SpaceInvaders-MinAtar,QTD/QR-DQN,4,3407872.0,140.0
SpaceInvaders-MinAtar,QTD/QR-DQN,4,3538944.0,139.0
SpaceInvaders-MinAtar,QTD/QR-DQN,4,3670016.0,139.0
SpaceInvaders-MinAtar,QTD/QR-DQN,4,3801088.0,139.0
SpaceInvaders-MinAtar,QTD/QR-DQN,4,3932160.0,139.0
SpaceInvaders-MinAtar,QTD/QR-DQN,4,4063232.0,139.0
SpaceInvaders-MinAtar,QTD/QR-DQN,4,4194304.0,139.0
SpaceInvaders-MinAtar,QTD/QR-DQN,4,4325376.0,139.0
SpaceInvaders-MinAtar,QTD/QR-DQN,4,4456448.0,139.0
SpaceInvaders-MinAtar,QTD/QR-DQN,4,4587520.0,142.0
SpaceInvaders-MinAtar,QTD/QR-DQN,4,4718592.0,142.0
SpaceInvaders-MinAtar,QTD/QR-DQN,4,4849664.0,142.0
SpaceInvaders-MinAtar,QTD/QR-DQN,4,4980736.0,142.0
SpaceInvaders-MinAtar,QTD/QR-DQN,4,5111808.0,154.0
SpaceInvaders-MinAtar,QTD/QR-DQN,4,5242880.0,154.0
SpaceInvaders-MinAtar,QTD/QR-DQN,4,5373952.0,154.0
SpaceInvaders-MinAtar,QTD/QR-DQN,4,5505024.0,146.0
SpaceInvaders-MinAtar,QTD/QR-DQN,4,5636096.0,146.0
SpaceInvaders-MinAtar,QTD/QR-DQN,4,5767168.0,146.0
SpaceInvaders-MinAtar,QTD/QR-DQN,4,5898240.0,146.0
SpaceInvaders-MinAtar,QTD/QR-DQN,4,6029312.0,98.0
SpaceInvaders-MinAtar,QTD/QR-DQN,4,6160384.0,98.0
SpaceInvaders-MinAtar,QTD/QR-DQN,4,6291456.0,98.0
SpaceInvaders-MinAtar,QTD/QR-DQN,4,6422528.0,98.0
SpaceInvaders-MinAtar,QTD/QR-DQN,4,6553600.0,157.0
SpaceInvaders-MinAtar,QTD/QR-DQN,4,6684672.0,157.0
SpaceInvaders-MinAtar,QTD/QR-DQN,4,6815744.0,157.0
SpaceInvaders-MinAtar,QTD/QR-DQN,4,6946816.0,157.0
SpaceInvaders-MinAtar,QTD/QR-DQN,4,7077888.0,152.0
SpaceInvaders-MinAtar,QTD/QR-DQN,4,7208960.0,152.0
SpaceInvaders-MinAtar,QTD/QR-DQN,4,7340032.0,152.0
SpaceInvaders-MinAtar,QTD/QR-DQN,4,7471104.0,152.0
SpaceInvaders-MinAtar,QTD/QR-DQN,4,7602176.0,158.0
SpaceInvaders-MinAtar,QTD/QR-DQN,4,7733248.0,158.0
SpaceInvaders-MinAtar,QTD/QR-DQN,4,7864320.0,158.0
SpaceInvaders-MinAtar,QTD/QR-DQN,4,7995392.0,158.0
SpaceInvaders-MinAtar,QTD/QR-DQN,4,8126464.0,158.0
SpaceInvaders-MinAtar,QTD/QR-DQN,4,8257536.0,158.0
SpaceInvaders-MinAtar,QTD/QR-DQN,4,8388608.0,158.0
SpaceInvaders-MinAtar,QTD/QR-DQN,4,8519680.0,153.0
SpaceInvaders-MinAtar,QTD/QR-DQN,4,8650752.0,153.0
SpaceInvaders-MinAtar,QTD/QR-DQN,4,8781824.0,153.0
SpaceInvaders-MinAtar,QTD/QR-DQN,4,8912896.0,153.0
SpaceInvaders-MinAtar,QTD/QR-DQN,4,9043968.0,165.0
SpaceInvaders-MinAtar,QTD/QR-DQN,4,9175040.0,165.0
SpaceInvaders-MinAtar,QTD/QR-DQN,4,9306112.0,165.0
SpaceInvaders-MinAtar,QTD/QR-DQN,4,9437184.0,165.0
SpaceInvaders-MinAtar,QTD/QR-DQN,4,9568256.0,166.0
SpaceInvaders-MinAtar,QTD/QR-DQN,4,9699328.0,166.0
SpaceInvaders-MinAtar,QTD/QR-DQN,4,9830400.0,166.0
SpaceInvaders-MinAtar,QTD/QR-DQN,4,9961472.0,166.0
SpaceInvaders-MinAtar,QTD/QR-DQN,5,131072.0,0.0
SpaceInvaders-MinAtar,QTD/QR-DQN,5,262144.0,0.0
SpaceInvaders-MinAtar,QTD/QR-DQN,5,393216.0,0.0
SpaceInvaders-MinAtar,QTD/QR-DQN,5,524288.0,26.0
SpaceInvaders-MinAtar,QTD/QR-DQN,5,655360.0,26.0
SpaceInvaders-MinAtar,QTD/QR-DQN,5,786432.0,26.0
SpaceInvaders-MinAtar,QTD/QR-DQN,5,917504.0,26.0
SpaceInvaders-MinAtar,QTD/QR-DQN,5,1048576.0,23.0
SpaceInvaders-MinAtar,QTD/QR-DQN,5,1179648.0,23.0
SpaceInvaders-MinAtar,QTD/QR-DQN,5,1310720.0,23.0
SpaceInvaders-MinAtar,QTD/QR-DQN,5,1441792.0,23.0
SpaceInvaders-MinAtar,QTD/QR-DQN,5,1572864.0,27.0
SpaceInvaders-MinAtar,QTD/QR-DQN,5,1703936.0,27.0
SpaceInvaders-MinAtar,QTD/QR-DQN,5,1835008.0,27.0
SpaceInvaders-MinAtar,QTD/QR-DQN,5,1966080.0,27.0
SpaceInvaders-MinAtar,QTD/QR-DQN,5,2097152.0,75.0
SpaceInvaders-MinAtar,QTD/QR-DQN,5,2228224.0,75.0
SpaceInvaders-MinAtar,QTD/QR-DQN,5,2359296.0,75.0
SpaceInvaders-MinAtar,QTD/QR-DQN,5,2490368.0,75.0
SpaceInvaders-MinAtar,QTD/QR-DQN,5,2621440.0,25.0
SpaceInvaders-MinAtar,QTD/QR-DQN,5,2752512.0,25.0
SpaceInvaders-MinAtar,QTD/QR-DQN,5,2883584.0,25.0
SpaceInvaders-MinAtar,QTD/QR-DQN,5,3014656.0,143.0
SpaceInvaders-MinAtar,QTD/QR-DQN,5,3145728.0,143.0
SpaceInvaders-MinAtar,QTD/QR-DQN,5,3276800.0,143.0
SpaceInvaders-MinAtar,QTD/QR-DQN,5,3407872.0,143.0
SpaceInvaders-MinAtar,QTD/QR-DQN,5,3538944.0,147.0
SpaceInvaders-MinAtar,QTD/QR-DQN,5,3670016.0,147.0
SpaceInvaders-MinAtar,QTD/QR-DQN,5,3801088.0,147.0
SpaceInvaders-MinAtar,QTD/QR-DQN,5,3932160.0,147.0
SpaceInvaders-MinAtar,QTD/QR-DQN,5,4063232.0,143.0
SpaceInvaders-MinAtar,QTD/QR-DQN,5,4194304.0,143.0
SpaceInvaders-MinAtar,QTD/QR-DQN,5,4325376.0,143.0
SpaceInvaders-MinAtar,QTD/QR-DQN,5,4456448.0,143.0
SpaceInvaders-MinAtar,QTD/QR-DQN,5,4587520.0,145.0
SpaceInvaders-MinAtar,QTD/QR-DQN,5,4718592.0,145.0
SpaceInvaders-MinAtar,QTD/QR-DQN,5,4849664.0,145.0
SpaceInvaders-MinAtar,QTD/QR-DQN,5,4980736.0,145.0
SpaceInvaders-MinAtar,QTD/QR-DQN,5,5111808.0,150.0
SpaceInvaders-MinAtar,QTD/QR-DQN,5,5242880.0,150.0
SpaceInvaders-MinAtar,QTD/QR-DQN,5,5373952.0,150.0
SpaceInvaders-MinAtar,QTD/QR-DQN,5,5505024.0,148.0
SpaceInvaders-MinAtar,QTD/QR-DQN,5,5636096.0,148.0
SpaceInvaders-MinAtar,QTD/QR-DQN,5,5767168.0,148.0
SpaceInvaders-MinAtar,QTD/QR-DQN,5,5898240.0,148.0
SpaceInvaders-MinAtar,QTD/QR-DQN,5,6029312.0,157.0
SpaceInvaders-MinAtar,QTD/QR-DQN,5,6160384.0,157.0
SpaceInvaders-MinAtar,QTD/QR-DQN,5,6291456.0,157.0
SpaceInvaders-MinAtar,QTD/QR-DQN,5,6422528.0,157.0
SpaceInvaders-MinAtar,QTD/QR-DQN,5,6553600.0,156.0
SpaceInvaders-MinAtar,QTD/QR-DQN,5,6684672.0,156.0
SpaceInvaders-MinAtar,QTD/QR-DQN,5,6815744.0,156.0
SpaceInvaders-MinAtar,QTD/QR-DQN,5,6946816.0,156.0
SpaceInvaders-MinAtar,QTD/QR-DQN,5,7077888.0,150.0
SpaceInvaders-MinAtar,QTD/QR-DQN,5,7208960.0,150.0
SpaceInvaders-MinAtar,QTD/QR-DQN,5,7340032.0,150.0
SpaceInvaders-MinAtar,QTD/QR-DQN,5,7471104.0,150.0
SpaceInvaders-MinAtar,QTD/QR-DQN,5,7602176.0,147.0
SpaceInvaders-MinAtar,QTD/QR-DQN,5,7733248.0,147.0
SpaceInvaders-MinAtar,QTD/QR-DQN,5,7864320.0,147.0
SpaceInvaders-MinAtar,QTD/QR-DQN,5,7995392.0,153.0
SpaceInvaders-MinAtar,QTD/QR-DQN,5,8126464.0,153.0
SpaceInvaders-MinAtar,QTD/QR-DQN,5,8257536.0,153.0
SpaceInvaders-MinAtar,QTD/QR-DQN,5,8388608.0,153.0
SpaceInvaders-MinAtar,QTD/QR-DQN,5,8519680.0,149.0
SpaceInvaders-MinAtar,QTD/QR-DQN,5,8650752.0,149.0
SpaceInvaders-MinAtar,QTD/QR-DQN,5,8781824.0,149.0
SpaceInvaders-MinAtar,QTD/QR-DQN,5,8912896.0,149.0
SpaceInvaders-MinAtar,QTD/QR-DQN,5,9043968.0,147.0
SpaceInvaders-MinAtar,QTD/QR-DQN,5,9175040.0,147.0
SpaceInvaders-MinAtar,QTD/QR-DQN,5,9306112.0,147.0
SpaceInvaders-MinAtar,QTD/QR-DQN,5,9437184.0,147.0
SpaceInvaders-MinAtar,QTD/QR-DQN,5,9568256.0,151.0
SpaceInvaders-MinAtar,QTD/QR-DQN,5,9699328.0,151.0
SpaceInvaders-MinAtar,QTD/QR-DQN,5,9830400.0,151.0
SpaceInvaders-MinAtar,QTD/QR-DQN,5,9961472.0,151.0
